<?xml version="1.0"?>
<opencv_storage>
<stage6>
  <maxWeakCount>66</maxWeakCount>
  <stageThreshold>-1.1960833072662354e+00</stageThreshold>
  <weakClassifiers>
    <_>
      <internalNodes>
        0 -1 2399 1.1864770948886871e-01</internalNodes>
      <leafValues>
        -3.3378746360540390e-02 6.4224135875701904e-01</leafValues></_>
    <_>
      <internalNodes>
        0 -1 7497 -1.3118486851453781e-02</internalNodes>
      <leafValues>
        2.1517671644687653e-01 -1.9317600131034851e-01</leafValues></_>
    <_>
      <internalNodes>
        0 -1 52042 -1.6613140702247620e-02</internalNodes>
      <leafValues>
        -6.3184893131256104e-01 2.6795011013746262e-02</leafValues></_>
    <_>
      <internalNodes>
        0 -1 53673 1.6360819572582841e-03</internalNodes>
      <leafValues>
        9.4094850122928619e-02 -4.0683099627494812e-01</leafValues></_>
    <_>
      <internalNodes>
        0 -1 52723 -4.6080820262432098e-02</internalNodes>
      <leafValues>
        -5.9804189205169678e-01 5.9097442775964737e-02</leafValues></_>
    <_>
      <internalNodes>
        0 -1 6119 -3.5978048108518124e-03</internalNodes>
      <leafValues>
        -4.6428820490837097e-01 5.2664007991552353e-02</leafValues></_>
    <_>
      <internalNodes>
        0 -1 41441 -6.7713530734181404e-04</internalNodes>
      <leafValues>
        1.9476783275604248e-01 -1.4640904963016510e-01</leafValues></_>
    <_>
      <internalNodes>
        0 -1 51922 -1.5117070078849792e-01</internalNodes>
      <leafValues>
        7.4047178030014038e-01 -4.7598648816347122e-02</leafValues></_>
    <_>
      <internalNodes>
        0 -1 49791 5.5938842706382275e-04</internalNodes>
      <leafValues>
        -1.5240189433097839e-01 1.9243460893630981e-01</leafValues></_>
    <_>
      <internalNodes>
        0 -1 27894 -3.8410350680351257e-02</internalNodes>
      <leafValues>
        4.2148190736770630e-01 -6.2604621052742004e-02</leafValues></_>
    <_>
      <internalNodes>
        0 -1 40910 -9.4872890040278435e-03</internalNodes>
      <leafValues>
        -3.1974264979362488e-01 9.1235361993312836e-02</leafValues></_>
    <_>
      <internalNodes>
        0 -1 44088 4.9347421154379845e-03</internalNodes>
      <leafValues>
        8.3210103213787079e-02 -3.5150089859962463e-01</leafValues></_>
    <_>
      <internalNodes>
        0 -1 73412 4.2536971159279346e-03</internalNodes>
      <leafValues>
        -1.5176998078823090e-01 1.8157462775707245e-01</leafValues></_>
    <_>
      <internalNodes>
        0 -1 73525 1.0576017666608095e-03</internalNodes>
      <leafValues>
        6.7307017743587494e-02 -4.2672199010848999e-01</leafValues></_>
    <_>
      <internalNodes>
        0 -1 34460 2.2267969325184822e-03</internalNodes>
      <leafValues>
        -1.5457856655120850e-01 1.6594642400741577e-01</leafValues></_>
    <_>
      <internalNodes>
        0 -1 4601 9.7395107150077820e-02</internalNodes>
      <leafValues>
        -3.4389063715934753e-02 5.6685030460357666e-01</leafValues></_>
    <_>
      <internalNodes>
        0 -1 4559 -8.6007956415414810e-03</internalNodes>
      <leafValues>
        2.0967960357666016e-01 -1.3754025101661682e-01</leafValues></_>
    <_>
      <internalNodes>
        0 -1 61052 4.5133619569242001e-03</internalNodes>
      <leafValues>
        8.8043175637722015e-02 -3.0141082406044006e-01</leafValues></_>
    <_>
      <internalNodes>
        0 -1 36506 -7.4854642152786255e-02</internalNodes>
      <leafValues>
        2.4432694911956787e-01 -1.0134554654359818e-01</leafValues></_>
    <_>
      <internalNodes>
        0 -1 72019 -3.3951781690120697e-02</internalNodes>
      <leafValues>
        -4.5594757795333862e-01 5.7619389146566391e-02</leafValues></_>
    <_>
      <internalNodes>
        0 -1 37204 1.8181037902832031e-01</internalNodes>
      <leafValues>
        1.9423924386501312e-02 -1.</leafValues></_>
    <_>
      <internalNodes>
        0 -1 6126 -1.8864220008254051e-02</internalNodes>
      <leafValues>
        -4.5664426684379578e-01 4.8837237060070038e-02</leafValues></_>
    <_>
      <internalNodes>
        0 -1 27073 -4.0507171070203185e-04</internalNodes>
      <leafValues>
        1.3971982896327972e-01 -1.7164458334445953e-01</leafValues></_>
    <_>
      <internalNodes>
        0 -1 55020 -2.8730272315442562e-03</internalNodes>
      <leafValues>
        -3.7000384926795959e-01 6.0886222869157791e-02</leafValues></_>
    <_>
      <internalNodes>
        0 -1 53254 4.6478249132633209e-02</internalNodes>
      <leafValues>
        -4.1270729154348373e-02 5.8825081586837769e-01</leafValues></_>
    <_>
      <internalNodes>
        0 -1 70284 -1.6820037737488747e-02</internalNodes>
      <leafValues>
        -5.7856750488281250e-01 4.3019726872444153e-02</leafValues></_>
    <_>
      <internalNodes>
        0 -1 77348 -1.7137546092271805e-02</internalNodes>
      <leafValues>
        -4.3671545386314392e-01 4.8416886478662491e-02</leafValues></_>
    <_>
      <internalNodes>
        0 -1 5690 -1.8467620975570753e-05</internalNodes>
      <leafValues>
        1.4949613809585571e-01 -1.6939863562583923e-01</leafValues></_>
    <_>
      <internalNodes>
        0 -1 23826 -9.7313113510608673e-02</internalNodes>
      <leafValues>
        4.9802586436271667e-01 -4.6210620552301407e-02</leafValues></_>
    <_>
      <internalNodes>
        0 -1 54280 -2.8739739209413528e-02</internalNodes>
      <leafValues>
        3.1015908718109131e-01 -7.5840383768081665e-02</leafValues></_>
    <_>
      <internalNodes>
        0 -1 77531 -5.6148730218410492e-03</internalNodes>
      <leafValues>
        -4.2988207936286926e-01 6.0019578784704208e-02</leafValues></_>
    <_>
      <internalNodes>
        0 -1 48746 -4.5491682249121368e-04</internalNodes>
      <leafValues>
        -2.7301055192947388e-01 8.4688343107700348e-02</leafValues></_>
    <_>
      <internalNodes>
        0 -1 453 -4.4148650020360947e-02</internalNodes>
      <leafValues>
        2.8869083523750305e-01 -7.9180128872394562e-02</leafValues></_>
    <_>
      <internalNodes>
        0 -1 65935 -1.6044672578573227e-02</internalNodes>
      <leafValues>
        2.8462484478950500e-01 -1.1171405762434006e-01</leafValues></_>
    <_>
      <internalNodes>
        0 -1 48526 -8.3986909885425121e-05</internalNodes>
      <leafValues>
        1.5309354662895203e-01 -1.3824978470802307e-01</leafValues></_>
    <_>
      <internalNodes>
        0 -1 31689 -7.7260755002498627e-02</internalNodes>
      <leafValues>
        -8.8241618871688843e-01 2.5558939203619957e-02</leafValues></_>
    <_>
      <internalNodes>
        0 -1 8648 -1.3372030854225159e-01</internalNodes>
      <leafValues>
        5.9346801042556763e-01 -4.2055226862430573e-02</leafValues></_>
    <_>
      <internalNodes>
        0 -1 2338 3.1692899763584137e-02</internalNodes>
      <leafValues>
        3.7210557609796524e-02 -6.8514853715896606e-01</leafValues></_>
    <_>
      <internalNodes>
        0 -1 77665 -1.6976431943476200e-03</internalNodes>
      <leafValues>
        -3.4633818268775940e-01 5.5663883686065674e-02</leafValues></_>
    <_>
      <internalNodes>
        0 -1 20882 2.0279483578633517e-05</internalNodes>
      <leafValues>
        -1.6074384748935699e-01 1.4237561821937561e-01</leafValues></_>
    <_>
      <internalNodes>
        0 -1 5382 -1.6332644969224930e-02</internalNodes>
      <leafValues>
        -3.6270022392272949e-01 6.8226389586925507e-02</leafValues></_>
    <_>
      <internalNodes>
        0 -1 77723 9.7877101507037878e-04</internalNodes>
      <leafValues>
        6.5269872546195984e-02 -3.3753019571304321e-01</leafValues></_>
    <_>
      <internalNodes>
        0 -1 34153 -2.3052657488733530e-03</internalNodes>
      <leafValues>
        1.4887723326683044e-01 -1.5527758002281189e-01</leafValues></_>
    <_>
      <internalNodes>
        0 -1 39251 2.7839565649628639e-02</internalNodes>
      <leafValues>
        -8.2837887108325958e-02 3.3354154229164124e-01</leafValues></_>
    <_>
      <internalNodes>
        0 -1 77017 3.9028251194395125e-05</internalNodes>
      <leafValues>
        -1.3521979749202728e-01 1.5978129208087921e-01</leafValues></_>
    <_>
      <internalNodes>
        0 -1 77017 -2.0022795069962740e-05</internalNodes>
      <leafValues>
        1.7648097872734070e-01 -1.2254624068737030e-01</leafValues></_>
    <_>
      <internalNodes>
        0 -1 34056 -2.9223365709185600e-03</internalNodes>
      <leafValues>
        -3.1085360050201416e-01 6.6572301089763641e-02</leafValues></_>
    <_>
      <internalNodes>
        0 -1 78269 2.8494673315435648e-03</internalNodes>
      <leafValues>
        6.3079662621021271e-02 -3.5015687346458435e-01</leafValues></_>
    <_>
      <internalNodes>
        0 -1 68504 -2.9648812487721443e-02</internalNodes>
      <leafValues>
        3.4625527262687683e-01 -6.3405595719814301e-02</leafValues></_>
    <_>
      <internalNodes>
        0 -1 57929 -7.7915579080581665e-02</internalNodes>
      <leafValues>
        2.8607437014579773e-01 -8.2128971815109253e-02</leafValues></_>
    <_>
      <internalNodes>
        0 -1 13317 -1.9133456051349640e-02</internalNodes>
      <leafValues>
        -7.1189451217651367e-01 3.4293763339519501e-02</leafValues></_>
    <_>
      <internalNodes>
        0 -1 52644 2.4069224309641868e-04</internalNodes>
      <leafValues>
        1.0131775587797165e-01 -2.2879482805728912e-01</leafValues></_>
    <_>
      <internalNodes>
        0 -1 34178 5.7843211106956005e-04</internalNodes>
      <leafValues>
        9.1503061354160309e-02 -2.4841588735580444e-01</leafValues></_>
    <_>
      <internalNodes>
        0 -1 33642 1.7489488527644426e-05</internalNodes>
      <leafValues>
        -1.7882443964481354e-01 1.3474532961845398e-01</leafValues></_>
    <_>
      <internalNodes>
        0 -1 47965 -8.0949049443006516e-03</internalNodes>
      <leafValues>
        5.4709374904632568e-01 -4.5818794518709183e-02</leafValues></_>
    <_>
      <internalNodes>
        0 -1 77965 1.6011630650609732e-03</internalNodes>
      <leafValues>
        -1.3628369569778442e-01 1.6631391644477844e-01</leafValues></_>
    <_>
      <internalNodes>
        0 -1 75565 -1.2702208757400513e-01</internalNodes>
      <leafValues>
        6.4025861024856567e-01 -3.5891886800527573e-02</leafValues></_>
    <_>
      <internalNodes>
        0 -1 52335 -2.5301927234977484e-03</internalNodes>
      <leafValues>
        -4.2853873968124390e-01 6.0971595346927643e-02</leafValues></_>
    <_>
      <internalNodes>
        0 -1 50429 2.1105164196342230e-03</internalNodes>
      <leafValues>
        -1.0492583364248276e-01 2.2865152359008789e-01</leafValues></_>
    <_>
      <internalNodes>
        0 -1 16270 -2.6923720724880695e-03</internalNodes>
      <leafValues>
        1.9078366458415985e-01 -1.5135958790779114e-01</leafValues></_>
    <_>
      <internalNodes>
        0 -1 6547 2.6468897238373756e-02</internalNodes>
      <leafValues>
        -5.7580988854169846e-02 3.8417142629623413e-01</leafValues></_>
    <_>
      <internalNodes>
        0 -1 28462 1.0621835291385651e-01</internalNodes>
      <leafValues>
        4.8077445477247238e-02 -4.7219580411911011e-01</leafValues></_>
    <_>
      <internalNodes>
        0 -1 27544 -6.8758815526962280e-02</internalNodes>
      <leafValues>
        -4.2693370580673218e-01 4.5681376010179520e-02</leafValues></_>
    <_>
      <internalNodes>
        0 -1 21377 -6.2391711398959160e-03</internalNodes>
      <leafValues>
        1.4779949188232422e-01 -1.9607682526111603e-01</leafValues></_>
    <_>
      <internalNodes>
        0 -1 78130 2.3732087574899197e-03</internalNodes>
      <leafValues>
        6.5376318991184235e-02 -3.5775989294052124e-01</leafValues></_>
    <_>
      <internalNodes>
        0 -1 48219 -4.0673408657312393e-03</internalNodes>
      <leafValues>
        4.8678985238075256e-01 -4.9012620002031326e-02</leafValues></_></weakClassifiers></stage6>
</opencv_storage>
