<?xml version="1.0"?>
<opencv_storage>
<stage4>
  <maxWeakCount>38</maxWeakCount>
  <stageThreshold>-1.1742588281631470e+00</stageThreshold>
  <weakClassifiers>
    <_>
      <internalNodes>
        0 -1 55261 -3.5073719918727875e-02</internalNodes>
      <leafValues>
        3.7070062756538391e-01 -2.0874316990375519e-01</leafValues></_>
    <_>
      <internalNodes>
        0 -1 51839 -9.8677799105644226e-02</internalNodes>
      <leafValues>
        4.2709749937057495e-01 -1.5648315846920013e-01</leafValues></_>
    <_>
      <internalNodes>
        0 -1 21108 -2.1025192836532369e-05</internalNodes>
      <leafValues>
        2.3222453892230988e-01 -2.4015635251998901e-01</leafValues></_>
    <_>
      <internalNodes>
        0 -1 5726 1.8317264039069414e-03</internalNodes>
      <leafValues>
        8.3992786705493927e-02 -4.8143857717514038e-01</leafValues></_>
    <_>
      <internalNodes>
        0 -1 6439 5.8140177279710770e-03</internalNodes>
      <leafValues>
        1.0752074420452118e-01 -6.0524278879165649e-01</leafValues></_>
    <_>
      <internalNodes>
        0 -1 6121 4.7955932095646858e-03</internalNodes>
      <leafValues>
        7.6978087425231934e-02 -5.9394383430480957e-01</leafValues></_>
    <_>
      <internalNodes>
        0 -1 5377 3.2816156744956970e-03</internalNodes>
      <leafValues>
        1.1764851957559586e-01 -4.0957328677177429e-01</leafValues></_>
    <_>
      <internalNodes>
        0 -1 28520 7.6321026426739991e-05</internalNodes>
      <leafValues>
        -2.5182446837425232e-01 1.9188286364078522e-01</leafValues></_>
    <_>
      <internalNodes>
        0 -1 71139 2.2536389587912709e-04</internalNodes>
      <leafValues>
        -1.9538338482379913e-01 2.1840786933898926e-01</leafValues></_>
    <_>
      <internalNodes>
        0 -1 76735 2.1326097194105387e-03</internalNodes>
      <leafValues>
        1.0563062131404877e-01 -3.7682101130485535e-01</leafValues></_>
    <_>
      <internalNodes>
        0 -1 77824 2.3979991674423218e-03</internalNodes>
      <leafValues>
        9.4778716564178467e-02 -4.3240338563919067e-01</leafValues></_>
    <_>
      <internalNodes>
        0 -1 44011 4.5931644737720490e-02</internalNodes>
      <leafValues>
        -8.1478260457515717e-02 4.7635242342948914e-01</leafValues></_>
    <_>
      <internalNodes>
        0 -1 3605 -1.1801575124263763e-01</internalNodes>
      <leafValues>
        3.4532925486564636e-01 -1.4505733549594879e-01</leafValues></_>
    <_>
      <internalNodes>
        0 -1 3986 2.7900436893105507e-02</internalNodes>
      <leafValues>
        -6.5828338265419006e-02 5.1363897323608398e-01</leafValues></_>
    <_>
      <internalNodes>
        0 -1 6060 -1.8983779227710329e-05</internalNodes>
      <leafValues>
        2.1549718081951141e-01 -2.0178145170211792e-01</leafValues></_>
    <_>
      <internalNodes>
        0 -1 77286 -6.1584496870636940e-03</internalNodes>
      <leafValues>
        -5.3972679376602173e-01 5.8918140828609467e-02</leafValues></_>
    <_>
      <internalNodes>
        0 -1 19995 2.3154270820668899e-05</internalNodes>
      <leafValues>
        -1.8801203370094299e-01 2.0042660832405090e-01</leafValues></_>
    <_>
      <internalNodes>
        0 -1 62734 -1.2534430716186762e-03</internalNodes>
      <leafValues>
        -3.3797478675842285e-01 1.1335024237632751e-01</leafValues></_>
    <_>
      <internalNodes>
        0 -1 1741 7.7392473816871643e-02</internalNodes>
      <leafValues>
        -7.9208374023437500e-02 5.1731425523757935e-01</leafValues></_>
    <_>
      <internalNodes>
        0 -1 77498 1.9950375644839369e-05</internalNodes>
      <leafValues>
        -2.0384778082370758e-01 1.8143883347511292e-01</leafValues></_>
    <_>
      <internalNodes>
        0 -1 6915 -8.0836220877245069e-04</internalNodes>
      <leafValues>
        -3.5120674967765808e-01 9.3653641641139984e-02</leafValues></_>
    <_>
      <internalNodes>
        0 -1 56050 8.6206477135419846e-04</internalNodes>
      <leafValues>
        1.1591807752847672e-01 -2.6610970497131348e-01</leafValues></_>
    <_>
      <internalNodes>
        0 -1 4398 7.0673115551471710e-03</internalNodes>
      <leafValues>
        -5.4018557071685791e-02 5.9656465053558350e-01</leafValues></_>
    <_>
      <internalNodes>
        0 -1 38078 -8.3284802734851837e-02</internalNodes>
      <leafValues>
        3.4302327036857605e-01 -9.0248383581638336e-02</leafValues></_>
    <_>
      <internalNodes>
        0 -1 72506 -9.1410794993862510e-04</internalNodes>
      <leafValues>
        1.7709772288799286e-01 -1.9061966240406036e-01</leafValues></_>
    <_>
      <internalNodes>
        0 -1 45916 1.0002589970827103e-01</internalNodes>
      <leafValues>
        -6.5780684351921082e-02 5.2832752466201782e-01</leafValues></_>
    <_>
      <internalNodes>
        0 -1 74057 -1.8384721130132675e-02</internalNodes>
      <leafValues>
        4.1033053398132324e-01 -7.6902650296688080e-02</leafValues></_>
    <_>
      <internalNodes>
        0 -1 62555 -1.2757058255374432e-02</internalNodes>
      <leafValues>
        2.5775787234306335e-01 -1.2941975891590118e-01</leafValues></_>
    <_>
      <internalNodes>
        0 -1 72927 7.5340745970606804e-03</internalNodes>
      <leafValues>
        6.6260948777198792e-02 -5.3217190504074097e-01</leafValues></_>
    <_>
      <internalNodes>
        0 -1 58532 7.6246215030550957e-05</internalNodes>
      <leafValues>
        -2.0375047624111176e-01 1.6290241479873657e-01</leafValues></_>
    <_>
      <internalNodes>
        0 -1 56354 -6.1297637876123190e-04</internalNodes>
      <leafValues>
        -3.6040160059928894e-01 9.8116606473922729e-02</leafValues></_>
    <_>
      <internalNodes>
        0 -1 52051 1.5774872153997421e-02</internalNodes>
      <leafValues>
        -7.9630367457866669e-02 4.0608265995979309e-01</leafValues></_>
    <_>
      <internalNodes>
        0 -1 740 -2.9133254429325461e-04</internalNodes>
      <leafValues>
        -2.8593590855598450e-01 1.0599488019943237e-01</leafValues></_>
    <_>
      <internalNodes>
        0 -1 78413 -1.5613632276654243e-03</internalNodes>
      <leafValues>
        -4.2539018392562866e-01 6.8894296884536743e-02</leafValues></_>
    <_>
      <internalNodes>
        0 -1 6677 -4.5300817873794585e-05</internalNodes>
      <leafValues>
        1.7148484289646149e-01 -1.8336014449596405e-01</leafValues></_>
    <_>
      <internalNodes>
        0 -1 6081 3.6756400950253010e-03</internalNodes>
      <leafValues>
        -1.0906124114990234e-01 4.0360337495803833e-01</leafValues></_>
    <_>
      <internalNodes>
        0 -1 5823 5.9969471767544746e-03</internalNodes>
      <leafValues>
        6.6142290830612183e-02 -5.1195335388183594e-01</leafValues></_>
    <_>
      <internalNodes>
        0 -1 47402 -2.0275693386793137e-02</internalNodes>
      <leafValues>
        3.2243275642395020e-01 -9.1812461614608765e-02</leafValues></_></weakClassifiers></stage4>
</opencv_storage>
