<?xml version="1.0"?>
<opencv_storage>
<stage7>
  <maxWeakCount>48</maxWeakCount>
  <stageThreshold>-1.2501692771911621e+00</stageThreshold>
  <weakClassifiers>
    <_>
      <internalNodes>
        0 -1 53549 2.2684104740619659e-02</internalNodes>
      <leafValues>
        -6.2228653579950333e-02 5.8490568399429321e-01</leafValues></_>
    <_>
      <internalNodes>
        0 -1 42460 1.4918450266122818e-02</internalNodes>
      <leafValues>
        -7.1396738290786743e-02 5.9764158725738525e-01</leafValues></_>
    <_>
      <internalNodes>
        0 -1 42039 -5.0344813615083694e-02</internalNodes>
      <leafValues>
        6.5665936470031738e-01 -7.6553285121917725e-02</leafValues></_>
    <_>
      <internalNodes>
        0 -1 44657 4.3236231431365013e-04</internalNodes>
      <leafValues>
        1.2541347742080688e-01 -3.6965140700340271e-01</leafValues></_>
    <_>
      <internalNodes>
        0 -1 20866 7.2689846158027649e-02</internalNodes>
      <leafValues>
        -8.2581534981727600e-02 6.2513810396194458e-01</leafValues></_>
    <_>
      <internalNodes>
        0 -1 71197 -6.0888874577358365e-04</internalNodes>
      <leafValues>
        -3.4902876615524292e-01 1.3598325848579407e-01</leafValues></_>
    <_>
      <internalNodes>
        0 -1 71192 6.2502140644937754e-04</internalNodes>
      <leafValues>
        1.4658612012863159e-01 -3.2914271950721741e-01</leafValues></_>
    <_>
      <internalNodes>
        0 -1 44657 -3.0061250436119735e-04</internalNodes>
      <leafValues>
        -2.8330063819885254e-01 1.5757015347480774e-01</leafValues></_>
    <_>
      <internalNodes>
        0 -1 50001 -2.9979157261550426e-03</internalNodes>
      <leafValues>
        1.2994337081909180e-01 -3.8909721374511719e-01</leafValues></_>
    <_>
      <internalNodes>
        0 -1 14093 -5.2195060998201370e-02</internalNodes>
      <leafValues>
        4.0739792585372925e-01 -1.1670245975255966e-01</leafValues></_>
    <_>
      <internalNodes>
        0 -1 14465 1.1291229166090488e-02</internalNodes>
      <leafValues>
        -9.2797584831714630e-02 4.8384651541709900e-01</leafValues></_>
    <_>
      <internalNodes>
        0 -1 54612 3.1719706021249294e-04</internalNodes>
      <leafValues>
        1.5582200884819031e-01 -3.2344618439674377e-01</leafValues></_>
    <_>
      <internalNodes>
        0 -1 42397 3.3897042274475098e-02</internalNodes>
      <leafValues>
        -1.1502996087074280e-01 4.7648230195045471e-01</leafValues></_>
    <_>
      <internalNodes>
        0 -1 57783 5.5066845379769802e-04</internalNodes>
      <leafValues>
        1.3194724917411804e-01 -3.4322449564933777e-01</leafValues></_>
    <_>
      <internalNodes>
        0 -1 54013 -1.0910058394074440e-02</internalNodes>
      <leafValues>
        4.3059134483337402e-01 -1.0767382383346558e-01</leafValues></_>
    <_>
      <internalNodes>
        0 -1 65742 -6.4328382723033428e-04</internalNodes>
      <leafValues>
        -3.3402404189109802e-01 1.2602634727954865e-01</leafValues></_>
    <_>
      <internalNodes>
        0 -1 51645 -4.2345062829554081e-03</internalNodes>
      <leafValues>
        -4.8447689414024353e-01 7.6585151255130768e-02</leafValues></_>
    <_>
      <internalNodes>
        0 -1 48668 1.2520497664809227e-02</internalNodes>
      <leafValues>
        -6.8126142024993896e-02 5.4510265588760376e-01</leafValues></_>
    <_>
      <internalNodes>
        0 -1 6062 -7.9296762123703957e-04</internalNodes>
      <leafValues>
        2.6886686682701111e-01 -1.2076187133789062e-01</leafValues></_>
    <_>
      <internalNodes>
        0 -1 21736 3.6188913509249687e-04</internalNodes>
      <leafValues>
        1.0531592369079590e-01 -3.2149130105972290e-01</leafValues></_>
    <_>
      <internalNodes>
        0 -1 14270 -5.7703688740730286e-02</internalNodes>
      <leafValues>
        5.7924002408981323e-01 -5.4780416190624237e-02</leafValues></_>
    <_>
      <internalNodes>
        0 -1 4611 -2.6471376419067383e-02</internalNodes>
      <leafValues>
        2.3762694001197815e-01 -1.5421412885189056e-01</leafValues></_>
    <_>
      <internalNodes>
        0 -1 62529 2.9678925871849060e-02</internalNodes>
      <leafValues>
        7.5545184314250946e-02 -4.4208469986915588e-01</leafValues></_>
    <_>
      <internalNodes>
        0 -1 45951 -4.3290741741657257e-02</internalNodes>
      <leafValues>
        6.3279139995574951e-01 -5.3064253181219101e-02</leafValues></_>
    <_>
      <internalNodes>
        0 -1 54579 -1.2383859138935804e-03</internalNodes>
      <leafValues>
        -3.1254512071609497e-01 1.0951279848814011e-01</leafValues></_>
    <_>
      <internalNodes>
        0 -1 78353 -1.3696313835680485e-02</internalNodes>
      <leafValues>
        -4.1342595219612122e-01 7.8820139169692993e-02</leafValues></_>
    <_>
      <internalNodes>
        0 -1 8311 1.9910590350627899e-01</internalNodes>
      <leafValues>
        4.5460570603609085e-02 -5.7388651371002197e-01</leafValues></_>
    <_>
      <internalNodes>
        0 -1 75319 -1.3159795198589563e-03</internalNodes>
      <leafValues>
        -3.2731035351753235e-01 9.5207594335079193e-02</leafValues></_>
    <_>
      <internalNodes>
        0 -1 34456 -5.1037278026342392e-03</internalNodes>
      <leafValues>
        -2.6100954413414001e-01 1.2099203467369080e-01</leafValues></_>
    <_>
      <internalNodes>
        0 -1 8203 -7.0764091797173023e-03</internalNodes>
      <leafValues>
        2.9902195930480957e-01 -9.9593274295330048e-02</leafValues></_>
    <_>
      <internalNodes>
        0 -1 51630 9.5692026661708951e-04</internalNodes>
      <leafValues>
        8.3634413778781891e-02 -3.3432722091674805e-01</leafValues></_>
    <_>
      <internalNodes>
        0 -1 606 -3.4556871652603149e-01</internalNodes>
      <leafValues>
        -8.1209444999694824e-01 2.8866641223430634e-02</leafValues></_>
    <_>
      <internalNodes>
        0 -1 15318 8.3574615418910980e-03</internalNodes>
      <leafValues>
        -1.0537199676036835e-01 3.0853217840194702e-01</leafValues></_>
    <_>
      <internalNodes>
        0 -1 72032 7.9225178342312574e-04</internalNodes>
      <leafValues>
        -9.5126636326313019e-02 2.7502495050430298e-01</leafValues></_>
    <_>
      <internalNodes>
        0 -1 51126 5.2841431461274624e-03</internalNodes>
      <leafValues>
        -9.7176305949687958e-02 2.6907733082771301e-01</leafValues></_>
    <_>
      <internalNodes>
        0 -1 1 -8.9450913947075605e-04</internalNodes>
      <leafValues>
        -3.3760783076286316e-01 8.2116916775703430e-02</leafValues></_>
    <_>
      <internalNodes>
        0 -1 1 4.3135840678587556e-04</internalNodes>
      <leafValues>
        1.1977975815534592e-01 -2.7556252479553223e-01</leafValues></_>
    <_>
      <internalNodes>
        0 -1 49506 -3.2485644333064556e-03</internalNodes>
      <leafValues>
        2.1544356644153595e-01 -1.3774372637271881e-01</leafValues></_>
    <_>
      <internalNodes>
        0 -1 49860 1.1377314804121852e-03</internalNodes>
      <leafValues>
        8.1516526639461517e-02 -3.5782927274703979e-01</leafValues></_>
    <_>
      <internalNodes>
        0 -1 39296 4.1773412376642227e-03</internalNodes>
      <leafValues>
        -1.0918063670396805e-01 2.6927444338798523e-01</leafValues></_>
    <_>
      <internalNodes>
        0 -1 75194 1.3085628161206841e-03</internalNodes>
      <leafValues>
        -1.4215146005153656e-01 2.1607302129268646e-01</leafValues></_>
    <_>
      <internalNodes>
        0 -1 52520 3.5422015935182571e-02</internalNodes>
      <leafValues>
        -5.7289503514766693e-02 4.7290930151939392e-01</leafValues></_>
    <_>
      <internalNodes>
        0 -1 37747 -1.7883434891700745e-02</internalNodes>
      <leafValues>
        4.3326467275619507e-01 -6.1780918389558792e-02</leafValues></_>
    <_>
      <internalNodes>
        0 -1 55377 9.8823441658169031e-04</internalNodes>
      <leafValues>
        1.0356863588094711e-01 -2.7058207988739014e-01</leafValues></_>
    <_>
      <internalNodes>
        0 -1 31551 -8.6916955187916756e-03</internalNodes>
      <leafValues>
        2.8581529855728149e-01 -8.6647853255271912e-02</leafValues></_>
    <_>
      <internalNodes>
        0 -1 77439 -2.9084002599120140e-03</internalNodes>
      <leafValues>
        -5.0029063224792480e-01 5.0287876278162003e-02</leafValues></_>
    <_>
      <internalNodes>
        0 -1 74827 4.0108384564518929e-03</internalNodes>
      <leafValues>
        7.1999639272689819e-02 -3.3432948589324951e-01</leafValues></_>
    <_>
      <internalNodes>
        0 -1 61476 4.7595379874110222e-03</internalNodes>
      <leafValues>
        -6.1892047524452209e-02 4.1309499740600586e-01</leafValues></_></weakClassifiers></stage7>
</opencv_storage>
