<?xml version="1.0"?>
<opencv_storage>
<stage2>
  <maxWeakCount>41</maxWeakCount>
  <stageThreshold>-1.2317327260971069e+00</stageThreshold>
  <weakClassifiers>
    <_>
      <internalNodes>
        0 -1 9297 1.1809726059436798e-01</internalNodes>
      <leafValues>
        -1.4805194735527039e-01 4.9724769592285156e-01</leafValues></_>
    <_>
      <internalNodes>
        0 -1 72906 3.5349871963262558e-02</internalNodes>
      <leafValues>
        -1.3090220093727112e-01 3.9648944139480591e-01</leafValues></_>
    <_>
      <internalNodes>
        0 -1 1069 -7.6683789491653442e-02</internalNodes>
      <leafValues>
        5.0919210910797119e-01 -1.2916047871112823e-01</leafValues></_>
    <_>
      <internalNodes>
        0 -1 50244 1.2295289337635040e-01</internalNodes>
      <leafValues>
        -5.2027046680450439e-02 6.4167439937591553e-01</leafValues></_>
    <_>
      <internalNodes>
        0 -1 62558 -3.3353637903928757e-02</internalNodes>
      <leafValues>
        2.9292851686477661e-01 -1.5652228891849518e-01</leafValues></_>
    <_>
      <internalNodes>
        0 -1 32906 -1.0290283709764481e-01</internalNodes>
      <leafValues>
        4.2723995447158813e-01 -1.2218827754259109e-01</leafValues></_>
    <_>
      <internalNodes>
        0 -1 49640 -1.8823411315679550e-02</internalNodes>
      <leafValues>
        3.5325539112091064e-01 -1.0925941169261932e-01</leafValues></_>
    <_>
      <internalNodes>
        0 -1 11365 -2.5122949853539467e-02</internalNodes>
      <leafValues>
        3.7301102280616760e-01 -1.0959200561046600e-01</leafValues></_>
    <_>
      <internalNodes>
        0 -1 7622 3.1094072619453073e-04</internalNodes>
      <leafValues>
        1.4780837297439575e-01 -2.7797782421112061e-01</leafValues></_>
    <_>
      <internalNodes>
        0 -1 0 -5.3933693561702967e-04</internalNodes>
      <leafValues>
        -4.1447201371192932e-01 1.0921244323253632e-01</leafValues></_>
    <_>
      <internalNodes>
        0 -1 18364 -4.5946594327688217e-03</internalNodes>
      <leafValues>
        3.0630239844322205e-01 -1.2553133070468903e-01</leafValues></_>
    <_>
      <internalNodes>
        0 -1 49663 2.9381978674791753e-04</internalNodes>
      <leafValues>
        1.3573014736175537e-01 -2.9496240615844727e-01</leafValues></_>
    <_>
      <internalNodes>
        0 -1 49185 -4.7791725955903530e-04</internalNodes>
      <leafValues>
        -3.2944339513778687e-01 1.0643950849771500e-01</leafValues></_>
    <_>
      <internalNodes>
        0 -1 44104 -2.2493947297334671e-02</internalNodes>
      <leafValues>
        5.6186777353286743e-01 -7.5888805091381073e-02</leafValues></_>
    <_>
      <internalNodes>
        0 -1 11209 -5.7588808238506317e-02</internalNodes>
      <leafValues>
        2.3940317332744598e-01 -1.9935160875320435e-01</leafValues></_>
    <_>
      <internalNodes>
        0 -1 72331 1.7453122884035110e-02</internalNodes>
      <leafValues>
        -1.4634360373020172e-01 2.5908175110816956e-01</leafValues></_>
    <_>
      <internalNodes>
        0 -1 78403 -1.7763441428542137e-03</internalNodes>
      <leafValues>
        -4.8263096809387207e-01 7.9408369958400726e-02</leafValues></_>
    <_>
      <internalNodes>
        0 -1 72975 -2.9951098840683699e-03</internalNodes>
      <leafValues>
        2.2141402959823608e-01 -1.6636465489864349e-01</leafValues></_>
    <_>
      <internalNodes>
        0 -1 78096 1.9489570986479521e-03</internalNodes>
      <leafValues>
        8.8395908474922180e-02 -3.8730370998382568e-01</leafValues></_>
    <_>
      <internalNodes>
        0 -1 48103 5.5989410728216171e-02</internalNodes>
      <leafValues>
        -7.4830971658229828e-02 4.6982797980308533e-01</leafValues></_>
    <_>
      <internalNodes>
        0 -1 50724 4.6818181872367859e-02</internalNodes>
      <leafValues>
        -1.0872044414281845e-01 3.4246891736984253e-01</leafValues></_>
    <_>
      <internalNodes>
        0 -1 46347 -1.1606505140662193e-02</internalNodes>
      <leafValues>
        2.6005747914314270e-01 -1.4101390540599823e-01</leafValues></_>
    <_>
      <internalNodes>
        0 -1 2 3.3887402969412506e-04</internalNodes>
      <leafValues>
        1.3008356094360352e-01 -2.6769429445266724e-01</leafValues></_>
    <_>
      <internalNodes>
        0 -1 27837 -1.4099681284278631e-03</internalNodes>
      <leafValues>
        1.6367486119270325e-01 -2.1712356805801392e-01</leafValues></_>
    <_>
      <internalNodes>
        0 -1 723 -8.0782496929168701e-01</internalNodes>
      <leafValues>
        -9.3891388177871704e-01 3.1581755727529526e-02</leafValues></_>
    <_>
      <internalNodes>
        0 -1 62317 5.4903374984860420e-04</internalNodes>
      <leafValues>
        1.0259122401475906e-01 -3.2539105415344238e-01</leafValues></_>
    <_>
      <internalNodes>
        0 -1 58506 8.2678231410682201e-04</internalNodes>
      <leafValues>
        1.0178818553686142e-01 -3.8282841444015503e-01</leafValues></_>
    <_>
      <internalNodes>
        0 -1 49192 7.0995499845594168e-04</internalNodes>
      <leafValues>
        1.1538571864366531e-01 -2.7980190515518188e-01</leafValues></_>
    <_>
      <internalNodes>
        0 -1 49369 -3.0787845025770366e-04</internalNodes>
      <leafValues>
        -2.8325453400611877e-01 1.3165228068828583e-01</leafValues></_>
    <_>
      <internalNodes>
        0 -1 1343 2.5144693255424500e-01</internalNodes>
      <leafValues>
        5.6274715811014175e-02 -6.2341350317001343e-01</leafValues></_>
    <_>
      <internalNodes>
        0 -1 20960 -1.7119996249675751e-02</internalNodes>
      <leafValues>
        2.7640077471733093e-01 -1.2284266948699951e-01</leafValues></_>
    <_>
      <internalNodes>
        0 -1 53289 -1.0157961398363113e-02</internalNodes>
      <leafValues>
        2.2877566516399384e-01 -1.5811651945114136e-01</leafValues></_>
    <_>
      <internalNodes>
        0 -1 56367 -2.1063815802335739e-02</internalNodes>
      <leafValues>
        6.2738281488418579e-01 -5.8016106486320496e-02</leafValues></_>
    <_>
      <internalNodes>
        0 -1 4488 -1.7332056537270546e-02</internalNodes>
      <leafValues>
        2.8635516762733459e-01 -1.2202210724353790e-01</leafValues></_>
    <_>
      <internalNodes>
        0 -1 2296 4.0600307285785675e-02</internalNodes>
      <leafValues>
        -6.7291297018527985e-02 4.8502746224403381e-01</leafValues></_>
    <_>
      <internalNodes>
        0 -1 58967 -7.4223388219252229e-04</internalNodes>
      <leafValues>
        -3.5458275675773621e-01 1.0399673134088516e-01</leafValues></_>
    <_>
      <internalNodes>
        0 -1 31449 -7.8919336199760437e-02</internalNodes>
      <leafValues>
        4.7452759742736816e-01 -7.9625301063060760e-02</leafValues></_>
    <_>
      <internalNodes>
        0 -1 53397 -6.0967773199081421e-02</internalNodes>
      <leafValues>
        5.5603140592575073e-01 -4.7753237187862396e-02</leafValues></_>
    <_>
      <internalNodes>
        0 -1 7193 8.3941966295242310e-03</internalNodes>
      <leafValues>
        -1.1649098992347717e-01 2.9643759131431580e-01</leafValues></_>
    <_>
      <internalNodes>
        0 -1 77448 -3.3159237354993820e-03</internalNodes>
      <leafValues>
        -4.3335819244384766e-01 9.4401456415653229e-02</leafValues></_>
    <_>
      <internalNodes>
        0 -1 52001 6.0822488740086555e-04</internalNodes>
      <leafValues>
        1.1779107898473740e-01 -2.6942583918571472e-01</leafValues></_></weakClassifiers></stage2>
</opencv_storage>
