<?xml version="1.0"?>
<opencv_storage>
<stage3>
  <maxWeakCount>47</maxWeakCount>
  <stageThreshold>-1.4433834552764893e+00</stageThreshold>
  <weakClassifiers>
    <_>
      <internalNodes>
        0 -1 52332 -6.2865775544196367e-04</internalNodes>
      <leafValues>
        -3.6900779604911804e-01 2.1214543282985687e-01</leafValues></_>
    <_>
      <internalNodes>
        0 -1 37375 -5.1004521548748016e-02</internalNodes>
      <leafValues>
        5.8584791421890259e-01 -1.1619536578655243e-01</leafValues></_>
    <_>
      <internalNodes>
        0 -1 55372 -6.8867637310177088e-04</internalNodes>
      <leafValues>
        -3.9059275388717651e-01 1.4768500626087189e-01</leafValues></_>
    <_>
      <internalNodes>
        0 -1 13315 -1.3055196031928062e-03</internalNodes>
      <leafValues>
        -4.0041404962539673e-01 1.0772814601659775e-01</leafValues></_>
    <_>
      <internalNodes>
        0 -1 535 2.1492587620741688e-05</internalNodes>
      <leafValues>
        -2.1311302483081818e-01 2.6432362198829651e-01</leafValues></_>
    <_>
      <internalNodes>
        0 -1 64442 -3.4556888043880463e-02</internalNodes>
      <leafValues>
        3.4183183312416077e-01 -1.4107917249202728e-01</leafValues></_>
    <_>
      <internalNodes>
        0 -1 55015 1.8581680487841368e-03</internalNodes>
      <leafValues>
        1.0043150931596756e-01 -4.5414799451828003e-01</leafValues></_>
    <_>
      <internalNodes>
        0 -1 58874 4.2689003050327301e-02</internalNodes>
      <leafValues>
        -2.5845018029212952e-01 1.9334439933300018e-01</leafValues></_>
    <_>
      <internalNodes>
        0 -1 6917 7.7088153921067715e-04</internalNodes>
      <leafValues>
        1.3636387884616852e-01 -3.2736000418663025e-01</leafValues></_>
    <_>
      <internalNodes>
        0 -1 62398 -5.2603171207010746e-04</internalNodes>
      <leafValues>
        -3.2759568095207214e-01 1.2057957053184509e-01</leafValues></_>
    <_>
      <internalNodes>
        0 -1 21169 1.0509679559618235e-03</internalNodes>
      <leafValues>
        -2.2786691784858704e-01 1.9161771237850189e-01</leafValues></_>
    <_>
      <internalNodes>
        0 -1 62371 1.2670559808611870e-03</internalNodes>
      <leafValues>
        1.3792741298675537e-01 -3.4899494051933289e-01</leafValues></_>
    <_>
      <internalNodes>
        0 -1 23327 3.3004015684127808e-02</internalNodes>
      <leafValues>
        -1.2341898679733276e-01 3.5953348875045776e-01</leafValues></_>
    <_>
      <internalNodes>
        0 -1 36909 3.7954315543174744e-02</internalNodes>
      <leafValues>
        -7.2448812425136566e-02 5.2932089567184448e-01</leafValues></_>
    <_>
      <internalNodes>
        0 -1 78130 -1.9947174005210400e-03</internalNodes>
      <leafValues>
        -3.9052510261535645e-01 1.1186210811138153e-01</leafValues></_>
    <_>
      <internalNodes>
        0 -1 9121 -1.5387091785669327e-02</internalNodes>
      <leafValues>
        2.3153725266456604e-01 -1.7303071916103363e-01</leafValues></_>
    <_>
      <internalNodes>
        0 -1 52332 6.4610654953867197e-04</internalNodes>
      <leafValues>
        1.3403743505477905e-01 -3.3773049712181091e-01</leafValues></_>
    <_>
      <internalNodes>
        0 -1 177 -4.4757500290870667e-02</internalNodes>
      <leafValues>
        2.8448900580406189e-01 -1.4588345587253571e-01</leafValues></_>
    <_>
      <internalNodes>
        0 -1 26113 -1.3055792450904846e-01</internalNodes>
      <leafValues>
        4.6433728933334351e-01 -8.1710435450077057e-02</leafValues></_>
    <_>
      <internalNodes>
        0 -1 54513 2.2338269278407097e-02</internalNodes>
      <leafValues>
        -1.2618878483772278e-01 3.1769207119941711e-01</leafValues></_>
    <_>
      <internalNodes>
        0 -1 6104 2.3448865860700607e-02</internalNodes>
      <leafValues>
        -4.7753307968378067e-02 7.4686646461486816e-01</leafValues></_>
    <_>
      <internalNodes>
        0 -1 53447 1.3073794543743134e-03</internalNodes>
      <leafValues>
        1.0844178497791290e-01 -3.6757311224937439e-01</leafValues></_>
    <_>
      <internalNodes>
        0 -1 69542 -6.7869067192077637e-02</internalNodes>
      <leafValues>
        4.5260646939277649e-01 -9.2053465545177460e-02</leafValues></_>
    <_>
      <internalNodes>
        0 -1 9274 -1.0662686079740524e-02</internalNodes>
      <leafValues>
        2.8791356086730957e-01 -1.3903136551380157e-01</leafValues></_>
    <_>
      <internalNodes>
        0 -1 53866 -6.6573568619787693e-04</internalNodes>
      <leafValues>
        -3.8829430937767029e-01 1.0906959325075150e-01</leafValues></_>
    <_>
      <internalNodes>
        0 -1 38299 -8.2091644406318665e-02</internalNodes>
      <leafValues>
        3.1943893432617188e-01 -1.2865298986434937e-01</leafValues></_>
    <_>
      <internalNodes>
        0 -1 49754 -4.2687825858592987e-02</internalNodes>
      <leafValues>
        6.0884064435958862e-01 -6.2901563942432404e-02</leafValues></_>
    <_>
      <internalNodes>
        0 -1 19166 -7.5655840337276459e-02</internalNodes>
      <leafValues>
        5.2014756202697754e-01 -6.2996499240398407e-02</leafValues></_>
    <_>
      <internalNodes>
        0 -1 58595 8.6620252113789320e-04</internalNodes>
      <leafValues>
        8.8422663509845734e-02 -3.8298296928405762e-01</leafValues></_>
    <_>
      <internalNodes>
        0 -1 68507 2.2067790850996971e-03</internalNodes>
      <leafValues>
        -1.8775883316993713e-01 1.9424490630626678e-01</leafValues></_>
    <_>
      <internalNodes>
        0 -1 78129 2.6854542084038258e-03</internalNodes>
      <leafValues>
        6.6422089934349060e-02 -5.3533124923706055e-01</leafValues></_>
    <_>
      <internalNodes>
        0 -1 71314 -1.6999404877424240e-02</internalNodes>
      <leafValues>
        2.5087156891822815e-01 -1.5258900821208954e-01</leafValues></_>
    <_>
      <internalNodes>
        0 -1 2868 -1.0375399142503738e-02</internalNodes>
      <leafValues>
        1.9648528099060059e-01 -1.9276063144207001e-01</leafValues></_>
    <_>
      <internalNodes>
        0 -1 78296 -7.2283367626368999e-04</internalNodes>
      <leafValues>
        -3.6129370331764221e-01 1.0959000140428543e-01</leafValues></_>
    <_>
      <internalNodes>
        0 -1 73527 -4.4601919944398105e-04</internalNodes>
      <leafValues>
        -2.8435567021369934e-01 1.1773204803466797e-01</leafValues></_>
    <_>
      <internalNodes>
        0 -1 47538 -3.5918936133384705e-02</internalNodes>
      <leafValues>
        3.7576979398727417e-01 -9.8101608455181122e-02</leafValues></_>
    <_>
      <internalNodes>
        0 -1 6516 -7.8780520707368851e-03</internalNodes>
      <leafValues>
        2.3540416359901428e-01 -1.5043179690837860e-01</leafValues></_>
    <_>
      <internalNodes>
        0 -1 44289 -3.2914197072386742e-04</internalNodes>
      <leafValues>
        -2.9429954290390015e-01 1.2043634802103043e-01</leafValues></_>
    <_>
      <internalNodes>
        0 -1 73525 4.5972684165462852e-04</internalNodes>
      <leafValues>
        1.0241337120532990e-01 -3.4341698884963989e-01</leafValues></_>
    <_>
      <internalNodes>
        0 -1 30638 4.1980698704719543e-02</internalNodes>
      <leafValues>
        -9.6853055059909821e-02 4.0215191245079041e-01</leafValues></_>
    <_>
      <internalNodes>
        0 -1 6919 -1.9786333723459393e-05</internalNodes>
      <leafValues>
        1.8804094195365906e-01 -1.8731153011322021e-01</leafValues></_>
    <_>
      <internalNodes>
        0 -1 5973 2.5123575329780579e-01</internalNodes>
      <leafValues>
        4.0002033114433289e-02 -8.2924640178680420e-01</leafValues></_>
    <_>
      <internalNodes>
        0 -1 76105 -5.0038484914693981e-05</internalNodes>
      <leafValues>
        1.6753844916820526e-01 -2.0579373836517334e-01</leafValues></_>
    <_>
      <internalNodes>
        0 -1 691 -6.7299705743789673e-01</internalNodes>
      <leafValues>
        -6.7384630441665649e-01 5.3314942866563797e-02</leafValues></_>
    <_>
      <internalNodes>
        0 -1 7605 -7.3603424243628979e-04</internalNodes>
      <leafValues>
        -3.3509770035743713e-01 9.9200747907161713e-02</leafValues></_>
    <_>
      <internalNodes>
        0 -1 55007 1.2290814518928528e-01</internalNodes>
      <leafValues>
        8.6272351443767548e-02 -4.1713944077491760e-01</leafValues></_>
    <_>
      <internalNodes>
        0 -1 46963 -2.6503499597311020e-02</internalNodes>
      <leafValues>
        -4.6477061510086060e-01 6.5275602042675018e-02</leafValues></_></weakClassifiers></stage3>
</opencv_storage>
