<?xml version="1.0"?>
<opencv_storage>
<stage9>
  <maxWeakCount>74</maxWeakCount>
  <stageThreshold>-1.1528097391128540e+00</stageThreshold>
  <weakClassifiers>
    <_>
      <internalNodes>
        0 -1 65434 -2.1747862774645910e-05</internalNodes>
      <leafValues>
        2.5869703292846680e-01 -1.1489829421043396e-01</leafValues></_>
    <_>
      <internalNodes>
        0 -1 63198 -5.2815001457929611e-02</internalNodes>
      <leafValues>
        2.6668041944503784e-01 -1.1852871626615524e-01</leafValues></_>
    <_>
      <internalNodes>
        0 -1 1274 -2.9849404096603394e-01</internalNodes>
      <leafValues>
        -5.8547604084014893e-01 5.4831963032484055e-02</leafValues></_>
    <_>
      <internalNodes>
        0 -1 59550 -1.3662179931998253e-02</internalNodes>
      <leafValues>
        1.7288240790367126e-01 -2.0915082097053528e-01</leafValues></_>
    <_>
      <internalNodes>
        0 -1 1 2.0279483578633517e-05</internalNodes>
      <leafValues>
        -2.1306131780147552e-01 1.4405749738216400e-01</leafValues></_>
    <_>
      <internalNodes>
        0 -1 14602 -1.8983779227710329e-05</internalNodes>
      <leafValues>
        1.9129660725593567e-01 -1.3955993950366974e-01</leafValues></_>
    <_>
      <internalNodes>
        0 -1 5325 -7.4678403325378895e-03</internalNodes>
      <leafValues>
        4.0847545862197876e-01 -4.7751646488904953e-02</leafValues></_>
    <_>
      <internalNodes>
        0 -1 5692 2.4361030664294958e-03</internalNodes>
      <leafValues>
        -6.6098988056182861e-02 4.5503970980644226e-01</leafValues></_>
    <_>
      <internalNodes>
        0 -1 13305 1.7489488527644426e-05</internalNodes>
      <leafValues>
        -1.6247728466987610e-01 1.6794389486312866e-01</leafValues></_>
    <_>
      <internalNodes>
        0 -1 13305 8.2212639972567558e-04</internalNodes>
      <leafValues>
        7.4549473822116852e-02 -3.2267859578132629e-01</leafValues></_>
    <_>
      <internalNodes>
        0 -1 72688 -3.1475303694605827e-03</internalNodes>
      <leafValues>
        4.1546168923377991e-01 -6.2745615839958191e-02</leafValues></_>
    <_>
      <internalNodes>
        0 -1 26430 -5.9626873582601547e-02</internalNodes>
      <leafValues>
        2.1377398073673248e-01 -1.1290522664785385e-01</leafValues></_>
    <_>
      <internalNodes>
        0 -1 52234 -1.2878972291946411e-01</internalNodes>
      <leafValues>
        5.5341988801956177e-01 -5.2594702690839767e-02</leafValues></_>
    <_>
      <internalNodes>
        0 -1 66565 -1.7489488527644426e-05</internalNodes>
      <leafValues>
        1.5194278955459595e-01 -1.6852338612079620e-01</leafValues></_>
    <_>
      <internalNodes>
        0 -1 56909 2.1899054991081357e-04</internalNodes>
      <leafValues>
        1.1882375180721283e-01 -2.1980930864810944e-01</leafValues></_>
    <_>
      <internalNodes>
        0 -1 75174 -1.9490960767143406e-05</internalNodes>
      <leafValues>
        1.4995461702346802e-01 -1.5258713066577911e-01</leafValues></_>
    <_>
      <internalNodes>
        0 -1 73525 -2.7523230528458953e-04</internalNodes>
      <leafValues>
        -1.9997577369213104e-01 1.1424199491739273e-01</leafValues></_>
    <_>
      <internalNodes>
        0 -1 21589 -2.0443290850380436e-05</internalNodes>
      <leafValues>
        1.2933255732059479e-01 -1.6485756635665894e-01</leafValues></_>
    <_>
      <internalNodes>
        0 -1 7154 -1.2912683887407184e-03</internalNodes>
      <leafValues>
        2.2875222563743591e-01 -9.5673866569995880e-02</leafValues></_>
    <_>
      <internalNodes>
        0 -1 8389 -3.2247282564640045e-02</internalNodes>
      <leafValues>
        -5.8229362964630127e-01 4.1789848357439041e-02</leafValues></_>
    <_>
      <internalNodes>
        0 -1 18325 5.7869292795658112e-03</internalNodes>
      <leafValues>
        -6.4402051270008087e-02 3.6666256189346313e-01</leafValues></_>
    <_>
      <internalNodes>
        0 -1 63861 -3.4025367349386215e-03</internalNodes>
      <leafValues>
        5.6032919883728027e-01 -3.2363697886466980e-02</leafValues></_>
    <_>
      <internalNodes>
        0 -1 78160 -3.3042770810425282e-03</internalNodes>
      <leafValues>
        -4.9395421147346497e-01 4.2837567627429962e-02</leafValues></_>
    <_>
      <internalNodes>
        0 -1 77318 6.5265418961644173e-03</internalNodes>
      <leafValues>
        -7.2690069675445557e-02 3.0283620953559875e-01</leafValues></_>
    <_>
      <internalNodes>
        0 -1 77319 1.2787603773176670e-03</internalNodes>
      <leafValues>
        -1.5182390809059143e-01 1.4404328167438507e-01</leafValues></_>
    <_>
      <internalNodes>
        0 -1 75671 -2.6764012873172760e-02</internalNodes>
      <leafValues>
        3.8723367452621460e-01 -5.7934481650590897e-02</leafValues></_>
    <_>
      <internalNodes>
        0 -1 39344 -2.1056135665276088e-05</internalNodes>
      <leafValues>
        1.2861163914203644e-01 -1.7321802675724030e-01</leafValues></_>
    <_>
      <internalNodes>
        0 -1 8965 4.6394084347411990e-04</internalNodes>
      <leafValues>
        9.8657928407192230e-02 -2.5181779265403748e-01</leafValues></_>
    <_>
      <internalNodes>
        0 -1 8965 -4.3661758536472917e-04</internalNodes>
      <leafValues>
        -2.6750200986862183e-01 8.2870639860630035e-02</leafValues></_>
    <_>
      <internalNodes>
        0 -1 11254 1.8594515495351516e-05</internalNodes>
      <leafValues>
        -1.3759838044643402e-01 1.6716419160366058e-01</leafValues></_>
    <_>
      <internalNodes>
        0 -1 71192 5.9070112183690071e-04</internalNodes>
      <leafValues>
        8.2865856587886810e-02 -2.7243819832801819e-01</leafValues></_>
    <_>
      <internalNodes>
        0 -1 71017 -1.7153231427073479e-02</internalNodes>
      <leafValues>
        2.9450869560241699e-01 -8.0729380249977112e-02</leafValues></_>
    <_>
      <internalNodes>
        0 -1 6421 2.5759633630514145e-02</internalNodes>
      <leafValues>
        4.7556988894939423e-02 -5.2885293960571289e-01</leafValues></_>
    <_>
      <internalNodes>
        0 -1 27657 2.0078559828107245e-05</internalNodes>
      <leafValues>
        -1.6847822070121765e-01 1.3648147881031036e-01</leafValues></_>
    <_>
      <internalNodes>
        0 -1 72393 4.9452949315309525e-03</internalNodes>
      <leafValues>
        -5.3692348301410675e-02 3.6533811688423157e-01</leafValues></_>
    <_>
      <internalNodes>
        0 -1 64481 -4.9588317051529884e-04</internalNodes>
      <leafValues>
        1.4861641824245453e-01 -1.4399181306362152e-01</leafValues></_>
    <_>
      <internalNodes>
        0 -1 52095 -1.0740539990365505e-02</internalNodes>
      <leafValues>
        5.3061914443969727e-01 -4.7321073710918427e-02</leafValues></_>
    <_>
      <internalNodes>
        0 -1 6674 3.0521464068442583e-03</internalNodes>
      <leafValues>
        -4.6531975269317627e-02 4.8049190640449524e-01</leafValues></_>
    <_>
      <internalNodes>
        0 -1 12518 -2.0300414413213730e-02</internalNodes>
      <leafValues>
        1.9794259965419769e-01 -1.1353862285614014e-01</leafValues></_>
    <_>
      <internalNodes>
        0 -1 44291 -4.5558030251413584e-04</internalNodes>
      <leafValues>
        -2.4284444749355316e-01 9.8710678517818451e-02</leafValues></_>
    <_>
      <internalNodes>
        0 -1 64573 -6.6978414542973042e-03</internalNodes>
      <leafValues>
        5.1010298728942871e-01 -5.3434535861015320e-02</leafValues></_>
    <_>
      <internalNodes>
        0 -1 78331 2.7667072135955095e-03</internalNodes>
      <leafValues>
        8.8415250182151794e-02 -2.8798538446426392e-01</leafValues></_>
    <_>
      <internalNodes>
        0 -1 78017 -1.9977569536422379e-05</internalNodes>
      <leafValues>
        1.5228627622127533e-01 -1.7967323958873749e-01</leafValues></_>
    <_>
      <internalNodes>
        0 -1 75167 -2.8725370066240430e-04</internalNodes>
      <leafValues>
        -2.5650703907012939e-01 9.6777647733688354e-02</leafValues></_>
    <_>
      <internalNodes>
        0 -1 15425 -5.4889059066772461e-01</internalNodes>
      <leafValues>
        -7.3394572734832764e-01 2.5540621951222420e-02</leafValues></_>
    <_>
      <internalNodes>
        0 -1 77523 -4.5890482142567635e-03</internalNodes>
      <leafValues>
        2.6346546411514282e-01 -9.3637533485889435e-02</leafValues></_>
    <_>
      <internalNodes>
        0 -1 18793 1.6317960107699037e-03</internalNodes>
      <leafValues>
        -7.8913077712059021e-02 2.7145501971244812e-01</leafValues></_>
    <_>
      <internalNodes>
        0 -1 35067 -8.0766193568706512e-02</internalNodes>
      <leafValues>
        2.1899288892745972e-01 -9.8310820758342743e-02</leafValues></_>
    <_>
      <internalNodes>
        0 -1 1892 -2.0179842412471771e-01</internalNodes>
      <leafValues>
        -7.6677978038787842e-01 2.9126228764653206e-02</leafValues></_>
    <_>
      <internalNodes>
        0 -1 4474 -9.4200409948825836e-03</internalNodes>
      <leafValues>
        -2.8917142748832703e-01 8.2147799432277679e-02</leafValues></_>
    <_>
      <internalNodes>
        0 -1 71179 2.0396579202497378e-05</internalNodes>
      <leafValues>
        -1.6736099123954773e-01 1.2875819206237793e-01</leafValues></_>
    <_>
      <internalNodes>
        0 -1 27634 4.9476332962512970e-02</internalNodes>
      <leafValues>
        -6.9305874407291412e-02 3.3973869681358337e-01</leafValues></_>
    <_>
      <internalNodes>
        0 -1 54525 -2.0160439817118458e-05</internalNodes>
      <leafValues>
        1.3774254918098450e-01 -1.7121295630931854e-01</leafValues></_>
    <_>
      <internalNodes>
        0 -1 76902 -2.6295459829270840e-03</internalNodes>
      <leafValues>
        -3.4439140558242798e-01 6.7771211266517639e-02</leafValues></_>
    <_>
      <internalNodes>
        0 -1 76107 -1.5518363565206528e-02</internalNodes>
      <leafValues>
        -3.3140313625335693e-01 5.9884168207645416e-02</leafValues></_>
    <_>
      <internalNodes>
        0 -1 73160 -1.1024447157979012e-02</internalNodes>
      <leafValues>
        7.8289544582366943e-01 -3.1427662819623947e-02</leafValues></_>
    <_>
      <internalNodes>
        0 -1 37453 -1.9808989018201828e-03</internalNodes>
      <leafValues>
        4.2932319641113281e-01 -4.1085116565227509e-02</leafValues></_>
    <_>
      <internalNodes>
        0 -1 72086 1.0578350629657507e-03</internalNodes>
      <leafValues>
        -9.4235025346279144e-02 2.2104653716087341e-01</leafValues></_>
    <_>
      <internalNodes>
        0 -1 34228 -6.9427480921149254e-03</internalNodes>
      <leafValues>
        3.7583899497985840e-01 -5.3754713386297226e-02</leafValues></_>
    <_>
      <internalNodes>
        0 -1 53668 -2.3479912488255650e-04</internalNodes>
      <leafValues>
        -2.1858236193656921e-01 1.0705929994583130e-01</leafValues></_>
    <_>
      <internalNodes>
        0 -1 57593 -4.1465782560408115e-03</internalNodes>
      <leafValues>
        4.9591773748397827e-01 -4.8428136855363846e-02</leafValues></_>
    <_>
      <internalNodes>
        0 -1 53478 6.9411750882863998e-03</internalNodes>
      <leafValues>
        -4.1730865836143494e-02 4.9010357260704041e-01</leafValues></_>
    <_>
      <internalNodes>
        0 -1 48221 1.0728973429650068e-03</internalNodes>
      <leafValues>
        8.5630841553211212e-02 -2.5108152627944946e-01</leafValues></_>
    <_>
      <internalNodes>
        0 -1 47930 -7.2672124952077866e-04</internalNodes>
      <leafValues>
        -2.3110888898372650e-01 1.0058864951133728e-01</leafValues></_>
    <_>
      <internalNodes>
        0 -1 27479 -2.0874053006991744e-05</internalNodes>
      <leafValues>
        1.1949642747640610e-01 -1.7346872389316559e-01</leafValues></_>
    <_>
      <internalNodes>
        0 -1 77659 -4.4840265763923526e-04</internalNodes>
      <leafValues>
        -2.7726235985755920e-01 7.9141572117805481e-02</leafValues></_>
    <_>
      <internalNodes>
        0 -1 72386 2.8616827912628651e-03</internalNodes>
      <leafValues>
        -6.7364081740379333e-02 2.9972451925277710e-01</leafValues></_>
    <_>
      <internalNodes>
        0 -1 62969 -1.1774078942835331e-02</internalNodes>
      <leafValues>
        1.1457373201847076e-01 -1.8369273841381073e-01</leafValues></_>
    <_>
      <internalNodes>
        0 -1 37964 5.4874248802661896e-02</internalNodes>
      <leafValues>
        -4.6579163521528244e-02 4.5737168192863464e-01</leafValues></_>
    <_>
      <internalNodes>
        0 -1 4045 9.4570741057395935e-02</internalNodes>
      <leafValues>
        -5.0663821399211884e-02 4.2143583297729492e-01</leafValues></_>
    <_>
      <internalNodes>
        0 -1 49162 -5.4179549217224121e-02</internalNodes>
      <leafValues>
        2.1208874881267548e-01 -1.0971160233020782e-01</leafValues></_>
    <_>
      <internalNodes>
        0 -1 27273 1.9887676899088547e-05</internalNodes>
      <leafValues>
        -1.2803205847740173e-01 1.8415395915508270e-01</leafValues></_>
    <_>
      <internalNodes>
        0 -1 44958 2.8391119092702866e-02</internalNodes>
      <leafValues>
        -2.8495363891124725e-02 6.7754822969436646e-01</leafValues></_>
    <_>
      <internalNodes>
        0 -1 58230 4.0106769301928580e-04</internalNodes>
      <leafValues>
        9.6393652260303497e-02 -2.3139560222625732e-01</leafValues></_></weakClassifiers></stage9>
</opencv_storage>
