<?xml version="1.0"?>
<opencv_storage>
<stage8>
  <maxWeakCount>62</maxWeakCount>
  <stageThreshold>-1.2490397691726685e+00</stageThreshold>
  <weakClassifiers>
    <_>
      <internalNodes>
        0 -1 69799 -3.2374006696045399e-03</internalNodes>
      <leafValues>
        6.1956518888473511e-01 -4.9859549850225449e-02</leafValues></_>
    <_>
      <internalNodes>
        0 -1 28371 1.2057462334632874e-01</internalNodes>
      <leafValues>
        -1.2156123667955399e-01 3.2817947864532471e-01</leafValues></_>
    <_>
      <internalNodes>
        0 -1 24954 -1.8433616496622562e-03</internalNodes>
      <leafValues>
        4.3241369724273682e-01 -1.0853969305753708e-01</leafValues></_>
    <_>
      <internalNodes>
        0 -1 69974 1.2442031875252724e-03</internalNodes>
      <leafValues>
        -1.0428537428379059e-01 3.6256673932075500e-01</leafValues></_>
    <_>
      <internalNodes>
        0 -1 23533 4.1490029543638229e-03</internalNodes>
      <leafValues>
        -1.1495646834373474e-01 3.3263936638832092e-01</leafValues></_>
    <_>
      <internalNodes>
        0 -1 77457 -2.2146906703710556e-03</internalNodes>
      <leafValues>
        5.1448071002960205e-01 -5.2433051168918610e-02</leafValues></_>
    <_>
      <internalNodes>
        0 -1 75724 7.2987945750355721e-03</internalNodes>
      <leafValues>
        -9.7397074103355408e-02 3.5727107524871826e-01</leafValues></_>
    <_>
      <internalNodes>
        0 -1 22992 -5.1061809062957764e-03</internalNodes>
      <leafValues>
        2.5076663494110107e-01 -1.2912973761558533e-01</leafValues></_>
    <_>
      <internalNodes>
        0 -1 3576 3.6363773047924042e-02</internalNodes>
      <leafValues>
        5.9177089482545853e-02 -5.1827776432037354e-01</leafValues></_>
    <_>
      <internalNodes>
        0 -1 20840 2.1364852786064148e-02</internalNodes>
      <leafValues>
        -3.4701850265264511e-02 6.0666042566299438e-01</leafValues></_>
    <_>
      <internalNodes>
        0 -1 41044 -1.0901493951678276e-02</internalNodes>
      <leafValues>
        2.3867014050483704e-01 -1.2095364183187485e-01</leafValues></_>
    <_>
      <internalNodes>
        0 -1 25705 -7.5151640921831131e-03</internalNodes>
      <leafValues>
        2.6594606041908264e-01 -1.1617926508188248e-01</leafValues></_>
    <_>
      <internalNodes>
        0 -1 43876 1.1302729137241840e-02</internalNodes>
      <leafValues>
        -3.2555770128965378e-02 7.1512418985366821e-01</leafValues></_>
    <_>
      <internalNodes>
        0 -1 77677 -1.7582707805559039e-03</internalNodes>
      <leafValues>
        -2.7661424875259399e-01 9.7644552588462830e-02</leafValues></_>
    <_>
      <internalNodes>
        0 -1 77781 3.9390361052937806e-04</internalNodes>
      <leafValues>
        1.4425392448902130e-01 -3.3119195699691772e-01</leafValues></_>
    <_>
      <internalNodes>
        0 -1 78221 -3.8139576645335183e-05</internalNodes>
      <leafValues>
        1.6421109437942505e-01 -1.6687813401222229e-01</leafValues></_>
    <_>
      <internalNodes>
        0 -1 38656 -8.7724402546882629e-03</internalNodes>
      <leafValues>
        2.9490861296653748e-01 -9.4897940754890442e-02</leafValues></_>
    <_>
      <internalNodes>
        0 -1 78371 -4.3805278837680817e-03</internalNodes>
      <leafValues>
        -4.0073567628860474e-01 7.4378110468387604e-02</leafValues></_>
    <_>
      <internalNodes>
        0 -1 78381 -1.9528049961081706e-05</internalNodes>
      <leafValues>
        1.6223914921283722e-01 -1.7193573713302612e-01</leafValues></_>
    <_>
      <internalNodes>
        0 -1 75854 -6.2411315739154816e-03</internalNodes>
      <leafValues>
        2.9043442010879517e-01 -9.9813506007194519e-02</leafValues></_>
    <_>
      <internalNodes>
        0 -1 60370 -1.4056080952286720e-02</internalNodes>
      <leafValues>
        2.3387940227985382e-01 -1.3433234393596649e-01</leafValues></_>
    <_>
      <internalNodes>
        0 -1 57788 -7.3838594835251570e-04</internalNodes>
      <leafValues>
        -2.7784627676010132e-01 1.0694512724876404e-01</leafValues></_>
    <_>
      <internalNodes>
        0 -1 37992 -7.4148967862129211e-02</internalNodes>
      <leafValues>
        1.8927249312400818e-01 -1.3809463381767273e-01</leafValues></_>
    <_>
      <internalNodes>
        0 -1 64766 -4.3745641596615314e-03</internalNodes>
      <leafValues>
        4.2856785655021667e-01 -6.7330561578273773e-02</leafValues></_>
    <_>
      <internalNodes>
        0 -1 28119 -2.4036988615989685e-03</internalNodes>
      <leafValues>
        -3.8009402155876160e-01 7.2833374142646790e-02</leafValues></_>
    <_>
      <internalNodes>
        0 -1 39121 -9.0039242058992386e-03</internalNodes>
      <leafValues>
        3.0627971887588501e-01 -9.3651279807090759e-02</leafValues></_>
    <_>
      <internalNodes>
        0 -1 49372 -8.5466238670051098e-04</internalNodes>
      <leafValues>
        -2.8775784373283386e-01 9.9365822970867157e-02</leafValues></_>
    <_>
      <internalNodes>
        0 -1 1954 2.5438040494918823e-01</internalNodes>
      <leafValues>
        5.0249587744474411e-02 -5.4281383752822876e-01</leafValues></_>
    <_>
      <internalNodes>
        0 -1 60067 3.7616770714521408e-03</internalNodes>
      <leafValues>
        -9.6326909959316254e-02 3.2191899418830872e-01</leafValues></_>
    <_>
      <internalNodes>
        0 -1 68226 -1.1461703106760979e-03</internalNodes>
      <leafValues>
        -3.9575898647308350e-01 7.1918062865734100e-02</leafValues></_>
    <_>
      <internalNodes>
        0 -1 430 -2.4041289091110229e-01</internalNodes>
      <leafValues>
        -4.9924531579017639e-01 5.2107725292444229e-02</leafValues></_>
    <_>
      <internalNodes>
        0 -1 37451 -3.0713721644133329e-03</internalNodes>
      <leafValues>
        5.3318792581558228e-01 -5.1394753158092499e-02</leafValues></_>
    <_>
      <internalNodes>
        0 -1 52644 -4.0220154915004969e-04</internalNodes>
      <leafValues>
        -2.7910655736923218e-01 1.1036833375692368e-01</leafValues></_>
    <_>
      <internalNodes>
        0 -1 70691 -3.1741259153932333e-03</internalNodes>
      <leafValues>
        5.1568913459777832e-01 -5.3023777902126312e-02</leafValues></_>
    <_>
      <internalNodes>
        0 -1 7437 6.8274289369583130e-02</internalNodes>
      <leafValues>
        -6.3902325928211212e-02 3.5565790534019470e-01</leafValues></_>
    <_>
      <internalNodes>
        0 -1 48507 1.0748824570327997e-03</internalNodes>
      <leafValues>
        8.5463076829910278e-02 -3.0281305313110352e-01</leafValues></_>
    <_>
      <internalNodes>
        0 -1 24501 8.5265625966712832e-04</internalNodes>
      <leafValues>
        -7.9254157841205597e-02 3.2976245880126953e-01</leafValues></_>
    <_>
      <internalNodes>
        0 -1 54067 -7.8085586428642273e-03</internalNodes>
      <leafValues>
        6.3839513063430786e-01 -3.3315446227788925e-02</leafValues></_>
    <_>
      <internalNodes>
        0 -1 7621 6.1038625426590443e-04</internalNodes>
      <leafValues>
        9.3694813549518585e-02 -2.7752977609634399e-01</leafValues></_>
    <_>
      <internalNodes>
        0 -1 3897 7.6971473172307014e-03</internalNodes>
      <leafValues>
        -8.2869552075862885e-02 3.3360090851783752e-01</leafValues></_>
    <_>
      <internalNodes>
        0 -1 76201 -9.5776639878749847e-02</internalNodes>
      <leafValues>
        -7.8015470504760742e-01 3.6905605345964432e-02</leafValues></_>
    <_>
      <internalNodes>
        0 -1 65735 4.8333889571949840e-04</internalNodes>
      <leafValues>
        8.7739124894142151e-02 -2.7343574166297913e-01</leafValues></_>
    <_>
      <internalNodes>
        0 -1 62466 -6.5931719727814198e-03</internalNodes>
      <leafValues>
        2.9439130425453186e-01 -9.7142390906810760e-02</leafValues></_>
    <_>
      <internalNodes>
        0 -1 76563 -1.9913346477551386e-05</internalNodes>
      <leafValues>
        1.6943751275539398e-01 -1.4360891282558441e-01</leafValues></_>
    <_>
      <internalNodes>
        0 -1 12965 1.5722794923931360e-03</internalNodes>
      <leafValues>
        1.0035010427236557e-01 -2.6242974400520325e-01</leafValues></_>
    <_>
      <internalNodes>
        0 -1 23567 -1.2818839401006699e-02</internalNodes>
      <leafValues>
        3.6088198423385620e-01 -7.9233571887016296e-02</leafValues></_>
    <_>
      <internalNodes>
        0 -1 76924 -7.9797334969043732e-02</internalNodes>
      <leafValues>
        -6.7115640640258789e-01 3.8250200450420380e-02</leafValues></_>
    <_>
      <internalNodes>
        0 -1 68700 -5.4372008889913559e-04</internalNodes>
      <leafValues>
        -2.9959926009178162e-01 7.9247578978538513e-02</leafValues></_>
    <_>
      <internalNodes>
        0 -1 77571 -3.9371137972921133e-05</internalNodes>
      <leafValues>
        1.6136810183525085e-01 -1.4855796098709106e-01</leafValues></_>
    <_>
      <internalNodes>
        0 -1 78106 -8.1111676990985870e-04</internalNodes>
      <leafValues>
        -3.1402274966239929e-01 7.4505165219306946e-02</leafValues></_>
    <_>
      <internalNodes>
        0 -1 3763 8.3875767886638641e-03</internalNodes>
      <leafValues>
        -9.3550324440002441e-02 2.6497951149940491e-01</leafValues></_>
    <_>
      <internalNodes>
        0 -1 3835 -4.2780744843184948e-03</internalNodes>
      <leafValues>
        2.1038578450679779e-01 -1.1567186564207077e-01</leafValues></_>
    <_>
      <internalNodes>
        0 -1 74247 -1.4950567856431007e-03</internalNodes>
      <leafValues>
        4.5511001348495483e-01 -5.2612684667110443e-02</leafValues></_>
    <_>
      <internalNodes>
        0 -1 6119 -3.4885711502283812e-03</internalNodes>
      <leafValues>
        -4.4595247507095337e-01 6.7613549530506134e-02</leafValues></_>
    <_>
      <internalNodes>
        0 -1 66300 3.2649940112605691e-04</internalNodes>
      <leafValues>
        8.7100766599178314e-02 -3.1048455834388733e-01</leafValues></_>
    <_>
      <internalNodes>
        0 -1 5295 -5.3112017922103405e-03</internalNodes>
      <leafValues>
        2.0785568654537201e-01 -1.2624311447143555e-01</leafValues></_>
    <_>
      <internalNodes>
        0 -1 13321 -2.7300333604216576e-03</internalNodes>
      <leafValues>
        2.6933851838111877e-01 -8.8505186140537262e-02</leafValues></_>
    <_>
      <internalNodes>
        0 -1 12616 4.0808646008372307e-03</internalNodes>
      <leafValues>
        -8.8547468185424805e-02 3.5145825147628784e-01</leafValues></_>
    <_>
      <internalNodes>
        0 -1 38396 -2.3448262072633952e-04</internalNodes>
      <leafValues>
        1.4236512780189514e-01 -1.8622246384620667e-01</leafValues></_>
    <_>
      <internalNodes>
        0 -1 8978 1.9887008238583803e-03</internalNodes>
      <leafValues>
        1.1901248246431351e-01 -1.9256925582885742e-01</leafValues></_>
    <_>
      <internalNodes>
        0 -1 57699 -7.9169534146785736e-03</internalNodes>
      <leafValues>
        1.6816441714763641e-01 -1.4598476886749268e-01</leafValues></_>
    <_>
      <internalNodes>
        0 -1 27787 -2.5993641465902328e-02</internalNodes>
      <leafValues>
        2.8158003091812134e-01 -8.8637053966522217e-02</leafValues></_></weakClassifiers></stage8>
</opencv_storage>
