<?xml version="1.0"?>
<opencv_storage>
<stage5>
  <maxWeakCount>69</maxWeakCount>
  <stageThreshold>-1.2882577180862427e+00</stageThreshold>
  <weakClassifiers>
    <_>
      <internalNodes>
        0 -1 16357 8.2182765007019043e-02</internalNodes>
      <leafValues>
        -1.2933458387851715e-01 3.7598735094070435e-01</leafValues></_>
    <_>
      <internalNodes>
        0 -1 76093 1.7669498920440674e-02</internalNodes>
      <leafValues>
        -1.6423556208610535e-01 2.6230809092521667e-01</leafValues></_>
    <_>
      <internalNodes>
        0 -1 43451 9.4819948077201843e-02</internalNodes>
      <leafValues>
        -7.4862971901893616e-02 5.7421302795410156e-01</leafValues></_>
    <_>
      <internalNodes>
        0 -1 13745 -2.0171392709016800e-02</internalNodes>
      <leafValues>
        1.9517397880554199e-01 -1.7863506078720093e-01</leafValues></_>
    <_>
      <internalNodes>
        0 -1 53625 1.1505096405744553e-01</internalNodes>
      <leafValues>
        -4.3954197317361832e-02 6.8465864658355713e-01</leafValues></_>
    <_>
      <internalNodes>
        0 -1 69863 2.3182284086942673e-02</internalNodes>
      <leafValues>
        -8.5445821285247803e-02 4.0393447875976562e-01</leafValues></_>
    <_>
      <internalNodes>
        0 -1 74671 -9.5524623990058899e-02</internalNodes>
      <leafValues>
        -5.9076899290084839e-01 7.4160598218441010e-02</leafValues></_>
    <_>
      <internalNodes>
        0 -1 6092 1.2851962819695473e-03</internalNodes>
      <leafValues>
        1.0835973173379898e-01 -3.2315698266029358e-01</leafValues></_>
    <_>
      <internalNodes>
        0 -1 52932 3.0561152379959822e-04</internalNodes>
      <leafValues>
        1.2714903056621552e-01 -2.3687495291233063e-01</leafValues></_>
    <_>
      <internalNodes>
        0 -1 839 -2.0125277340412140e-02</internalNodes>
      <leafValues>
        2.5117754936218262e-01 -1.3245929777622223e-01</leafValues></_>
    <_>
      <internalNodes>
        0 -1 2189 -6.3569098711013794e-03</internalNodes>
      <leafValues>
        2.5165286660194397e-01 -1.1344616115093231e-01</leafValues></_>
    <_>
      <internalNodes>
        0 -1 17921 1.5050506219267845e-02</internalNodes>
      <leafValues>
        -8.7363295257091522e-02 3.4719529747962952e-01</leafValues></_>
    <_>
      <internalNodes>
        0 -1 48761 -1.8473896197974682e-03</internalNodes>
      <leafValues>
        -3.2262477278709412e-01 9.6111610531806946e-02</leafValues></_>
    <_>
      <internalNodes>
        0 -1 54337 -2.0733185010612942e-05</internalNodes>
      <leafValues>
        1.5384666621685028e-01 -1.9385832548141479e-01</leafValues></_>
    <_>
      <internalNodes>
        0 -1 76653 5.0369545351713896e-04</internalNodes>
      <leafValues>
        9.3923114240169525e-02 -3.2422143220901489e-01</leafValues></_>
    <_>
      <internalNodes>
        0 -1 568 -4.3465188145637512e-01</internalNodes>
      <leafValues>
        -6.9869005680084229e-01 4.6615023165941238e-02</leafValues></_>
    <_>
      <internalNodes>
        0 -1 54209 -2.5767483748495579e-03</internalNodes>
      <leafValues>
        -2.9272666573524475e-01 9.3300633132457733e-02</leafValues></_>
    <_>
      <internalNodes>
        0 -1 31629 -3.2644202001392841e-03</internalNodes>
      <leafValues>
        3.4939050674438477e-01 -8.5598893463611603e-02</leafValues></_>
    <_>
      <internalNodes>
        0 -1 48980 4.0183542296290398e-04</internalNodes>
      <leafValues>
        1.1320266127586365e-01 -2.6696661114692688e-01</leafValues></_>
    <_>
      <internalNodes>
        0 -1 971 -6.3090071082115173e-02</internalNodes>
      <leafValues>
        2.4673123657703400e-01 -1.0779524594545364e-01</leafValues></_>
    <_>
      <internalNodes>
        0 -1 15445 -3.6972330417484045e-04</internalNodes>
      <leafValues>
        -3.2232248783111572e-01 1.0859233140945435e-01</leafValues></_>
    <_>
      <internalNodes>
        0 -1 56061 1.4911388047039509e-02</internalNodes>
      <leafValues>
        -6.9377280771732330e-02 3.9697337150573730e-01</leafValues></_>
    <_>
      <internalNodes>
        0 -1 624 1.8332624435424805e-01</internalNodes>
      <leafValues>
        4.4078856706619263e-02 -6.4121973514556885e-01</leafValues></_>
    <_>
      <internalNodes>
        0 -1 70189 -3.2104349229484797e-03</internalNodes>
      <leafValues>
        1.9695439934730530e-01 -1.4788541197776794e-01</leafValues></_>
    <_>
      <internalNodes>
        0 -1 60164 4.6593420207500458e-02</internalNodes>
      <leafValues>
        -6.9551005959510803e-02 3.8052874803543091e-01</leafValues></_>
    <_>
      <internalNodes>
        0 -1 24695 -6.6287992522120476e-03</internalNodes>
      <leafValues>
        2.6371932029724121e-01 -1.1059660464525223e-01</leafValues></_>
    <_>
      <internalNodes>
        0 -1 45750 1.9919350743293762e-02</internalNodes>
      <leafValues>
        -6.9379612803459167e-02 3.9600750803947449e-01</leafValues></_>
    <_>
      <internalNodes>
        0 -1 21618 -1.1154705425724387e-03</internalNodes>
      <leafValues>
        1.5578700602054596e-01 -1.8445606529712677e-01</leafValues></_>
    <_>
      <internalNodes>
        0 -1 62412 7.2755047585815191e-04</internalNodes>
      <leafValues>
        1.0732948780059814e-01 -2.5293925404548645e-01</leafValues></_>
    <_>
      <internalNodes>
        0 -1 62412 -5.1232276018708944e-04</internalNodes>
      <leafValues>
        -2.6186648011207581e-01 1.1703079193830490e-01</leafValues></_>
    <_>
      <internalNodes>
        0 -1 724 3.7204794352874160e-04</internalNodes>
      <leafValues>
        -1.8142223358154297e-01 1.5643386542797089e-01</leafValues></_>
    <_>
      <internalNodes>
        0 -1 21386 6.8269460462033749e-04</internalNodes>
      <leafValues>
        -1.5896679461002350e-01 1.7441442608833313e-01</leafValues></_>
    <_>
      <internalNodes>
        0 -1 3408 4.1588280349969864e-02</internalNodes>
      <leafValues>
        -5.3179021924734116e-02 5.3486758470535278e-01</leafValues></_>
    <_>
      <internalNodes>
        0 -1 77640 -1.9887676899088547e-05</internalNodes>
      <leafValues>
        1.7971482872962952e-01 -1.4820607006549835e-01</leafValues></_>
    <_>
      <internalNodes>
        0 -1 33399 3.6935470998287201e-02</internalNodes>
      <leafValues>
        -7.8638881444931030e-02 3.1950962543487549e-01</leafValues></_>
    <_>
      <internalNodes>
        0 -1 73468 9.4949349295347929e-04</internalNodes>
      <leafValues>
        -1.5824723243713379e-01 1.9202524423599243e-01</leafValues></_>
    <_>
      <internalNodes>
        0 -1 65708 7.6528359204530716e-04</internalNodes>
      <leafValues>
        8.1958122551441193e-02 -3.2803660631179810e-01</leafValues></_>
    <_>
      <internalNodes>
        0 -1 40442 -1.2991948053240776e-02</internalNodes>
      <leafValues>
        2.7297794818878174e-01 -1.0356104373931885e-01</leafValues></_>
    <_>
      <internalNodes>
        0 -1 47255 -1.1132632382214069e-02</internalNodes>
      <leafValues>
        5.0503093004226685e-01 -4.8077557235956192e-02</leafValues></_>
    <_>
      <internalNodes>
        0 -1 10987 -4.7746159136295319e-02</internalNodes>
      <leafValues>
        -6.4062035083770752e-01 4.2699303478002548e-02</leafValues></_>
    <_>
      <internalNodes>
        0 -1 33728 3.3081773668527603e-02</internalNodes>
      <leafValues>
        -6.6624313592910767e-02 4.4885542988777161e-01</leafValues></_>
    <_>
      <internalNodes>
        0 -1 53868 4.0421803714707494e-04</internalNodes>
      <leafValues>
        1.1194970458745956e-01 -2.3734652996063232e-01</leafValues></_>
    <_>
      <internalNodes>
        0 -1 38847 2.4784080684185028e-02</internalNodes>
      <leafValues>
        -7.1991384029388428e-02 3.7371596693992615e-01</leafValues></_>
    <_>
      <internalNodes>
        0 -1 53866 -4.0357251418754458e-04</internalNodes>
      <leafValues>
        -3.0761268734931946e-01 1.0773726552724838e-01</leafValues></_>
    <_>
      <internalNodes>
        0 -1 44971 -2.5721446145325899e-03</internalNodes>
      <leafValues>
        1.4202976226806641e-01 -1.8452519178390503e-01</leafValues></_>
    <_>
      <internalNodes>
        0 -1 36662 -1.6646538861095905e-03</internalNodes>
      <leafValues>
        3.9138877391815186e-01 -6.1771046370267868e-02</leafValues></_>
    <_>
      <internalNodes>
        0 -1 57954 3.7498638266697526e-04</internalNodes>
      <leafValues>
        1.1252079159021378e-01 -2.2248907387256622e-01</leafValues></_>
    <_>
      <internalNodes>
        0 -1 42793 9.2464946210384369e-03</internalNodes>
      <leafValues>
        -8.2743540406227112e-02 3.1286224722862244e-01</leafValues></_>
    <_>
      <internalNodes>
        0 -1 69133 -5.3107231855392456e-02</internalNodes>
      <leafValues>
        -8.6215955018997192e-01 3.2417912036180496e-02</leafValues></_>
    <_>
      <internalNodes>
        0 -1 77955 1.0888096876442432e-03</internalNodes>
      <leafValues>
        -1.4713396131992340e-01 1.6806302964687347e-01</leafValues></_>
    <_>
      <internalNodes>
        0 -1 71637 8.1783544737845659e-04</internalNodes>
      <leafValues>
        8.4856666624546051e-02 -2.9519361257553101e-01</leafValues></_>
    <_>
      <internalNodes>
        0 -1 78058 1.0758859571069479e-03</internalNodes>
      <leafValues>
        9.1670922935009003e-02 -2.5409078598022461e-01</leafValues></_>
    <_>
      <internalNodes>
        0 -1 4374 -5.9303361922502518e-03</internalNodes>
      <leafValues>
        2.2191236913204193e-01 -1.2634143233299255e-01</leafValues></_>
    <_>
      <internalNodes>
        0 -1 78062 -8.7336877186316997e-05</internalNodes>
      <leafValues>
        1.5958385169506073e-01 -1.5969693660736084e-01</leafValues></_>
    <_>
      <internalNodes>
        0 -1 5398 -1.5094691887497902e-02</internalNodes>
      <leafValues>
        1.9960629940032959e-01 -1.2718783318996429e-01</leafValues></_>
    <_>
      <internalNodes>
        0 -1 53376 5.9266507625579834e-02</internalNodes>
      <leafValues>
        -3.7529479712247849e-02 5.9781575202941895e-01</leafValues></_>
    <_>
      <internalNodes>
        0 -1 43809 2.6055675698444247e-04</internalNodes>
      <leafValues>
        1.2482395768165588e-01 -2.2555752098560333e-01</leafValues></_>
    <_>
      <internalNodes>
        0 -1 34362 1.1706206947565079e-02</internalNodes>
      <leafValues>
        -1.5756596624851227e-01 1.5722970664501190e-01</leafValues></_>
    <_>
      <internalNodes>
        0 -1 57954 -5.0789606757462025e-04</internalNodes>
      <leafValues>
        -2.7130594849586487e-01 9.0264789760112762e-02</leafValues></_>
    <_>
      <internalNodes>
        0 -1 20163 -5.1942456513643265e-02</internalNodes>
      <leafValues>
        2.2430582344532013e-01 -1.1133952438831329e-01</leafValues></_>
    <_>
      <internalNodes>
        0 -1 42072 1.1337701231241226e-02</internalNodes>
      <leafValues>
        -8.9794367551803589e-02 3.3473446965217590e-01</leafValues></_>
    <_>
      <internalNodes>
        0 -1 45147 2.3562987917102873e-04</internalNodes>
      <leafValues>
        1.2531501054763794e-01 -2.1531039476394653e-01</leafValues></_>
    <_>
      <internalNodes>
        0 -1 13977 4.6047694049775600e-03</internalNodes>
      <leafValues>
        -1.6975599527359009e-01 1.3992893695831299e-01</leafValues></_>
    <_>
      <internalNodes>
        0 -1 6470 -2.9206715524196625e-02</internalNodes>
      <leafValues>
        -6.3029044866561890e-01 4.4366359710693359e-02</leafValues></_>
    <_>
      <internalNodes>
        0 -1 78227 4.7735736006870866e-04</internalNodes>
      <leafValues>
        -1.5788453817367554e-01 1.6172879934310913e-01</leafValues></_>
    <_>
      <internalNodes>
        0 -1 66235 -7.2599589824676514e-02</internalNodes>
      <leafValues>
        3.2306870818138123e-01 -8.0140642821788788e-02</leafValues></_>
    <_>
      <internalNodes>
        0 -1 5711 -1.6275016823783517e-03</internalNodes>
      <leafValues>
        1.9174849987030029e-01 -1.2917578220367432e-01</leafValues></_>
    <_>
      <internalNodes>
        0 -1 5325 3.6260853521525860e-03</internalNodes>
      <leafValues>
        -8.2823880016803741e-02 2.8456687927246094e-01</leafValues></_>
    <_>
      <internalNodes>
        0 -1 68701 3.5480118822306395e-04</internalNodes>
      <leafValues>
        1.0481057316064835e-01 -2.2620247304439545e-01</leafValues></_></weakClassifiers></stage5>
</opencv_storage>
