<?xml version="1.0"?>
<opencv_storage>
<stage0>
  <maxWeakCount>23</maxWeakCount>
  <stageThreshold>-1.5365095138549805e+00</stageThreshold>
  <weakClassifiers>
    <_>
      <internalNodes>
        0 -1 45976 -4.8762466758489609e-02</internalNodes>
      <leafValues>
        4.9523276090621948e-01 -4.2238712310791016e-01</leafValues></_>
    <_>
      <internalNodes>
        0 -1 51529 5.0818689167499542e-02</internalNodes>
      <leafValues>
        -1.8135739862918854e-01 6.9323062896728516e-01</leafValues></_>
    <_>
      <internalNodes>
        0 -1 60963 4.5540623366832733e-02</internalNodes>
      <leafValues>
        -2.2875714302062988e-01 6.0136556625366211e-01</leafValues></_>
    <_>
      <internalNodes>
        0 -1 11415 -5.0694335252046585e-02</internalNodes>
      <leafValues>
        5.9239506721496582e-01 -1.2532693147659302e-01</leafValues></_>
    <_>
      <internalNodes>
        0 -1 354 -5.4987303912639618e-02</internalNodes>
      <leafValues>
        5.5317354202270508e-01 -2.0033353567123413e-01</leafValues></_>
    <_>
      <internalNodes>
        0 -1 50249 -3.4200198948383331e-02</internalNodes>
      <leafValues>
        5.1462155580520630e-01 -1.8033799529075623e-01</leafValues></_>
    <_>
      <internalNodes>
        0 -1 48888 7.3051050305366516e-02</internalNodes>
      <leafValues>
        -5.1945004612207413e-02 8.3666986227035522e-01</leafValues></_>
    <_>
      <internalNodes>
        0 -1 15965 -4.6073131263256073e-02</internalNodes>
      <leafValues>
        4.9681687355041504e-01 -1.3055327534675598e-01</leafValues></_>
    <_>
      <internalNodes>
        0 -1 27008 -6.3685879111289978e-02</internalNodes>
      <leafValues>
        4.0434688329696655e-01 -1.8597777187824249e-01</leafValues></_>
    <_>
      <internalNodes>
        0 -1 25307 -5.8994647115468979e-02</internalNodes>
      <leafValues>
        4.1576975584030151e-01 -2.2951102256774902e-01</leafValues></_>
    <_>
      <internalNodes>
        0 -1 45290 1.1066734790802002e-02</internalNodes>
      <leafValues>
        -9.0141966938972473e-02 5.2038478851318359e-01</leafValues></_>
    <_>
      <internalNodes>
        0 -1 66030 4.7402747441083193e-04</internalNodes>
      <leafValues>
        1.3642203807830811e-01 -4.4311600923538208e-01</leafValues></_>
    <_>
      <internalNodes>
        0 -1 6550 -4.1669081896543503e-02</internalNodes>
      <leafValues>
        4.6691972017288208e-01 -1.7083771526813507e-01</leafValues></_>
    <_>
      <internalNodes>
        0 -1 11831 -1.9094558432698250e-02</internalNodes>
      <leafValues>
        4.9872696399688721e-01 -1.1067286133766174e-01</leafValues></_>
    <_>
      <internalNodes>
        0 -1 27894 -3.1921990215778351e-02</internalNodes>
      <leafValues>
        5.7275235652923584e-01 -1.1283204704523087e-01</leafValues></_>
    <_>
      <internalNodes>
        0 -1 9730 1.5565455891191959e-02</internalNodes>
      <leafValues>
        -1.2796942889690399e-01 4.9498346447944641e-01</leafValues></_>
    <_>
      <internalNodes>
        0 -1 897 -2.1444525569677353e-02</internalNodes>
      <leafValues>
        3.6552059650421143e-01 -1.7716726660728455e-01</leafValues></_>
    <_>
      <internalNodes>
        0 -1 42397 -5.4326760582625866e-03</internalNodes>
      <leafValues>
        3.2773804664611816e-01 -1.8813462555408478e-01</leafValues></_>
    <_>
      <internalNodes>
        0 -1 64431 -3.1150832772254944e-02</internalNodes>
      <leafValues>
        4.3394809961318970e-01 -1.4745157957077026e-01</leafValues></_>
    <_>
      <internalNodes>
        0 -1 54679 -1.9727677106857300e-02</internalNodes>
      <leafValues>
        -7.0314711332321167e-01 9.0932980179786682e-02</leafValues></_>
    <_>
      <internalNodes>
        0 -1 63449 4.3090749531984329e-03</internalNodes>
      <leafValues>
        -1.7964351177215576e-01 3.4881019592285156e-01</leafValues></_>
    <_>
      <internalNodes>
        0 -1 36570 2.6937570422887802e-02</internalNodes>
      <leafValues>
        -1.6576093435287476e-01 4.4034451246261597e-01</leafValues></_>
    <_>
      <internalNodes>
        0 -1 23247 -6.5582580864429474e-03</internalNodes>
      <leafValues>
        2.8510415554046631e-01 -2.0350317656993866e-01</leafValues></_></weakClassifiers></stage0>
</opencv_storage>
