<?xml version="1.0"?>
<opencv_storage>
<stage1>
  <maxWeakCount>36</maxWeakCount>
  <stageThreshold>-1.2459665536880493e+00</stageThreshold>
  <weakClassifiers>
    <_>
      <internalNodes>
        0 -1 46386 -6.8799987435340881e-02</internalNodes>
      <leafValues>
        4.7530865669250488e-01 -1.9771863520145416e-01</leafValues></_>
    <_>
      <internalNodes>
        0 -1 50260 -2.1944072097539902e-02</internalNodes>
      <leafValues>
        3.0759093165397644e-01 -3.0919784307479858e-01</leafValues></_>
    <_>
      <internalNodes>
        0 -1 14542 -1.3607878237962723e-02</internalNodes>
      <leafValues>
        2.7976351976394653e-01 -2.8087845444679260e-01</leafValues></_>
    <_>
      <internalNodes>
        0 -1 44252 -6.1516001820564270e-02</internalNodes>
      <leafValues>
        4.1656899452209473e-01 -1.4534915983676910e-01</leafValues></_>
    <_>
      <internalNodes>
        0 -1 12530 -5.4097499698400497e-02</internalNodes>
      <leafValues>
        3.4291228652000427e-01 -2.1416485309600830e-01</leafValues></_>
    <_>
      <internalNodes>
        0 -1 48652 6.0361299663782120e-02</internalNodes>
      <leafValues>
        -1.2025000154972076e-01 5.8082765340805054e-01</leafValues></_>
    <_>
      <internalNodes>
        0 -1 71570 2.0837590098381042e-02</internalNodes>
      <leafValues>
        -1.2970814108848572e-01 3.5545143485069275e-01</leafValues></_>
    <_>
      <internalNodes>
        0 -1 5458 -2.9349079355597496e-02</internalNodes>
      <leafValues>
        4.2164716124534607e-01 -1.4508900046348572e-01</leafValues></_>
    <_>
      <internalNodes>
        0 -1 8519 -2.6397347450256348e-02</internalNodes>
      <leafValues>
        4.2859396338462830e-01 -1.5265129506587982e-01</leafValues></_>
    <_>
      <internalNodes>
        0 -1 9219 1.6919655725359917e-02</internalNodes>
      <leafValues>
        -1.4241518080234528e-01 3.9141541719436646e-01</leafValues></_>
    <_>
      <internalNodes>
        0 -1 78413 4.6441858285106719e-04</internalNodes>
      <leafValues>
        1.7352510988712311e-01 -3.0346211791038513e-01</leafValues></_>
    <_>
      <internalNodes>
        0 -1 78413 -1.2775349896401167e-03</internalNodes>
      <leafValues>
        -5.2052062749862671e-01 8.8051795959472656e-02</leafValues></_>
    <_>
      <internalNodes>
        0 -1 72985 -9.3429321423172951e-03</internalNodes>
      <leafValues>
        2.9383414983749390e-01 -1.5050879120826721e-01</leafValues></_>
    <_>
      <internalNodes>
        0 -1 77723 -4.2135553667321801e-04</internalNodes>
      <leafValues>
        -3.5773086547851562e-01 1.1207350343465805e-01</leafValues></_>
    <_>
      <internalNodes>
        0 -1 77661 5.1780336070805788e-04</internalNodes>
      <leafValues>
        1.3705994188785553e-01 -3.6812263727188110e-01</leafValues></_>
    <_>
      <internalNodes>
        0 -1 77314 8.7872659787535667e-03</internalNodes>
      <leafValues>
        -9.0279690921306610e-02 6.1405003070831299e-01</leafValues></_>
    <_>
      <internalNodes>
        0 -1 63502 5.6512495502829552e-03</internalNodes>
      <leafValues>
        -1.3542222976684570e-01 3.0294567346572876e-01</leafValues></_>
    <_>
      <internalNodes>
        0 -1 577 4.6129113435745239e-01</internalNodes>
      <leafValues>
        5.4104693233966827e-02 -7.3088651895523071e-01</leafValues></_>
    <_>
      <internalNodes>
        0 -1 0 -6.5127032576128840e-04</internalNodes>
      <leafValues>
        -4.4847032427787781e-01 7.7530860900878906e-02</leafValues></_>
    <_>
      <internalNodes>
        0 -1 6110 -7.0571564137935638e-03</internalNodes>
      <leafValues>
        2.8001540899276733e-01 -1.6792064905166626e-01</leafValues></_>
    <_>
      <internalNodes>
        0 -1 5764 5.0908289849758148e-03</internalNodes>
      <leafValues>
        1.3296480476856232e-01 -3.4142240881919861e-01</leafValues></_>
    <_>
      <internalNodes>
        0 -1 16831 -1.1372448876500130e-02</internalNodes>
      <leafValues>
        2.8219372034072876e-01 -1.6460327804088593e-01</leafValues></_>
    <_>
      <internalNodes>
        0 -1 68482 -1.4101153239607811e-02</internalNodes>
      <leafValues>
        4.1999045014381409e-01 -9.9010430276393890e-02</leafValues></_>
    <_>
      <internalNodes>
        0 -1 42007 -3.7542752921581268e-02</internalNodes>
      <leafValues>
        5.0922578573226929e-01 -8.7845243513584137e-02</leafValues></_>
    <_>
      <internalNodes>
        0 -1 76429 6.9686947390437126e-03</internalNodes>
      <leafValues>
        -7.3531411588191986e-02 5.3327965736389160e-01</leafValues></_>
    <_>
      <internalNodes>
        0 -1 28519 -4.6037119626998901e-01</internalNodes>
      <leafValues>
        -8.1725186109542847e-01 6.2255091965198517e-02</leafValues></_>
    <_>
      <internalNodes>
        0 -1 50720 -3.9406932890415192e-02</internalNodes>
      <leafValues>
        4.5093765854835510e-01 -1.0778955370187759e-01</leafValues></_>
    <_>
      <internalNodes>
        0 -1 65332 8.9028506772592664e-04</internalNodes>
      <leafValues>
        1.2638469040393829e-01 -3.4063473343849182e-01</leafValues></_>
    <_>
      <internalNodes>
        0 -1 51435 1.9111946225166321e-02</internalNodes>
      <leafValues>
        -1.1372038722038269e-01 3.5669067502021790e-01</leafValues></_>
    <_>
      <internalNodes>
        0 -1 56045 5.5878108832985163e-04</internalNodes>
      <leafValues>
        1.3638034462928772e-01 -3.1313887238502502e-01</leafValues></_>
    <_>
      <internalNodes>
        0 -1 1119 -2.0912773907184601e-02</internalNodes>
      <leafValues>
        3.5697528719902039e-01 -1.1630825698375702e-01</leafValues></_>
    <_>
      <internalNodes>
        0 -1 74667 -6.4030610024929047e-02</internalNodes>
      <leafValues>
        -6.4693456888198853e-01 6.5191194415092468e-02</leafValues></_>
    <_>
      <internalNodes>
        0 -1 55043 -1.4290853869169950e-03</internalNodes>
      <leafValues>
        1.2286180257797241e-01 -2.9790693521499634e-01</leafValues></_>
    <_>
      <internalNodes>
        0 -1 24956 1.2997203739359975e-03</internalNodes>
      <leafValues>
        -7.7616810798645020e-02 4.9371436238288879e-01</leafValues></_>
    <_>
      <internalNodes>
        0 -1 27467 4.4427473098039627e-02</internalNodes>
      <leafValues>
        -1.0515413433313370e-01 3.4851533174514771e-01</leafValues></_>
    <_>
      <internalNodes>
        0 -1 48386 8.0957770347595215e-02</internalNodes>
      <leafValues>
        -5.8167163282632828e-02 6.8618094921112061e-01</leafValues></_></weakClassifiers></stage1>
</opencv_storage>
