<?xml version="1.0"?>
<opencv_storage>
<stage37>
  <maxWeakCount>100</maxWeakCount>
  <stageThreshold>-1.1570452451705933e+00</stageThreshold>
  <weakClassifiers>
    <_>
      <internalNodes>
        0 -1 69209 -5.1709063351154327e-02</internalNodes>
      <leafValues>
        3.4278351068496704e-01 -2.1825397387146950e-02</leafValues></_>
    <_>
      <internalNodes>
        0 -1 102557 -1.6857948899269104e-01</internalNodes>
      <leafValues>
        6.5971708297729492e-01 -2.3233892396092415e-02</leafValues></_>
    <_>
      <internalNodes>
        0 -1 102557 -1.6527353227138519e-01</internalNodes>
      <leafValues>
        -1. 3.0037809628993273e-03</leafValues></_>
    <_>
      <internalNodes>
        0 -1 102557 -1.6495326161384583e-01</internalNodes>
      <leafValues>
        9.7635424137115479e-01 -2.0136746752541512e-04</leafValues></_>
    <_>
      <internalNodes>
        0 -1 102557 -1.6488155722618103e-01</internalNodes>
      <leafValues>
        -1. 2.6659731520339847e-04</leafValues></_>
    <_>
      <internalNodes>
        0 -1 102557 -1.6458618640899658e-01</internalNodes>
      <leafValues>
        9.7766160964965820e-01 -4.9168930854648352e-04</leafValues></_>
    <_>
      <internalNodes>
        0 -1 102557 -1.6422832012176514e-01</internalNodes>
      <leafValues>
        -1. 5.3362140897661448e-04</leafValues></_>
    <_>
      <internalNodes>
        0 -1 102557 -1.5985234081745148e-01</internalNodes>
      <leafValues>
        9.5537525415420532e-01 -1.9030935363844037e-03</leafValues></_>
    <_>
      <internalNodes>
        0 -1 102557 -1.5890587866306305e-01</internalNodes>
      <leafValues>
        -1. 5.3488643607124686e-04</leafValues></_>
    <_>
      <internalNodes>
        0 -1 102557 -1.5754809975624084e-01</internalNodes>
      <leafValues>
        9.5134878158569336e-01 -1.6001360490918159e-03</leafValues></_>
    <_>
      <internalNodes>
        0 -1 102557 -1.5655577182769775e-01</internalNodes>
      <leafValues>
        -1. 1.0720698628574610e-03</leafValues></_>
    <_>
      <internalNodes>
        0 -1 102557 -1.5598648786544800e-01</internalNodes>
      <leafValues>
        9.5632785558700562e-01 -7.8982004197314382e-04</leafValues></_>
    <_>
      <internalNodes>
        0 -1 102557 -1.5585190057754517e-01</internalNodes>
      <leafValues>
        -1. 2.6837727637030184e-04</leafValues></_>
    <_>
      <internalNodes>
        0 -1 102557 -1.5580293536186218e-01</internalNodes>
      <leafValues>
        9.6008980274200439e-01 -2.9344443464651704e-04</leafValues></_>
    <_>
      <internalNodes>
        0 -1 102557 -1.5571755170822144e-01</internalNodes>
      <leafValues>
        -1. 2.6852157316170633e-04</leafValues></_>
    <_>
      <internalNodes>
        0 -1 102557 -1.5533158183097839e-01</internalNodes>
      <leafValues>
        9.6341562271118164e-01 -5.8740598615258932e-04</leafValues></_>
    <_>
      <internalNodes>
        0 -1 102557 -1.5506625175476074e-01</internalNodes>
      <leafValues>
        -1. 3.8691126974299550e-04</leafValues></_>
    <_>
      <internalNodes>
        0 -1 102557 -1.5477697551250458e-01</internalNodes>
      <leafValues>
        9.6623605489730835e-01 -5.8809685287997127e-04</leafValues></_>
    <_>
      <internalNodes>
        0 -1 102557 -1.5429776906967163e-01</internalNodes>
      <leafValues>
        -1. 5.3789233788847923e-04</leafValues></_>
    <_>
      <internalNodes>
        0 -1 102557 -1.5376374125480652e-01</internalNodes>
      <leafValues>
        9.6874481439590454e-01 -7.9339934745803475e-04</leafValues></_>
    <_>
      <internalNodes>
        0 -1 148361 3.3722962252795696e-03</internalNodes>
      <leafValues>
        -6.0885358601808548e-02 1.8236628174781799e-01</leafValues></_>
    <_>
      <internalNodes>
        0 -1 154855 -7.4858148582279682e-04</internalNodes>
      <leafValues>
        -3.3202511072158813e-01 2.0521229133009911e-02</leafValues></_>
    <_>
      <internalNodes>
        0 -1 151784 -2.7013848011847585e-05</internalNodes>
      <leafValues>
        1.2833142280578613e-01 -9.6462599933147430e-02</leafValues></_>
    <_>
      <internalNodes>
        0 -1 69258 4.2665068758651614e-04</internalNodes>
      <leafValues>
        7.8373424708843231e-02 -1.8496116995811462e-01</leafValues></_>
    <_>
      <internalNodes>
        0 -1 10688 2.1649451926350594e-02</internalNodes>
      <leafValues>
        -6.2097374349832535e-02 2.6424443721771240e-01</leafValues></_>
    <_>
      <internalNodes>
        0 -1 67247 -7.7329268679022789e-03</internalNodes>
      <leafValues>
        5.2341425418853760e-01 -7.6154535636305809e-03</leafValues></_>
    <_>
      <internalNodes>
        0 -1 1296 -1.4778940938413143e-02</internalNodes>
      <leafValues>
        9.9312819540500641e-02 -1.1105335503816605e-01</leafValues></_>
    <_>
      <internalNodes>
        0 -1 28753 -7.5022131204605103e-03</internalNodes>
      <leafValues>
        1.6156810522079468e-01 -7.3791556060314178e-02</leafValues></_>
    <_>
      <internalNodes>
        0 -1 1109 3.5877988557331264e-04</internalNodes>
      <leafValues>
        5.3279891610145569e-02 -1.7658481001853943e-01</leafValues></_>
    <_>
      <internalNodes>
        0 -1 1104 -4.3876556446775794e-04</internalNodes>
      <leafValues>
        -2.8435564041137695e-01 4.8020567744970322e-02</leafValues></_>
    <_>
      <internalNodes>
        0 -1 62115 -3.4676466602832079e-03</internalNodes>
      <leafValues>
        1.8314377963542938e-01 -6.2186963856220245e-02</leafValues></_>
    <_>
      <internalNodes>
        0 -1 61329 2.0509702153503895e-03</internalNodes>
      <leafValues>
        -7.8302383422851562e-02 1.6888822615146637e-01</leafValues></_>
    <_>
      <internalNodes>
        0 -1 104747 -5.1212625112384558e-04</internalNodes>
      <leafValues>
        -1.9668035209178925e-01 5.6154336780309677e-02</leafValues></_>
    <_>
      <internalNodes>
        0 -1 38494 -7.9887881875038147e-02</internalNodes>
      <leafValues>
        2.2561423480510712e-01 -6.2602154910564423e-02</leafValues></_>
    <_>
      <internalNodes>
        0 -1 159007 -9.7357050981372595e-04</internalNodes>
      <leafValues>
        3.3100193738937378e-01 -2.9564093798398972e-02</leafValues></_>
    <_>
      <internalNodes>
        0 -1 159007 2.2458715829998255e-04</internalNodes>
      <leafValues>
        -7.5345009565353394e-02 1.5088595449924469e-01</leafValues></_>
    <_>
      <internalNodes>
        0 -1 141899 6.4455124083906412e-04</internalNodes>
      <leafValues>
        -7.5852550566196442e-02 1.5265929698944092e-01</leafValues></_>
    <_>
      <internalNodes>
        0 -1 158317 -2.9765047656837851e-05</internalNodes>
      <leafValues>
        1.0392488539218903e-01 -1.1233207583427429e-01</leafValues></_>
    <_>
      <internalNodes>
        0 -1 120797 -3.0683718621730804e-02</internalNodes>
      <leafValues>
        5.2788692712783813e-01 -1.6792586073279381e-02</leafValues></_>
    <_>
      <internalNodes>
        0 -1 72050 -2.7364309877157211e-02</internalNodes>
      <leafValues>
        2.0477378368377686e-01 -5.5304408073425293e-02</leafValues></_>
    <_>
      <internalNodes>
        0 -1 133756 -2.1320642554201186e-04</internalNodes>
      <leafValues>
        -1.7918889224529266e-01 6.9823324680328369e-02</leafValues></_>
    <_>
      <internalNodes>
        0 -1 51011 -2.0249062776565552e-01</internalNodes>
      <leafValues>
        -3.4429726004600525e-01 2.8449531644582748e-02</leafValues></_>
    <_>
      <internalNodes>
        0 -1 23829 -1.3743922114372253e-02</internalNodes>
      <leafValues>
        1.1377725750207901e-01 -1.0255961865186691e-01</leafValues></_>
    <_>
      <internalNodes>
        0 -1 133459 6.1079524457454681e-03</internalNodes>
      <leafValues>
        -7.0445932447910309e-02 1.6987812519073486e-01</leafValues></_>
    <_>
      <internalNodes>
        0 -1 151880 1.9634183263406157e-04</internalNodes>
      <leafValues>
        6.8910457193851471e-02 -1.8144382536411285e-01</leafValues></_>
    <_>
      <internalNodes>
        0 -1 151864 -4.9214705359190702e-04</internalNodes>
      <leafValues>
        -1.7943365871906281e-01 7.1614086627960205e-02</leafValues></_>
    <_>
      <internalNodes>
        0 -1 101698 -1.9791027531027794e-02</internalNodes>
      <leafValues>
        6.1388647556304932e-01 -1.7239315435290337e-02</leafValues></_>
    <_>
      <internalNodes>
        0 -1 138916 -5.7907951995730400e-03</internalNodes>
      <leafValues>
        2.3679050803184509e-01 -4.9756929278373718e-02</leafValues></_>
    <_>
      <internalNodes>
        0 -1 98538 -6.8062939681112766e-04</internalNodes>
      <leafValues>
        1.5586082637310028e-01 -7.2425067424774170e-02</leafValues></_>
    <_>
      <internalNodes>
        0 -1 98426 8.4573542699217796e-04</internalNodes>
      <leafValues>
        -1.1561640352010727e-01 1.0971201956272125e-01</leafValues></_>
    <_>
      <internalNodes>
        0 -1 137022 -4.8558838898316026e-04</internalNodes>
      <leafValues>
        1.1404643952846527e-01 -1.0197710990905762e-01</leafValues></_>
    <_>
      <internalNodes>
        0 -1 85153 3.2414838671684265e-02</internalNodes>
      <leafValues>
        -5.4103989154100418e-02 2.5923663377761841e-01</leafValues></_>
    <_>
      <internalNodes>
        0 -1 128519 -1.0741562582552433e-03</internalNodes>
      <leafValues>
        -2.8459221124649048e-01 4.1315969079732895e-02</leafValues></_>
    <_>
      <internalNodes>
        0 -1 72117 1.0235577821731567e-01</internalNodes>
      <leafValues>
        -4.7790080308914185e-02 2.8239819407463074e-01</leafValues></_>
    <_>
      <internalNodes>
        0 -1 144037 2.4809865280985832e-03</internalNodes>
      <leafValues>
        -2.1855570375919342e-02 5.0689882040023804e-01</leafValues></_>
    <_>
      <internalNodes>
        0 -1 134542 -5.9349827468395233e-02</internalNodes>
      <leafValues>
        -5.1935863494873047e-01 2.4564566090703011e-02</leafValues></_>
    <_>
      <internalNodes>
        0 -1 107661 -7.8387111425399780e-03</internalNodes>
      <leafValues>
        1.9575060904026031e-01 -6.1144538223743439e-02</leafValues></_>
    <_>
      <internalNodes>
        0 -1 39774 2.7718055993318558e-02</internalNodes>
      <leafValues>
        -7.5831711292266846e-02 1.7281150817871094e-01</leafValues></_>
    <_>
      <internalNodes>
        0 -1 160868 2.6155379600822926e-03</internalNodes>
      <leafValues>
        3.9867144078016281e-02 -3.4879493713378906e-01</leafValues></_>
    <_>
      <internalNodes>
        0 -1 87392 -5.1625005900859833e-02</internalNodes>
      <leafValues>
        5.5771625041961670e-01 -2.4632949382066727e-02</leafValues></_>
    <_>
      <internalNodes>
        0 -1 20037 5.2946787327528000e-02</internalNodes>
      <leafValues>
        2.0085262134671211e-02 -6.8525969982147217e-01</leafValues></_>
    <_>
      <internalNodes>
        0 -1 139154 -3.2022071536630392e-04</internalNodes>
      <leafValues>
        -1.5241025388240814e-01 7.2896361351013184e-02</leafValues></_>
    <_>
      <internalNodes>
        0 -1 127465 -4.5097380643710494e-04</internalNodes>
      <leafValues>
        -1.6606184840202332e-01 6.6898390650749207e-02</leafValues></_>
    <_>
      <internalNodes>
        0 -1 120772 -1.4459844351222273e-05</internalNodes>
      <leafValues>
        1.0523560643196106e-01 -1.2886913120746613e-01</leafValues></_>
    <_>
      <internalNodes>
        0 -1 67895 1.5652678906917572e-02</internalNodes>
      <leafValues>
        -2.2259369492530823e-02 6.2401258945465088e-01</leafValues></_>
    <_>
      <internalNodes>
        0 -1 70723 1.2485468687373213e-05</internalNodes>
      <leafValues>
        -9.8269395530223846e-02 1.1456456780433655e-01</leafValues></_>
    <_>
      <internalNodes>
        0 -1 24068 -1.8364441348239779e-03</internalNodes>
      <leafValues>
        -3.9710620045661926e-01 3.0137704685330391e-02</leafValues></_>
    <_>
      <internalNodes>
        0 -1 95680 -6.6298288293182850e-03</internalNodes>
      <leafValues>
        5.6717807054519653e-01 -2.0701363682746887e-02</leafValues></_>
    <_>
      <internalNodes>
        0 -1 70718 1.9752554362639785e-04</internalNodes>
      <leafValues>
        6.7416869103908539e-02 -1.6611282527446747e-01</leafValues></_>
    <_>
      <internalNodes>
        0 -1 60440 -2.4868538603186607e-03</internalNodes>
      <leafValues>
        5.9848785400390625e-01 -2.1385192871093750e-02</leafValues></_>
    <_>
      <internalNodes>
        0 -1 7623 -9.5191597938537598e-04</internalNodes>
      <leafValues>
        1.4077410101890564e-01 -7.3106527328491211e-02</leafValues></_>
    <_>
      <internalNodes>
        0 -1 122102 -3.1622063368558884e-02</internalNodes>
      <leafValues>
        1.5441057085990906e-01 -6.5038405358791351e-02</leafValues></_>
    <_>
      <internalNodes>
        0 -1 146272 1.5757700428366661e-02</internalNodes>
      <leafValues>
        2.7644313871860504e-02 -4.6566480398178101e-01</leafValues></_>
    <_>
      <internalNodes>
        0 -1 126348 -3.0287791742011905e-04</internalNodes>
      <leafValues>
        -1.9140428304672241e-01 5.6285597383975983e-02</leafValues></_>
    <_>
      <internalNodes>
        0 -1 70720 -2.5473062123637646e-05</internalNodes>
      <leafValues>
        1.2104077637195587e-01 -9.2851214110851288e-02</leafValues></_>
    <_>
      <internalNodes>
        0 -1 57761 -5.1223829388618469e-02</internalNodes>
      <leafValues>
        9.0617603063583374e-01 -1.3783031143248081e-02</leafValues></_>
    <_>
      <internalNodes>
        0 -1 47460 1.2137860721850302e-05</internalNodes>
      <leafValues>
        -9.3448504805564880e-02 1.1322402209043503e-01</leafValues></_>
    <_>
      <internalNodes>
        0 -1 159263 -1.6125077381730080e-03</internalNodes>
      <leafValues>
        -2.3366127908229828e-01 4.6196606010198593e-02</leafValues></_>
    <_>
      <internalNodes>
        0 -1 156718 3.7027462385594845e-03</internalNodes>
      <leafValues>
        -7.7381953597068787e-02 1.3311251997947693e-01</leafValues></_>
    <_>
      <internalNodes>
        0 -1 124870 -1.4015266299247742e-01</internalNodes>
      <leafValues>
        -8.1713008880615234e-01 1.3222057372331619e-02</leafValues></_>
    <_>
      <internalNodes>
        0 -1 79599 1.3095486210659146e-03</internalNodes>
      <leafValues>
        -8.8807113468647003e-02 1.2930856645107269e-01</leafValues></_>
    <_>
      <internalNodes>
        0 -1 97636 -2.5175120681524277e-03</internalNodes>
      <leafValues>
        1.6695861518383026e-01 -9.7362615168094635e-02</leafValues></_>
    <_>
      <internalNodes>
        0 -1 23764 2.4728978052735329e-02</internalNodes>
      <leafValues>
        4.9778744578361511e-02 -2.3921534419059753e-01</leafValues></_>
    <_>
      <internalNodes>
        0 -1 12264 1.1896783486008644e-02</internalNodes>
      <leafValues>
        -3.2682012766599655e-02 3.8740527629852295e-01</leafValues></_>
    <_>
      <internalNodes>
        0 -1 134014 -1.1449364945292473e-02</internalNodes>
      <leafValues>
        1.3675887882709503e-01 -8.2444630563259125e-02</leafValues></_>
    <_>
      <internalNodes>
        0 -1 145958 1.9833736587315798e-03</internalNodes>
      <leafValues>
        -5.0052717328071594e-02 2.5780141353607178e-01</leafValues></_>
    <_>
      <internalNodes>
        0 -1 103595 -1.1259476840496063e-01</internalNodes>
      <leafValues>
        3.5681417584419250e-01 -3.4156098961830139e-02</leafValues></_>
    <_>
      <internalNodes>
        0 -1 121436 2.3961123079061508e-03</internalNodes>
      <leafValues>
        7.0600695908069611e-02 -1.6948312520980835e-01</leafValues></_>
    <_>
      <internalNodes>
        0 -1 134629 2.5909968826454133e-05</internalNodes>
      <leafValues>
        -1.1034567654132843e-01 1.1380419880151749e-01</leafValues></_>
    <_>
      <internalNodes>
        0 -1 11047 -1.4365034876391292e-03</internalNodes>
      <leafValues>
        1.6014648973941803e-01 -6.3660904765129089e-02</leafValues></_>
    <_>
      <internalNodes>
        0 -1 1150 3.9820531383156776e-03</internalNodes>
      <leafValues>
        -6.4958781003952026e-02 1.8322932720184326e-01</leafValues></_>
    <_>
      <internalNodes>
        0 -1 31869 -6.5590599551796913e-03</internalNodes>
      <leafValues>
        7.5486791133880615e-01 -1.3503759168088436e-02</leafValues></_>
    <_>
      <internalNodes>
        0 -1 143961 -3.9820797974243760e-04</internalNodes>
      <leafValues>
        -1.9107514619827271e-01 6.2067769467830658e-02</leafValues></_>
    <_>
      <internalNodes>
        0 -1 137672 2.0193005912005901e-03</internalNodes>
      <leafValues>
        -7.3451139032840729e-02 1.5846462547779083e-01</leafValues></_>
    <_>
      <internalNodes>
        0 -1 145137 1.1057157069444656e-02</internalNodes>
      <leafValues>
        -7.4100770056247711e-02 1.4951491355895996e-01</leafValues></_>
    <_>
      <internalNodes>
        0 -1 97941 -2.4362407624721527e-02</internalNodes>
      <leafValues>
        8.1053203344345093e-01 -1.1988802812993526e-02</leafValues></_>
    <_>
      <internalNodes>
        0 -1 160112 -3.4519646316766739e-02</internalNodes>
      <leafValues>
        7.2856062650680542e-01 -1.2158672325313091e-02</leafValues></_>
    <_>
      <internalNodes>
        0 -1 157399 -2.7070964279118925e-05</internalNodes>
      <leafValues>
        1.1189713329076767e-01 -1.0448440909385681e-01</leafValues></_>
    <_>
      <internalNodes>
        0 -1 151517 5.5847517214715481e-03</internalNodes>
      <leafValues>
        -7.2167553007602692e-02 1.8250386416912079e-01</leafValues></_>
    <_>
      <internalNodes>
        0 -1 140531 7.3107346892356873e-02</internalNodes>
      <leafValues>
        2.1297704428434372e-02 -6.3414430618286133e-01</leafValues></_></weakClassifiers></stage37>
</opencv_storage>
