<?xml version="1.0"?>
<opencv_storage>
<stage29>
  <maxWeakCount>100</maxWeakCount>
  <stageThreshold>-1.9331517815589905e-01</stageThreshold>
  <weakClassifiers>
    <_>
      <internalNodes>
        0 -1 110589 -1.6515897004865110e-04</internalNodes>
      <leafValues>
        -1.5691736340522766e-01 1.3551230728626251e-01</leafValues></_>
    <_>
      <internalNodes>
        0 -1 95515 1.5252071619033813e-01</internalNodes>
      <leafValues>
        -3.4843079745769501e-02 4.5663508772850037e-01</leafValues></_>
    <_>
      <internalNodes>
        0 -1 95515 1.5149185061454773e-01</internalNodes>
      <leafValues>
        8.5668615065515041e-04 -1.</leafValues></_>
    <_>
      <internalNodes>
        0 -1 95515 1.5133872628211975e-01</internalNodes>
      <leafValues>
        -2.5909059331752360e-04 1.</leafValues></_>
    <_>
      <internalNodes>
        0 -1 95515 1.5109437704086304e-01</internalNodes>
      <leafValues>
        2.3693327966611832e-04 -1.</leafValues></_>
    <_>
      <internalNodes>
        0 -1 95515 1.5087591111660004e-01</internalNodes>
      <leafValues>
        -2.5922514032572508e-04 1.</leafValues></_>
    <_>
      <internalNodes>
        0 -1 95515 1.5060263872146606e-01</internalNodes>
      <leafValues>
        5.5478670401498675e-04 -1.</leafValues></_>
    <_>
      <internalNodes>
        0 -1 95515 1.4986220002174377e-01</internalNodes>
      <leafValues>
        -1.0657848324626684e-03 9.9519234895706177e-01</leafValues></_>
    <_>
      <internalNodes>
        0 -1 95515 1.4808139204978943e-01</internalNodes>
      <leafValues>
        1.9491928396746516e-03 -9.7228670120239258e-01</leafValues></_>
    <_>
      <internalNodes>
        0 -1 95515 1.4763934910297394e-01</internalNodes>
      <leafValues>
        -8.6987018585205078e-04 9.9508166313171387e-01</leafValues></_>
    <_>
      <internalNodes>
        0 -1 95515 1.4727532863616943e-01</internalNodes>
      <leafValues>
        3.1966934329830110e-04 -9.7420704364776611e-01</leafValues></_>
    <_>
      <internalNodes>
        0 -1 95515 1.4631067216396332e-01</internalNodes>
      <leafValues>
        -8.7138864910230041e-04 9.9491798877716064e-01</leafValues></_>
    <_>
      <internalNodes>
        0 -1 95515 1.4546456933021545e-01</internalNodes>
      <leafValues>
        7.9779338557273149e-04 -9.7571957111358643e-01</leafValues></_>
    <_>
      <internalNodes>
        0 -1 95515 1.4488038420677185e-01</internalNodes>
      <leafValues>
        -7.8405655222013593e-04 9.9476218223571777e-01</leafValues></_>
    <_>
      <internalNodes>
        0 -1 95515 1.4268749952316284e-01</internalNodes>
      <leafValues>
        2.1055913530290127e-03 -9.4416612386703491e-01</leafValues></_>
    <_>
      <internalNodes>
        0 -1 95515 1.4244526624679565e-01</internalNodes>
      <leafValues>
        -5.2420841529965401e-04 9.9429005384445190e-01</leafValues></_>
    <_>
      <internalNodes>
        0 -1 95515 1.4184081554412842e-01</internalNodes>
      <leafValues>
        3.2224334427155554e-04 -9.6876984834671021e-01</leafValues></_>
    <_>
      <internalNodes>
        0 -1 95515 1.4126679301261902e-01</internalNodes>
      <leafValues>
        -2.6231200899928808e-04 9.9397790431976318e-01</leafValues></_>
    <_>
      <internalNodes>
        0 -1 95515 1.4112988114356995e-01</internalNodes>
      <leafValues>
        2.4067329650279135e-04 -9.7042709589004517e-01</leafValues></_>
    <_>
      <internalNodes>
        0 -1 95515 1.4099818468093872e-01</internalNodes>
      <leafValues>
        -5.2503723418340087e-04 9.9367505311965942e-01</leafValues></_>
    <_>
      <internalNodes>
        0 -1 95515 1.4089620113372803e-01</internalNodes>
      <leafValues>
        3.2260644366033375e-04 -1.</leafValues></_>
    <_>
      <internalNodes>
        0 -1 95515 1.4052528142929077e-01</internalNodes>
      <leafValues>
        -5.2558910101652145e-04 9.9379050731658936e-01</leafValues></_>
    <_>
      <internalNodes>
        0 -1 95515 1.4035537838935852e-01</internalNodes>
      <leafValues>
        5.6391500402241945e-04 -1.</leafValues></_>
    <_>
      <internalNodes>
        0 -1 95515 1.4015212655067444e-01</internalNodes>
      <leafValues>
        -2.6300185709260404e-04 9.9393254518508911e-01</leafValues></_>
    <_>
      <internalNodes>
        0 -1 95515 1.4001581072807312e-01</internalNodes>
      <leafValues>
        3.2317917793989182e-04 -9.7160547971725464e-01</leafValues></_>
    <_>
      <internalNodes>
        0 -1 95515 1.3984149694442749e-01</internalNodes>
      <leafValues>
        -2.6314030401408672e-04 9.9362492561340332e-01</leafValues></_>
    <_>
      <internalNodes>
        0 -1 95515 1.3960726559162140e-01</internalNodes>
      <leafValues>
        3.2338820165023208e-04 -1.</leafValues></_>
    <_>
      <internalNodes>
        0 -1 95515 1.3947908580303192e-01</internalNodes>
      <leafValues>
        -2.6327886735089123e-04 9.9372369050979614e-01</leafValues></_>
    <_>
      <internalNodes>
        0 -1 95515 1.3940638303756714e-01</internalNodes>
      <leafValues>
        3.2359751639887691e-04 -1.</leafValues></_>
    <_>
      <internalNodes>
        0 -1 95515 1.3937664031982422e-01</internalNodes>
      <leafValues>
        -2.6341757620684803e-04 9.9381953477859497e-01</leafValues></_>
    <_>
      <internalNodes>
        0 -1 95515 1.3930752873420715e-01</internalNodes>
      <leafValues>
        3.2380706397816539e-04 -1.</leafValues></_>
    <_>
      <internalNodes>
        0 -1 95515 1.3921353220939636e-01</internalNodes>
      <leafValues>
        -2.6355643058195710e-04 9.9391263723373413e-01</leafValues></_>
    <_>
      <internalNodes>
        0 -1 95515 1.3889503479003906e-01</internalNodes>
      <leafValues>
        5.6601548567414284e-04 -1.</leafValues></_>
    <_>
      <internalNodes>
        0 -1 95515 1.3828106224536896e-01</internalNodes>
      <leafValues>
        -8.8120158761739731e-04 9.9408817291259766e-01</leafValues></_>
    <_>
      <internalNodes>
        0 -1 95515 1.3808155059814453e-01</internalNodes>
      <leafValues>
        6.4897839911282063e-04 -9.7250449657440186e-01</leafValues></_>
    <_>
      <internalNodes>
        0 -1 95515 1.3767924904823303e-01</internalNodes>
      <leafValues>
        -2.6416059699840844e-04 9.9379819631576538e-01</leafValues></_>
    <_>
      <internalNodes>
        0 -1 95515 1.3731187582015991e-01</internalNodes>
      <leafValues>
        3.2480547088198364e-04 -1.</leafValues></_>
    <_>
      <internalNodes>
        0 -1 95515 1.3711890578269958e-01</internalNodes>
      <leafValues>
        -5.2874040557071567e-04 9.9390900135040283e-01</leafValues></_>
    <_>
      <internalNodes>
        0 -1 95515 1.3662892580032349e-01</internalNodes>
      <leafValues>
        1.3626191066578031e-03 -9.9054199457168579e-01</leafValues></_>
    <_>
      <internalNodes>
        0 -1 95515 1.3519328832626343e-01</internalNodes>
      <leafValues>
        -1.5053038951009512e-03 9.9400997161865234e-01</leafValues></_>
    <_>
      <internalNodes>
        0 -1 95515 1.3497245311737061e-01</internalNodes>
      <leafValues>
        5.6961295194923878e-04 -9.9070107936859131e-01</leafValues></_>
    <_>
      <internalNodes>
        0 -1 95515 1.3439676165580750e-01</internalNodes>
      <leafValues>
        -1.4420361258089542e-03 9.8909348249435425e-01</leafValues></_>
    <_>
      <internalNodes>
        0 -1 95515 1.3076943159103394e-01</internalNodes>
      <leafValues>
        3.2538396771997213e-03 -9.4949138164520264e-01</leafValues></_>
    <_>
      <internalNodes>
        0 -1 95515 1.2952093780040741e-01</internalNodes>
      <leafValues>
        -1.6959074418991804e-03 9.8875528573989868e-01</leafValues></_>
    <_>
      <internalNodes>
        0 -1 95515 1.2917491793632507e-01</internalNodes>
      <leafValues>
        6.5945315873250365e-04 -9.5385444164276123e-01</leafValues></_>
    <_>
      <internalNodes>
        0 -1 95515 1.2899801135063171e-01</internalNodes>
      <leafValues>
        -3.5911324084736407e-04 7.4988007545471191e-01</leafValues></_>
    <_>
      <internalNodes>
        0 -1 95515 1.3431912660598755e-01</internalNodes>
      <leafValues>
        -1.7388315172865987e-03 -9.2967963218688965e-01</leafValues></_>
    <_>
      <internalNodes>
        0 -1 95515 1.3425438106060028e-01</internalNodes>
      <leafValues>
        -3.1585874967277050e-04 9.9532222747802734e-01</leafValues></_>
    <_>
      <internalNodes>
        0 -1 95515 1.3409364223480225e-01</internalNodes>
      <leafValues>
        5.5525038624182343e-04 -9.4047892093658447e-01</leafValues></_>
    <_>
      <internalNodes>
        0 -1 95515 1.3403624296188354e-01</internalNodes>
      <leafValues>
        -3.1605659751221538e-04 9.9473744630813599e-01</leafValues></_>
    <_>
      <internalNodes>
        0 -1 95515 1.2835200130939484e-01</internalNodes>
      <leafValues>
        2.3920559324324131e-03 -9.3415260314941406e-01</leafValues></_>
    <_>
      <internalNodes>
        0 -1 95515 1.2808108329772949e-01</internalNodes>
      <leafValues>
        -6.2778725987300277e-04 9.8952007293701172e-01</leafValues></_>
    <_>
      <internalNodes>
        0 -1 95515 1.2793667614459991e-01</internalNodes>
      <leafValues>
        2.4663159274496138e-04 -9.6376127004623413e-01</leafValues></_>
    <_>
      <internalNodes>
        0 -1 95515 1.2768170237541199e-01</internalNodes>
      <leafValues>
        -2.6856464683078229e-04 9.8894482851028442e-01</leafValues></_>
    <_>
      <internalNodes>
        0 -1 95515 1.2739282846450806e-01</internalNodes>
      <leafValues>
        3.3059788984246552e-04 -9.6568232774734497e-01</leafValues></_>
    <_>
      <internalNodes>
        0 -1 95515 1.2699607014656067e-01</internalNodes>
      <leafValues>
        -5.3756241686642170e-04 7.6221108436584473e-01</leafValues></_>
    <_>
      <internalNodes>
        0 -1 95515 1.2681397795677185e-01</internalNodes>
      <leafValues>
        6.6185218747705221e-04 -8.9529341459274292e-01</leafValues></_>
    <_>
      <internalNodes>
        0 -1 95515 1.2666758894920349e-01</internalNodes>
      <leafValues>
        -5.3814088460057974e-04 9.9532061815261841e-01</leafValues></_>
    <_>
      <internalNodes>
        0 -1 95515 1.2508697807788849e-01</internalNodes>
      <leafValues>
        9.7287195967510343e-04 -9.2502439022064209e-01</leafValues></_>
    <_>
      <internalNodes>
        0 -1 95515 1.2432189285755157e-01</internalNodes>
      <leafValues>
        -1.6187782166525722e-03 9.9464672803878784e-01</leafValues></_>
    <_>
      <internalNodes>
        0 -1 95515 1.2335439026355743e-01</internalNodes>
      <leafValues>
        1.4937283704057336e-03 -9.5788294076919556e-01</leafValues></_>
    <_>
      <internalNodes>
        0 -1 95515 1.2306416034698486e-01</internalNodes>
      <leafValues>
        -5.4075889056548476e-04 9.8935180902481079e-01</leafValues></_>
    <_>
      <internalNodes>
        0 -1 95515 1.2286932766437531e-01</internalNodes>
      <leafValues>
        3.3307305420748889e-04 -9.6750563383102417e-01</leafValues></_>
    <_>
      <internalNodes>
        0 -1 95515 1.2273003160953522e-01</internalNodes>
      <leafValues>
        -2.7059949934482574e-04 7.7001547813415527e-01</leafValues></_>
    <_>
      <internalNodes>
        0 -1 95515 1.2250249087810516e-01</internalNodes>
      <leafValues>
        3.3329511643387377e-04 -8.9037269353866577e-01</leafValues></_>
    <_>
      <internalNodes>
        0 -1 95515 1.2222264707088470e-01</internalNodes>
      <leafValues>
        -2.7074600802734494e-04 9.9538469314575195e-01</leafValues></_>
    <_>
      <internalNodes>
        0 -1 95515 1.2213134765625000e-01</internalNodes>
      <leafValues>
        2.4893227964639664e-04 -9.2838501930236816e-01</leafValues></_>
    <_>
      <internalNodes>
        0 -1 95515 1.2208664417266846e-01</internalNodes>
      <leafValues>
        -3.6294254823587835e-04 9.9017202854156494e-01</leafValues></_>
    <_>
      <internalNodes>
        0 -1 95515 1.2175222486257553e-01</internalNodes>
      <leafValues>
        6.6758994944393635e-04 -9.5849400758743286e-01</leafValues></_>
    <_>
      <internalNodes>
        0 -1 95515 1.2138660997152328e-01</internalNodes>
      <leafValues>
        -5.4232589900493622e-04 9.8946517705917358e-01</leafValues></_>
    <_>
      <internalNodes>
        0 -1 95515 1.2106154859066010e-01</internalNodes>
      <leafValues>
        1.0030589764937758e-03 -9.6857333183288574e-01</leafValues></_>
    <_>
      <internalNodes>
        0 -1 95515 1.1723749339580536e-01</internalNodes>
      <leafValues>
        -5.2038673311471939e-03 7.5585925579071045e-01</leafValues></_>
    <_>
      <internalNodes>
        0 -1 95515 1.1717103421688080e-01</internalNodes>
      <leafValues>
        3.3615840948186815e-04 -8.9835602045059204e-01</leafValues></_>
    <_>
      <internalNodes>
        0 -1 95515 1.1709965765476227e-01</internalNodes>
      <leafValues>
        -2.7537418645806611e-04 9.7865414619445801e-01</leafValues></_>
    <_>
      <internalNodes>
        0 -1 95515 1.1690507084131241e-01</internalNodes>
      <leafValues>
        5.8770779287442565e-04 -9.1611158847808838e-01</leafValues></_>
    <_>
      <internalNodes>
        0 -1 95515 1.1644357442855835e-01</internalNodes>
      <leafValues>
        -9.2076160944998264e-04 9.7569561004638672e-01</leafValues></_>
    <_>
      <internalNodes>
        0 -1 95515 1.1633012443780899e-01</internalNodes>
      <leafValues>
        2.5140235084109008e-04 -9.3869429826736450e-01</leafValues></_>
    <_>
      <internalNodes>
        0 -1 95515 1.1629875004291534e-01</internalNodes>
      <leafValues>
        -2.7603394119068980e-04 9.6956902742385864e-01</leafValues></_>
    <_>
      <internalNodes>
        0 -1 95515 1.1628229916095734e-01</internalNodes>
      <leafValues>
        2.5152906891889870e-04 -9.6189457178115845e-01</leafValues></_>
    <_>
      <internalNodes>
        0 -1 95515 1.1591205000877380e-01</internalNodes>
      <leafValues>
        -2.7618641615845263e-04 9.6904808282852173e-01</leafValues></_>
    <_>
      <internalNodes>
        0 -1 95515 1.1494496464729309e-01</internalNodes>
      <leafValues>
        5.0343800103291869e-04 -9.6302139759063721e-01</leafValues></_>
    <_>
      <internalNodes>
        0 -1 95515 1.1450967937707901e-01</internalNodes>
      <leafValues>
        -1.1062733829021454e-03 9.6889948844909668e-01</leafValues></_>
    <_>
      <internalNodes>
        0 -1 95515 1.1412224173545837e-01</internalNodes>
      <leafValues>
        9.2748960014432669e-04 -9.6386450529098511e-01</leafValues></_>
    <_>
      <internalNodes>
        0 -1 95515 1.1343240737915039e-01</internalNodes>
      <leafValues>
        -1.2029921635985374e-03 9.6889919042587280e-01</leafValues></_>
    <_>
      <internalNodes>
        0 -1 95515 1.1268803477287292e-01</internalNodes>
      <leafValues>
        1.5825375448912382e-03 -9.5861744880676270e-01</leafValues></_>
    <_>
      <internalNodes>
        0 -1 95515 1.1252069473266602e-01</internalNodes>
      <leafValues>
        -5.5569881806150079e-04 9.6846580505371094e-01</leafValues></_>
    <_>
      <internalNodes>
        0 -1 95515 1.1242958903312683e-01</internalNodes>
      <leafValues>
        3.3939382410608232e-04 -9.5956987142562866e-01</leafValues></_>
    <_>
      <internalNodes>
        0 -1 95515 1.1228807270526886e-01</internalNodes>
      <leafValues>
        -2.7808183222077787e-04 7.7783513069152832e-01</leafValues></_>
    <_>
      <internalNodes>
        0 -1 95515 1.1220213770866394e-01</internalNodes>
      <leafValues>
        2.5349002680741251e-04 -7.0552885532379150e-01</leafValues></_>
    <_>
      <internalNodes>
        0 -1 95515 1.1205461621284485e-01</internalNodes>
      <leafValues>
        -5.5662804516032338e-04 7.1467608213424683e-01</leafValues></_>
    <_>
      <internalNodes>
        0 -1 95515 1.1053884029388428e-01</internalNodes>
      <leafValues>
        1.6531435539945960e-03 -7.0707148313522339e-01</leafValues></_>
    <_>
      <internalNodes>
        0 -1 95515 1.0787829756736755e-01</internalNodes>
      <leafValues>
        -2.1466938778758049e-03 7.0436841249465942e-01</leafValues></_>
    <_>
      <internalNodes>
        0 -1 95515 1.0681103169918060e-01</internalNodes>
      <leafValues>
        1.1708415113389492e-03 -7.1223187446594238e-01</leafValues></_>
    <_>
      <internalNodes>
        0 -1 95515 1.0391058772802353e-01</internalNodes>
      <leafValues>
        -2.8599654324352741e-03 7.0341390371322632e-01</leafValues></_>
    <_>
      <internalNodes>
        0 -1 95515 1.0188287496566772e-01</internalNodes>
      <leafValues>
        2.0482123363763094e-03 -7.0502883195877075e-01</leafValues></_>
    <_>
      <internalNodes>
        0 -1 95515 1.0150499641895294e-01</internalNodes>
      <leafValues>
        -5.6779436999931931e-04 7.2579824924468994e-01</leafValues></_>
    <_>
      <internalNodes>
        0 -1 95515 9.9096626043319702e-02</internalNodes>
      <leafValues>
        1.8013436347246170e-03 -7.0474451780319214e-01</leafValues></_>
    <_>
      <internalNodes>
        0 -1 95515 9.7529232501983643e-02</internalNodes>
      <leafValues>
        -1.3977100607007742e-03 6.9799584150314331e-01</leafValues></_>
    <_>
      <internalNodes>
        0 -1 95515 9.7455292940139771e-02</internalNodes>
      <leafValues>
        3.4872800461016595e-04 -7.0581126213073730e-01</leafValues></_>
    <_>
      <internalNodes>
        0 -1 95515 9.7439475357532501e-02</internalNodes>
      <leafValues>
        -2.8603911050595343e-04 7.0370548963546753e-01</leafValues></_></weakClassifiers></stage29>
</opencv_storage>
