<?xml version="1.0"?>
<opencv_storage>
<stage24>
  <maxWeakCount>100</maxWeakCount>
  <stageThreshold>-2.0276334881782532e-01</stageThreshold>
  <weakClassifiers>
    <_>
      <internalNodes>
        0 -1 102009 -1.5267726778984070e-01</internalNodes>
      <leafValues>
        6.6857141256332397e-01 2.2896552458405495e-02</leafValues></_>
    <_>
      <internalNodes>
        0 -1 32807 2.4486932903528214e-02</internalNodes>
      <leafValues>
        -7.3741175234317780e-02 2.8209337592124939e-01</leafValues></_>
    <_>
      <internalNodes>
        0 -1 102009 -1.5194228291511536e-01</internalNodes>
      <leafValues>
        -1. 1.6749951988458633e-02</leafValues></_>
    <_>
      <internalNodes>
        0 -1 102009 -1.5146616101264954e-01</internalNodes>
      <leafValues>
        9.8138189315795898e-01 -2.0032234897371382e-04</leafValues></_>
    <_>
      <internalNodes>
        0 -1 102009 -1.5118589997291565e-01</internalNodes>
      <leafValues>
        -1. 3.8428470725193620e-04</leafValues></_>
    <_>
      <internalNodes>
        0 -1 102009 -1.5098410844802856e-01</internalNodes>
      <leafValues>
        9.8214501142501831e-01 -2.8831197414547205e-04</leafValues></_>
    <_>
      <internalNodes>
        0 -1 102009 -1.5088193118572235e-01</internalNodes>
      <leafValues>
        -1. 2.6940149837173522e-04</leafValues></_>
    <_>
      <internalNodes>
        0 -1 102009 -1.5087777376174927e-01</internalNodes>
      <leafValues>
        9.8284924030303955e-01 -2.8847833164036274e-04</leafValues></_>
    <_>
      <internalNodes>
        0 -1 102009 -1.5082243084907532e-01</internalNodes>
      <leafValues>
        -1. 2.6954672648571432e-04</leafValues></_>
    <_>
      <internalNodes>
        0 -1 102009 -1.5006408095359802e-01</internalNodes>
      <leafValues>
        9.8360979557037354e-01 -6.9336785236373544e-04</leafValues></_>
    <_>
      <internalNodes>
        0 -1 102009 -1.4809843897819519e-01</internalNodes>
      <leafValues>
        -9.6774393320083618e-01 1.8725733971223235e-03</leafValues></_>
    <_>
      <internalNodes>
        0 -1 102009 -1.4783759415149689e-01</internalNodes>
      <leafValues>
        9.8342221975326538e-01 -8.6813810048624873e-04</leafValues></_>
    <_>
      <internalNodes>
        0 -1 102009 -1.4715790748596191e-01</internalNodes>
      <leafValues>
        -9.6962541341781616e-01 5.4186838679015636e-04</leafValues></_>
    <_>
      <internalNodes>
        0 -1 102009 -1.4704544842243195e-01</internalNodes>
      <leafValues>
        9.8304265737533569e-01 -2.8971538995392621e-04</leafValues></_>
    <_>
      <internalNodes>
        0 -1 102009 -1.4684750139713287e-01</internalNodes>
      <leafValues>
        -9.7123616933822632e-01 5.4245645878836513e-04</leafValues></_>
    <_>
      <internalNodes>
        0 -1 102009 -1.4589703083038330e-01</internalNodes>
      <leafValues>
        9.8286175727844238e-01 -7.8324193600565195e-04</leafValues></_>
    <_>
      <internalNodes>
        0 -1 102009 -1.4486199617385864e-01</internalNodes>
      <leafValues>
        -9.4824528694152832e-01 1.5733384061604738e-03</leafValues></_>
    <_>
      <internalNodes>
        0 -1 109896 -1.1776126921176910e-01</internalNodes>
      <leafValues>
        9.1149431467056274e-01 -8.5775032639503479e-03</leafValues></_>
    <_>
      <internalNodes>
        0 -1 109896 -1.1747792363166809e-01</internalNodes>
      <leafValues>
        -9.5824235677719116e-01 1.0965146357193589e-03</leafValues></_>
    <_>
      <internalNodes>
        0 -1 109896 -1.1739096045494080e-01</internalNodes>
      <leafValues>
        9.1989892721176147e-01 -5.9448473621159792e-04</leafValues></_>
    <_>
      <internalNodes>
        0 -1 109896 -1.1714656651020050e-01</internalNodes>
      <leafValues>
        -9.5586198568344116e-01 5.4926605662330985e-04</leafValues></_>
    <_>
      <internalNodes>
        0 -1 109896 -1.1711773276329041e-01</internalNodes>
      <leafValues>
        9.2581671476364136e-01 -2.0841197692789137e-04</leafValues></_>
    <_>
      <internalNodes>
        0 -1 109896 -1.1702524125576019e-01</internalNodes>
      <leafValues>
        -9.5365500450134277e-01 2.7485951432026923e-04</leafValues></_>
    <_>
      <internalNodes>
        0 -1 109896 -1.1682885140180588e-01</internalNodes>
      <leafValues>
        9.2993891239166260e-01 -2.9763195198029280e-04</leafValues></_>
    <_>
      <internalNodes>
        0 -1 109896 -1.1669916659593582e-01</internalNodes>
      <leafValues>
        -9.5194423198699951e-01 2.7501067961566150e-04</leafValues></_>
    <_>
      <internalNodes>
        0 -1 109896 -1.1583118140697479e-01</internalNodes>
      <leafValues>
        9.3331152200698853e-01 -5.9579586377367377e-04</leafValues></_>
    <_>
      <internalNodes>
        0 -1 109896 -1.1533583700656891e-01</internalNodes>
      <leafValues>
        -9.5136737823486328e-01 6.6818279447034001e-04</leafValues></_>
    <_>
      <internalNodes>
        0 -1 109896 -1.1468305438756943e-01</internalNodes>
      <leafValues>
        9.3647295236587524e-01 -1.2241324875503778e-03</leafValues></_>
    <_>
      <internalNodes>
        0 -1 109896 -1.1387643218040466e-01</internalNodes>
      <leafValues>
        -9.3879687786102295e-01 1.1697862064465880e-03</leafValues></_>
    <_>
      <internalNodes>
        0 -1 109896 -1.1351694911718369e-01</internalNodes>
      <leafValues>
        9.3794304132461548e-01 -1.1971563799306750e-03</leafValues></_>
    <_>
      <internalNodes>
        0 -1 109896 -1.1335234344005585e-01</internalNodes>
      <leafValues>
        -9.3926864862442017e-01 2.7629078249447048e-04</leafValues></_>
    <_>
      <internalNodes>
        0 -1 109896 -1.1322598904371262e-01</internalNodes>
      <leafValues>
        9.3849986791610718e-01 -5.9965526452288032e-04</leafValues></_>
    <_>
      <internalNodes>
        0 -1 109896 -1.1274501681327820e-01</internalNodes>
      <leafValues>
        -9.4029498100280762e-01 5.5304105626419187e-04</leafValues></_>
    <_>
      <internalNodes>
        0 -1 109896 -1.1133481562137604e-01</internalNodes>
      <leafValues>
        9.3204057216644287e-01 -1.6498599434271455e-03</leafValues></_>
    <_>
      <internalNodes>
        0 -1 109896 -1.1118347942829132e-01</internalNodes>
      <leafValues>
        -9.4182175397872925e-01 2.7696747565641999e-04</leafValues></_>
    <_>
      <internalNodes>
        0 -1 109896 -1.1087568104267120e-01</internalNodes>
      <leafValues>
        9.3351936340332031e-01 -3.0132778920233250e-04</leafValues></_>
    <_>
      <internalNodes>
        0 -1 109896 -1.1061355471611023e-01</internalNodes>
      <leafValues>
        -9.4139993190765381e-01 2.7712245355360210e-04</leafValues></_>
    <_>
      <internalNodes>
        0 -1 109896 -1.0944303870201111e-01</internalNodes>
      <leafValues>
        9.3002283573150635e-01 -1.0510832071304321e-03</leafValues></_>
    <_>
      <internalNodes>
        0 -1 109896 -1.0936300456523895e-01</internalNodes>
      <leafValues>
        -9.4192856550216675e-01 2.7742961538024247e-04</leafValues></_>
    <_>
      <internalNodes>
        0 -1 109896 -1.0918603837490082e-01</internalNodes>
      <leafValues>
        9.3189829587936401e-01 -4.2364379623904824e-04</leafValues></_>
    <_>
      <internalNodes>
        0 -1 109896 -1.0906754434108734e-01</internalNodes>
      <leafValues>
        -9.4130027294158936e-01 2.7758401120081544e-04</leafValues></_>
    <_>
      <internalNodes>
        0 -1 109896 -1.0889974981546402e-01</internalNodes>
      <leafValues>
        9.3353766202926636e-01 -4.2400305392220616e-04</leafValues></_>
    <_>
      <internalNodes>
        0 -1 109896 -1.0853299498558044e-01</internalNodes>
      <leafValues>
        -9.4092524051666260e-01 2.7773820329457521e-04</leafValues></_>
    <_>
      <internalNodes>
        0 -1 109896 -1.0819715261459351e-01</internalNodes>
      <leafValues>
        9.3485999107360840e-01 -6.0583336744457483e-04</leafValues></_>
    <_>
      <internalNodes>
        0 -1 109896 -1.0798051953315735e-01</internalNodes>
      <leafValues>
        -9.4074177742004395e-01 2.7789251180365682e-04</leafValues></_>
    <_>
      <internalNodes>
        0 -1 109896 -1.0779780149459839e-01</internalNodes>
      <leafValues>
        9.3578225374221802e-01 -3.0319220968522131e-04</leafValues></_>
    <_>
      <internalNodes>
        0 -1 109896 -1.0765704512596130e-01</internalNodes>
      <leafValues>
        -9.4118875265121460e-01 5.5624888045713305e-04</leafValues></_>
    <_>
      <internalNodes>
        0 -1 109896 -1.0753663629293442e-01</internalNodes>
      <leafValues>
        9.3657791614532471e-01 -2.1252250007819384e-04</leafValues></_>
    <_>
      <internalNodes>
        0 -1 109896 -1.0743990540504456e-01</internalNodes>
      <leafValues>
        -9.4116389751434326e-01 2.7835668879561126e-04</leafValues></_>
    <_>
      <internalNodes>
        0 -1 109896 -1.0739381611347198e-01</internalNodes>
      <leafValues>
        9.3726354837417603e-01 -2.1261291112750769e-04</leafValues></_>
    <_>
      <internalNodes>
        0 -1 109896 -1.0731473565101624e-01</internalNodes>
      <leafValues>
        -9.4121783971786499e-01 2.7851175400428474e-04</leafValues></_>
    <_>
      <internalNodes>
        0 -1 109896 -1.0686363279819489e-01</internalNodes>
      <leafValues>
        9.3145114183425903e-01 -9.3992165056988597e-04</leafValues></_>
    <_>
      <internalNodes>
        0 -1 109896 -1.0680432617664337e-01</internalNodes>
      <leafValues>
        -9.4163888692855835e-01 2.7888856129720807e-04</leafValues></_>
    <_>
      <internalNodes>
        0 -1 109896 -1.0637297481298447e-01</internalNodes>
      <leafValues>
        9.2870444059371948e-01 -9.3986111460253596e-04</leafValues></_>
    <_>
      <internalNodes>
        0 -1 109896 -1.0394176840782166e-01</internalNodes>
      <leafValues>
        -8.8163357973098755e-01 4.2572570964694023e-03</leafValues></_>
    <_>
      <internalNodes>
        0 -1 109896 -1.0356163233518600e-01</internalNodes>
      <leafValues>
        9.2429494857788086e-01 -1.1335484450682998e-03</leafValues></_>
    <_>
      <internalNodes>
        0 -1 109896 -1.0347072035074234e-01</internalNodes>
      <leafValues>
        -9.0158098936080933e-01 2.8239813400432467e-04</leafValues></_>
    <_>
      <internalNodes>
        0 -1 109896 -1.0331061482429504e-01</internalNodes>
      <leafValues>
        9.2021614313125610e-01 -3.0676438473165035e-04</leafValues></_>
    <_>
      <internalNodes>
        0 -1 109896 -1.0318350791931152e-01</internalNodes>
      <leafValues>
        -9.0646004676818848e-01 6.8615045165643096e-04</leafValues></_>
    <_>
      <internalNodes>
        0 -1 109896 -1.0308305919170380e-01</internalNodes>
      <leafValues>
        9.1716212034225464e-01 -3.0695259920321405e-04</leafValues></_>
    <_>
      <internalNodes>
        0 -1 109896 -1.0297831892967224e-01</internalNodes>
      <leafValues>
        -9.0891742706298828e-01 2.8294633375480771e-04</leafValues></_>
    <_>
      <internalNodes>
        0 -1 109896 -1.0291112959384918e-01</internalNodes>
      <leafValues>
        9.1608762741088867e-01 -3.0714125023223460e-04</leafValues></_>
    <_>
      <internalNodes>
        0 -1 109896 -1.0167038440704346e-01</internalNodes>
      <leafValues>
        -8.8365948200225830e-01 2.1295563783496618e-03</leafValues></_>
    <_>
      <internalNodes>
        0 -1 109896 -1.0133092105388641e-01</internalNodes>
      <leafValues>
        9.1311961412429810e-01 -8.3178427303209901e-04</leafValues></_>
    <_>
      <internalNodes>
        0 -1 109896 -1.0126960277557373e-01</internalNodes>
      <leafValues>
        -9.0665191411972046e-01 5.6973798200488091e-04</leafValues></_>
    <_>
      <internalNodes>
        0 -1 109896 -9.7609251737594604e-02</internalNodes>
      <leafValues>
        8.7620282173156738e-01 -4.9347886815667152e-03</leafValues></_>
    <_>
      <internalNodes>
        0 -1 109896 -9.7540110349655151e-02</internalNodes>
      <leafValues>
        -9.0464800596237183e-01 2.8649574960581958e-04</leafValues></_>
    <_>
      <internalNodes>
        0 -1 109896 -9.7487054765224457e-02</internalNodes>
      <leafValues>
        8.8308173418045044e-01 -2.1924087195657194e-04</leafValues></_>
    <_>
      <internalNodes>
        0 -1 109896 -9.7355917096138000e-02</internalNodes>
      <leafValues>
        -8.9418435096740723e-01 5.7356461184099317e-04</leafValues></_>
    <_>
      <internalNodes>
        0 -1 109896 -9.6763946115970612e-02</internalNodes>
      <leafValues>
        8.8670712709426880e-01 -1.2855308596044779e-03</leafValues></_>
    <_>
      <internalNodes>
        0 -1 109896 -9.6548244357109070e-02</internalNodes>
      <leafValues>
        -8.9397984743118286e-01 6.9701147731393576e-04</leafValues></_>
    <_>
      <internalNodes>
        0 -1 109896 -9.6321493387222290e-02</internalNodes>
      <leafValues>
        8.8853597640991211e-01 -3.1391097581945360e-04</leafValues></_>
    <_>
      <internalNodes>
        0 -1 109896 -9.6122920513153076e-02</internalNodes>
      <leafValues>
        -8.9341777563095093e-01 2.8742977883666754e-04</leafValues></_>
    <_>
      <internalNodes>
        0 -1 109896 -9.5872744917869568e-02</internalNodes>
      <leafValues>
        8.8994973897933960e-01 -4.4017678010277450e-04</leafValues></_>
    <_>
      <internalNodes>
        0 -1 109896 -9.5495566725730896e-02</internalNodes>
      <leafValues>
        -8.9378267526626587e-01 5.7535566156730056e-04</leafValues></_>
    <_>
      <internalNodes>
        0 -1 109896 -9.5226608216762543e-02</internalNodes>
      <leafValues>
        8.9159119129180908e-01 -3.1438496080227196e-04</leafValues></_>
    <_>
      <internalNodes>
        0 -1 109896 -9.5123067498207092e-02</internalNodes>
      <leafValues>
        -8.9461576938629150e-01 6.9919147063046694e-04</leafValues></_>
    <_>
      <internalNodes>
        0 -1 109896 -9.5060095191001892e-02</internalNodes>
      <leafValues>
        8.9322072267532349e-01 -3.1458269222639501e-04</leafValues></_>
    <_>
      <internalNodes>
        0 -1 109896 -9.5013275742530823e-02</internalNodes>
      <leafValues>
        -8.9507555961608887e-01 4.1160380351357162e-04</leafValues></_>
    <_>
      <internalNodes>
        0 -1 109896 -9.4856992363929749e-02</internalNodes>
      <leafValues>
        8.9403837919235229e-01 -5.3543079411610961e-04</leafValues></_>
    <_>
      <internalNodes>
        0 -1 109896 -9.4814002513885498e-02</internalNodes>
      <leafValues>
        -8.9588969945907593e-01 5.7730032131075859e-04</leafValues></_>
    <_>
      <internalNodes>
        0 -1 109896 -9.4573199748992920e-02</internalNodes>
      <leafValues>
        8.9492332935333252e-01 -6.3043506816029549e-04</leafValues></_>
    <_>
      <internalNodes>
        0 -1 109896 -9.4430848956108093e-02</internalNodes>
      <leafValues>
        -8.9691430330276489e-01 7.0155767025426030e-04</leafValues></_>
    <_>
      <internalNodes>
        0 -1 109896 -9.4345316290855408e-02</internalNodes>
      <leafValues>
        8.9582520723342896e-01 -6.3123094150796533e-04</leafValues></_>
    <_>
      <internalNodes>
        0 -1 109896 -9.3402683734893799e-02</internalNodes>
      <leafValues>
        -8.8966220617294312e-01 1.2562713818624616e-03</leafValues></_>
    <_>
      <internalNodes>
        0 -1 109896 -9.2622533440589905e-02</internalNodes>
      <leafValues>
        8.9224946498870850e-01 -1.4195509720593691e-03</leafValues></_>
    <_>
      <internalNodes>
        0 -1 109896 -9.2460170388221741e-02</internalNodes>
      <leafValues>
        -8.9193063974380493e-01 2.9038509819656610e-04</leafValues></_>
    <_>
      <internalNodes>
        0 -1 109896 -9.2042654752731323e-02</internalNodes>
      <leafValues>
        8.9226192235946655e-01 -5.3954235045239329e-04</leafValues></_>
    <_>
      <internalNodes>
        0 -1 109896 -9.1297790408134460e-02</internalNodes>
      <leafValues>
        -8.8621431589126587e-01 1.7198964487761259e-03</leafValues></_>
    <_>
      <internalNodes>
        0 -1 109896 -9.0845033526420593e-02</internalNodes>
      <leafValues>
        8.9074623584747314e-01 -6.6805118694901466e-04</leafValues></_>
    <_>
      <internalNodes>
        0 -1 109896 -9.0418368577957153e-02</internalNodes>
      <leafValues>
        -8.8960981369018555e-01 1.4604118186980486e-03</leafValues></_>
    <_>
      <internalNodes>
        0 -1 109896 -9.0388543903827667e-02</internalNodes>
      <leafValues>
        8.9040589332580566e-01 -5.4119050037115812e-04</leafValues></_>
    <_>
      <internalNodes>
        0 -1 109896 -9.0257376432418823e-02</internalNodes>
      <leafValues>
        -8.9024800062179565e-01 2.9259509756229818e-04</leafValues></_>
    <_>
      <internalNodes>
        0 -1 109896 -9.0140752494335175e-02</internalNodes>
      <leafValues>
        8.9045208692550659e-01 -3.1851153471507132e-04</leafValues></_>
    <_>
      <internalNodes>
        0 -1 109896 -9.0117484331130981e-02</internalNodes>
      <leafValues>
        -8.9075833559036255e-01 2.9276646091602743e-04</leafValues></_>
    <_>
      <internalNodes>
        0 -1 109896 -9.0010598301887512e-02</internalNodes>
      <leafValues>
        8.9096093177795410e-01 -5.4212339455261827e-04</leafValues></_>
    <_>
      <internalNodes>
        0 -1 109896 -8.9744903147220612e-02</internalNodes>
      <leafValues>
        -8.9172345399856567e-01 5.8604759396985173e-04</leafValues></_>
    <_>
      <internalNodes>
        0 -1 109896 -8.9513033628463745e-02</internalNodes>
      <leafValues>
        8.9209914207458496e-01 -3.1906034564599395e-04</leafValues></_>
    <_>
      <internalNodes>
        0 -1 109896 -8.9389398694038391e-02</internalNodes>
      <leafValues>
        -8.9270746707916260e-01 5.8673537569120526e-04</leafValues></_>
    <_>
      <internalNodes>
        0 -1 109896 -8.9188925921916962e-02</internalNodes>
      <leafValues>
        8.9326012134552002e-01 -6.3873216276988387e-04</leafValues></_></weakClassifiers></stage24>
</opencv_storage>
