<?xml version="1.0"?>
<opencv_storage>
<stage34>
  <maxWeakCount>100</maxWeakCount>
  <stageThreshold>-1.9779230654239655e-01</stageThreshold>
  <weakClassifiers>
    <_>
      <internalNodes>
        0 -1 67098 1.6034458577632904e-01</internalNodes>
      <leafValues>
        6.4102564938366413e-03 4.8369565606117249e-01</leafValues></_>
    <_>
      <internalNodes>
        0 -1 67098 1.5880170464515686e-01</internalNodes>
      <leafValues>
        1.7674941336736083e-03 -9.8774337768554688e-01</leafValues></_>
    <_>
      <internalNodes>
        0 -1 67098 1.5819981694221497e-01</internalNodes>
      <leafValues>
        -8.6981547065079212e-04 1.</leafValues></_>
    <_>
      <internalNodes>
        0 -1 67098 1.5751397609710693e-01</internalNodes>
      <leafValues>
        1.1792450677603483e-03 -1.</leafValues></_>
    <_>
      <internalNodes>
        0 -1 67098 1.5713009238243103e-01</internalNodes>
      <leafValues>
        -5.8071955572813749e-04 1.</leafValues></_>
    <_>
      <internalNodes>
        0 -1 67098 1.5659546852111816e-01</internalNodes>
      <leafValues>
        1.4779780758544803e-03 -1.</leafValues></_>
    <_>
      <internalNodes>
        0 -1 67098 1.5626865625381470e-01</internalNodes>
      <leafValues>
        -8.7234552484005690e-04 1.</leafValues></_>
    <_>
      <internalNodes>
        0 -1 67098 1.5561315417289734e-01</internalNodes>
      <leafValues>
        8.8888866594061255e-04 -1.</leafValues></_>
    <_>
      <internalNodes>
        0 -1 67098 1.5547138452529907e-01</internalNodes>
      <leafValues>
        -2.9112058109603822e-04 1.</leafValues></_>
    <_>
      <internalNodes>
        0 -1 67098 1.5539099276065826e-01</internalNodes>
      <leafValues>
        2.9664786416105926e-04 -1.</leafValues></_>
    <_>
      <internalNodes>
        0 -1 67098 1.5529319643974304e-01</internalNodes>
      <leafValues>
        -2.9129040194675326e-04 1.</leafValues></_>
    <_>
      <internalNodes>
        0 -1 67098 1.5518541634082794e-01</internalNodes>
      <leafValues>
        5.9382419567555189e-04 -1.</leafValues></_>
    <_>
      <internalNodes>
        0 -1 67098 1.5443792939186096e-01</internalNodes>
      <leafValues>
        -8.7489059660583735e-04 1.</leafValues></_>
    <_>
      <internalNodes>
        0 -1 67098 1.5405836701393127e-01</internalNodes>
      <leafValues>
        2.9717659344896674e-04 -1.</leafValues></_>
    <_>
      <internalNodes>
        0 -1 67098 1.5350300073623657e-01</internalNodes>
      <leafValues>
        -5.8411213103681803e-04 1.</leafValues></_>
    <_>
      <internalNodes>
        0 -1 67098 1.5196892619132996e-01</internalNodes>
      <leafValues>
        1.4885382261127234e-03 -1.</leafValues></_>
    <_>
      <internalNodes>
        0 -1 67098 1.5113028883934021e-01</internalNodes>
      <leafValues>
        -8.7744847405701876e-04 1.</leafValues></_>
    <_>
      <internalNodes>
        0 -1 67098 1.5079393982887268e-01</internalNodes>
      <leafValues>
        5.9665850130841136e-04 -1.</leafValues></_>
    <_>
      <internalNodes>
        0 -1 67098 1.5050952136516571e-01</internalNodes>
      <leafValues>
        -2.9282568721100688e-04 1.</leafValues></_>
    <_>
      <internalNodes>
        0 -1 67098 1.5001618862152100e-01</internalNodes>
      <leafValues>
        2.9859659844078124e-04 -1.</leafValues></_>
    <_>
      <internalNodes>
        0 -1 67098 1.4951667189598083e-01</internalNodes>
      <leafValues>
        -5.8616645401343703e-04 1.</leafValues></_>
    <_>
      <internalNodes>
        0 -1 67098 1.4919850230216980e-01</internalNodes>
      <leafValues>
        5.9772859094664454e-04 -1.</leafValues></_>
    <_>
      <internalNodes>
        0 -1 67098 1.4867037534713745e-01</internalNodes>
      <leafValues>
        -1.1743979994207621e-03 1.</leafValues></_>
    <_>
      <internalNodes>
        0 -1 67098 1.4788708090782166e-01</internalNodes>
      <leafValues>
        1.1976042296737432e-03 -1.</leafValues></_>
    <_>
      <internalNodes>
        0 -1 67098 1.4671471714973450e-01</internalNodes>
      <leafValues>
        -8.8261195924133062e-04 1.</leafValues></_>
    <_>
      <internalNodes>
        0 -1 67098 1.4646810293197632e-01</internalNodes>
      <leafValues>
        2.9984983848407865e-04 -1.</leafValues></_>
    <_>
      <internalNodes>
        0 -1 67098 1.4572903513908386e-01</internalNodes>
      <leafValues>
        -8.8417326333001256e-04 1.</leafValues></_>
    <_>
      <internalNodes>
        0 -1 67098 1.4547736942768097e-01</internalNodes>
      <leafValues>
        6.0023984406143427e-04 -1.</leafValues></_>
    <_>
      <internalNodes>
        0 -1 67098 1.4507630467414856e-01</internalNodes>
      <leafValues>
        -5.9031869750469923e-04 1.</leafValues></_>
    <_>
      <internalNodes>
        0 -1 67098 1.4449709653854370e-01</internalNodes>
      <leafValues>
        6.0096144443377852e-04 -1.</leafValues></_>
    <_>
      <internalNodes>
        0 -1 67098 1.4420281350612640e-01</internalNodes>
      <leafValues>
        -5.9101649094372988e-04 1.</leafValues></_>
    <_>
      <internalNodes>
        0 -1 67098 1.4389598369598389e-01</internalNodes>
      <leafValues>
        3.0075182439759374e-04 -1.</leafValues></_>
    <_>
      <internalNodes>
        0 -1 67098 1.4173862338066101e-01</internalNodes>
      <leafValues>
        -1.4763190411031246e-03 9.9567562341690063e-01</leafValues></_>
    <_>
      <internalNodes>
        0 -1 67098 1.4127667248249054e-01</internalNodes>
      <leafValues>
        6.0240854509174824e-04 -1.</leafValues></_>
    <_>
      <internalNodes>
        0 -1 67098 1.4068737626075745e-01</internalNodes>
      <leafValues>
        -8.9100078912451863e-04 9.9599343538284302e-01</leafValues></_>
    <_>
      <internalNodes>
        0 -1 67098 1.4036731421947479e-01</internalNodes>
      <leafValues>
        3.0147700454108417e-04 -1.</leafValues></_>
    <_>
      <internalNodes>
        0 -1 67098 1.3908512890338898e-01</internalNodes>
      <leafValues>
        -1.4851194573566318e-03 9.9213218688964844e-01</leafValues></_>
    <_>
      <internalNodes>
        0 -1 60726 1.2724434956908226e-02</internalNodes>
      <leafValues>
        -1.5129484236240387e-01 9.9826119840145111e-02</leafValues></_>
    <_>
      <internalNodes>
        0 -1 67098 1.3826051354408264e-01</internalNodes>
      <leafValues>
        8.8281556963920593e-03 -9.8835122585296631e-01</leafValues></_>
    <_>
      <internalNodes>
        0 -1 67098 1.3653385639190674e-01</internalNodes>
      <leafValues>
        -1.0092937154695392e-03 9.9115806818008423e-01</leafValues></_>
    <_>
      <internalNodes>
        0 -1 56512 8.4323689341545105e-02</internalNodes>
      <leafValues>
        1.4259883202612400e-02 -4.8351535201072693e-01</leafValues></_>
    <_>
      <internalNodes>
        0 -1 56512 8.4075689315795898e-02</internalNodes>
      <leafValues>
        -2.9705523047596216e-04 7.9071533679962158e-01</leafValues></_>
    <_>
      <internalNodes>
        0 -1 56512 8.4054633975028992e-02</internalNodes>
      <leafValues>
        3.5726398346014321e-04 -1.</leafValues></_>
    <_>
      <internalNodes>
        0 -1 56512 8.3661228418350220e-02</internalNodes>
      <leafValues>
        -5.5402063298970461e-04 8.5775274038314819e-01</leafValues></_>
    <_>
      <internalNodes>
        0 -1 56512 8.3222821354866028e-02</internalNodes>
      <leafValues>
        -5.3576595382764935e-04 -8.1176877021789551e-01</leafValues></_>
    <_>
      <internalNodes>
        0 -1 56512 8.3006367087364197e-02</internalNodes>
      <leafValues>
        8.1488461000844836e-04 8.4540134668350220e-01</leafValues></_>
    <_>
      <internalNodes>
        0 -1 56512 8.2773543894290924e-02</internalNodes>
      <leafValues>
        3.5096725332550704e-04 -9.5784568786621094e-01</leafValues></_>
    <_>
      <internalNodes>
        0 -1 56512 8.2609981298446655e-02</internalNodes>
      <leafValues>
        -6.3420174410566688e-04 9.8903715610504150e-01</leafValues></_>
    <_>
      <internalNodes>
        0 -1 56512 8.2237675786018372e-02</internalNodes>
      <leafValues>
        1.1950574116781354e-03 -9.6074789762496948e-01</leafValues></_>
    <_>
      <internalNodes>
        0 -1 56512 8.2124076783657074e-02</internalNodes>
      <leafValues>
        -2.7774611953645945e-04 9.8843216896057129e-01</leafValues></_>
    <_>
      <internalNodes>
        0 -1 56512 8.1978432834148407e-02</internalNodes>
      <leafValues>
        3.5902642412111163e-04 -9.6315723657608032e-01</leafValues></_>
    <_>
      <internalNodes>
        0 -1 56512 8.2310914993286133e-02</internalNodes>
      <leafValues>
        -2.8117117471992970e-04 8.6259645223617554e-01</leafValues></_>
    <_>
      <internalNodes>
        0 -1 56512 8.2203373312950134e-02</internalNodes>
      <leafValues>
        -2.7055299142375588e-04 -8.1137871742248535e-01</leafValues></_>
    <_>
      <internalNodes>
        0 -1 56512 8.1715270876884460e-02</internalNodes>
      <leafValues>
        -4.2325123104092199e-06 8.4891819953918457e-01</leafValues></_>
    <_>
      <internalNodes>
        0 -1 56512 8.0747090280056000e-02</internalNodes>
      <leafValues>
        1.0903817601501942e-03 -9.5385253429412842e-01</leafValues></_>
    <_>
      <internalNodes>
        0 -1 56512 8.0011963844299316e-02</internalNodes>
      <leafValues>
        -6.4327247673645616e-04 9.8929792642593384e-01</leafValues></_>
    <_>
      <internalNodes>
        0 -1 56512 7.9689905047416687e-02</internalNodes>
      <leafValues>
        7.2159367846325040e-04 -9.6175068616867065e-01</leafValues></_>
    <_>
      <internalNodes>
        0 -1 56512 7.9604536294937134e-02</internalNodes>
      <leafValues>
        -3.5871312138624489e-04 9.8861628770828247e-01</leafValues></_>
    <_>
      <internalNodes>
        0 -1 56512 7.9501338303089142e-02</internalNodes>
      <leafValues>
        3.6118782008998096e-04 -9.6382033824920654e-01</leafValues></_>
    <_>
      <internalNodes>
        0 -1 56512 7.9452089965343475e-02</internalNodes>
      <leafValues>
        -2.7923122979700565e-04 8.6533212661743164e-01</leafValues></_>
    <_>
      <internalNodes>
        0 -1 56512 7.8547611832618713e-02</internalNodes>
      <leafValues>
        1.1861050552397501e-05 -8.1003171205520630e-01</leafValues></_>
    <_>
      <internalNodes>
        0 -1 56512 7.8377336263656616e-02</internalNodes>
      <leafValues>
        -8.6414031102322042e-05 8.5036593675613403e-01</leafValues></_>
    <_>
      <internalNodes>
        0 -1 56512 7.7795371413230896e-02</internalNodes>
      <leafValues>
        8.1499607767909765e-04 -9.5145338773727417e-01</leafValues></_>
    <_>
      <internalNodes>
        0 -1 56512 7.6128110289573669e-02</internalNodes>
      <leafValues>
        -1.0453354334458709e-03 9.8459750413894653e-01</leafValues></_>
    <_>
      <internalNodes>
        0 -1 56512 7.5133107602596283e-02</internalNodes>
      <leafValues>
        9.2911033425480127e-04 -9.6335476636886597e-01</leafValues></_>
    <_>
      <internalNodes>
        0 -1 56512 7.7923163771629333e-02</internalNodes>
      <leafValues>
        -3.7157718907110393e-04 9.8874062299728394e-01</leafValues></_>
    <_>
      <internalNodes>
        0 -1 56512 7.6253861188888550e-02</internalNodes>
      <leafValues>
        9.3591821496374905e-05 -9.6470934152603149e-01</leafValues></_>
    <_>
      <internalNodes>
        0 -1 56512 7.4765279889106750e-02</internalNodes>
      <leafValues>
        -3.6446750164031982e-04 8.7040650844573975e-01</leafValues></_>
    <_>
      <internalNodes>
        0 -1 56512 7.7795371413230896e-02</internalNodes>
      <leafValues>
        -2.0336500892881304e-04 -8.1356716156005859e-01</leafValues></_>
    <_>
      <internalNodes>
        0 -1 56512 7.6186433434486389e-02</internalNodes>
      <leafValues>
        -1.2790238542947918e-04 8.4695309400558472e-01</leafValues></_>
    <_>
      <internalNodes>
        0 -1 56512 7.2530478239059448e-02</internalNodes>
      <leafValues>
        2.4558308068662882e-03 -8.1551027297973633e-01</leafValues></_>
    <_>
      <internalNodes>
        0 -1 56512 7.1860596537590027e-02</internalNodes>
      <leafValues>
        -8.4912584861740470e-04 8.4289038181304932e-01</leafValues></_>
    <_>
      <internalNodes>
        0 -1 56512 7.1324154734611511e-02</internalNodes>
      <leafValues>
        8.5605937056243420e-04 -9.3886929750442505e-01</leafValues></_>
    <_>
      <internalNodes>
        0 -1 56512 7.1173623204231262e-02</internalNodes>
      <leafValues>
        -3.6340666702017188e-04 9.8478263616561890e-01</leafValues></_>
    <_>
      <internalNodes>
        0 -1 56512 7.0977076888084412e-02</internalNodes>
      <leafValues>
        3.6726079997606575e-04 -9.6230477094650269e-01</leafValues></_>
    <_>
      <internalNodes>
        0 -1 56512 7.0840232074260712e-02</internalNodes>
      <leafValues>
        -8.4914214676246047e-04 8.6673438549041748e-01</leafValues></_>
    <_>
      <internalNodes>
        0 -1 56512 7.0449538528919220e-02</internalNodes>
      <leafValues>
        1.6800899757072330e-03 -8.0889230966567993e-01</leafValues></_>
    <_>
      <internalNodes>
        0 -1 56512 7.0389315485954285e-02</internalNodes>
      <leafValues>
        -3.6449456820264459e-04 8.4990543127059937e-01</leafValues></_>
    <_>
      <internalNodes>
        0 -1 56512 7.0361942052841187e-02</internalNodes>
      <leafValues>
        3.6897740210406482e-04 -8.2305979728698730e-01</leafValues></_>
    <_>
      <internalNodes>
        0 -1 56512 7.0310465991497040e-02</internalNodes>
      <leafValues>
        -2.8373571694828570e-04 8.4372735023498535e-01</leafValues></_>
    <_>
      <internalNodes>
        0 -1 56512 6.9523945450782776e-02</internalNodes>
      <leafValues>
        1.0314633836969733e-03 -8.2672953605651855e-01</leafValues></_>
    <_>
      <internalNodes>
        0 -1 56512 6.8468570709228516e-02</internalNodes>
      <leafValues>
        -1.7884122207760811e-03 8.4329110383987427e-01</leafValues></_>
    <_>
      <internalNodes>
        0 -1 56512 6.8002656102180481e-02</internalNodes>
      <leafValues>
        1.0292952647432685e-03 -9.3591898679733276e-01</leafValues></_>
    <_>
      <internalNodes>
        0 -1 56512 6.7570939660072327e-02</internalNodes>
      <leafValues>
        -1.5904702013358474e-03 8.6748510599136353e-01</leafValues></_>
    <_>
      <internalNodes>
        0 -1 56512 6.7502714693546295e-02</internalNodes>
      <leafValues>
        6.5988284768536687e-04 -8.1171649694442749e-01</leafValues></_>
    <_>
      <internalNodes>
        0 -1 56512 6.6449232399463654e-02</internalNodes>
      <leafValues>
        -1.6341247828677297e-03 8.5174477100372314e-01</leafValues></_>
    <_>
      <internalNodes>
        0 -1 56512 6.6223308444023132e-02</internalNodes>
      <leafValues>
        3.7181135849095881e-04 -8.2636833190917969e-01</leafValues></_>
    <_>
      <internalNodes>
        0 -1 56512 6.5900072455406189e-02</internalNodes>
      <leafValues>
        -5.7452730834484100e-04 8.4624415636062622e-01</leafValues></_>
    <_>
      <internalNodes>
        0 -1 56512 6.4234584569931030e-02</internalNodes>
      <leafValues>
        2.3083987180143595e-03 -8.2869881391525269e-01</leafValues></_>
    <_>
      <internalNodes>
        0 -1 56512 6.3938543200492859e-02</internalNodes>
      <leafValues>
        -8.0720632104203105e-04 6.7344504594802856e-01</leafValues></_>
    <_>
      <internalNodes>
        0 -1 56512 6.3803121447563171e-02</internalNodes>
      <leafValues>
        6.0569535708054900e-04 -5.7447355985641479e-01</leafValues></_>
    <_>
      <internalNodes>
        0 -1 56512 6.3651226460933685e-02</internalNodes>
      <leafValues>
        -5.1980052376165986e-04 5.9205383062362671e-01</leafValues></_>
    <_>
      <internalNodes>
        0 -1 56512 6.3557825982570648e-02</internalNodes>
      <leafValues>
        6.0610909713432193e-04 -5.8710056543350220e-01</leafValues></_>
    <_>
      <internalNodes>
        0 -1 56512 6.3256055116653442e-02</internalNodes>
      <leafValues>
        -8.9099619071930647e-04 5.9060984849929810e-01</leafValues></_>
    <_>
      <internalNodes>
        0 -1 56512 6.2319837510585785e-02</internalNodes>
      <leafValues>
        1.1968932813033462e-03 -5.8764201402664185e-01</leafValues></_>
    <_>
      <internalNodes>
        0 -1 56512 6.2019832432270050e-02</internalNodes>
      <leafValues>
        -1.2652953155338764e-03 5.9556668996810913e-01</leafValues></_>
    <_>
      <internalNodes>
        0 -1 56512 6.1757035553455353e-02</internalNodes>
      <leafValues>
        1.2774217175319791e-03 -5.9538102149963379e-01</leafValues></_>
    <_>
      <internalNodes>
        0 -1 56512 6.1414875090122223e-02</internalNodes>
      <leafValues>
        -1.0995093034580350e-03 5.9876626729965210e-01</leafValues></_>
    <_>
      <internalNodes>
        0 -1 56512 6.1404660344123840e-02</internalNodes>
      <leafValues>
        6.1014853417873383e-04 -5.9976029396057129e-01</leafValues></_>
    <_>
      <internalNodes>
        0 -1 56512 6.1352401971817017e-02</internalNodes>
      <leafValues>
        -5.2368000615388155e-04 6.0013735294342041e-01</leafValues></_></weakClassifiers></stage34>
</opencv_storage>
