<?xml version="1.0"?>
<opencv_storage>
<stage14>
  <maxWeakCount>100</maxWeakCount>
  <stageThreshold>-1.1811745166778564e+00</stageThreshold>
  <weakClassifiers>
    <_>
      <internalNodes>
        0 -1 1902 2.3786178231239319e-01</internalNodes>
      <leafValues>
        9.7645029425621033e-02 -4.4025155901908875e-01</leafValues></_>
    <_>
      <internalNodes>
        0 -1 1902 2.3726460337638855e-01</internalNodes>
      <leafValues>
        -4.7342467587441206e-04 1.</leafValues></_>
    <_>
      <internalNodes>
        0 -1 1902 2.3704625666141510e-01</internalNodes>
      <leafValues>
        3.1836991547606885e-04 -1.</leafValues></_>
    <_>
      <internalNodes>
        0 -1 1902 2.3624548316001892e-01</internalNodes>
      <leafValues>
        -5.2438385318964720e-04 1.</leafValues></_>
    <_>
      <internalNodes>
        0 -1 1902 2.3556092381477356e-01</internalNodes>
      <leafValues>
        6.3734856666997075e-04 -1.</leafValues></_>
    <_>
      <internalNodes>
        0 -1 1902 2.3422589898109436e-01</internalNodes>
      <leafValues>
        -1.3133700704202056e-03 1.</leafValues></_>
    <_>
      <internalNodes>
        0 -1 1902 2.3238027095794678e-01</internalNodes>
      <leafValues>
        1.3338450808078051e-03 -9.9557536840438843e-01</leafValues></_>
    <_>
      <internalNodes>
        0 -1 1902 2.3176968097686768e-01</internalNodes>
      <leafValues>
        -7.9009664477780461e-04 1.</leafValues></_>
    <_>
      <internalNodes>
        0 -1 1902 2.3136353492736816e-01</internalNodes>
      <leafValues>
        6.4020470017567277e-04 -1.</leafValues></_>
    <_>
      <internalNodes>
        0 -1 1902 2.3018336296081543e-01</internalNodes>
      <leafValues>
        -1.0554088512435555e-03 1.</leafValues></_>
    <_>
      <internalNodes>
        0 -1 1902 2.2997060418128967e-01</internalNodes>
      <leafValues>
        3.2040974474512041e-04 -1.</leafValues></_>
    <_>
      <internalNodes>
        0 -1 1902 2.2965326905250549e-01</internalNodes>
      <leafValues>
        -5.2854121895506978e-04 1.</leafValues></_>
    <_>
      <internalNodes>
        0 -1 1902 2.2956666350364685e-01</internalNodes>
      <leafValues>
        3.2061553793027997e-04 -1.</leafValues></_>
    <_>
      <internalNodes>
        0 -1 1902 2.2941206395626068e-01</internalNodes>
      <leafValues>
        -5.2910053636878729e-04 1.</leafValues></_>
    <_>
      <internalNodes>
        0 -1 1902 2.2847303748130798e-01</internalNodes>
      <leafValues>
        6.4184848451986909e-04 -1.</leafValues></_>
    <_>
      <internalNodes>
        0 -1 1902 2.2790461778640747e-01</internalNodes>
      <leafValues>
        -5.2966090152040124e-04 1.</leafValues></_>
    <_>
      <internalNodes>
        0 -1 1902 2.2733375430107117e-01</internalNodes>
      <leafValues>
        6.4267346169799566e-04 -1.</leafValues></_>
    <_>
      <internalNodes>
        0 -1 1902 2.2664518654346466e-01</internalNodes>
      <leafValues>
        -5.3022260544821620e-04 1.</leafValues></_>
    <_>
      <internalNodes>
        0 -1 1902 2.2589644789695740e-01</internalNodes>
      <leafValues>
        3.2164677395485342e-04 -1.</leafValues></_>
    <_>
      <internalNodes>
        0 -1 1902 2.2533757984638214e-01</internalNodes>
      <leafValues>
        -2.6532236370258033e-04 1.</leafValues></_>
    <_>
      <internalNodes>
        0 -1 1902 2.2491148114204407e-01</internalNodes>
      <leafValues>
        3.2185387681238353e-04 -1.</leafValues></_>
    <_>
      <internalNodes>
        0 -1 1902 2.2478091716766357e-01</internalNodes>
      <leafValues>
        -2.6546322624199092e-04 1.</leafValues></_>
    <_>
      <internalNodes>
        0 -1 1902 2.2451464831829071e-01</internalNodes>
      <leafValues>
        3.2206118339672685e-04 -1.</leafValues></_>
    <_>
      <internalNodes>
        0 -1 1902 2.2420504689216614e-01</internalNodes>
      <leafValues>
        -2.6560423430055380e-04 1.</leafValues></_>
    <_>
      <internalNodes>
        0 -1 1902 2.2392347455024719e-01</internalNodes>
      <leafValues>
        3.2226875191554427e-04 -1.</leafValues></_>
    <_>
      <internalNodes>
        0 -1 1902 2.2325593233108521e-01</internalNodes>
      <leafValues>
        -5.3163210395723581e-04 1.</leafValues></_>
    <_>
      <internalNodes>
        0 -1 1902 2.2119075059890747e-01</internalNodes>
      <leafValues>
        1.4057878870517015e-03 -9.9161058664321899e-01</leafValues></_>
    <_>
      <internalNodes>
        0 -1 1902 2.2092430293560028e-01</internalNodes>
      <leafValues>
        -5.3276412654668093e-04 1.</leafValues></_>
    <_>
      <internalNodes>
        0 -1 1902 2.1977302432060242e-01</internalNodes>
      <leafValues>
        2.0039214286953211e-03 -9.9590760469436646e-01</leafValues></_>
    <_>
      <internalNodes>
        0 -1 1902 2.1945391595363617e-01</internalNodes>
      <leafValues>
        -2.6673512184061110e-04 1.</leafValues></_>
    <_>
      <internalNodes>
        0 -1 1902 2.1925140917301178e-01</internalNodes>
      <leafValues>
        3.2520323293283582e-04 -1.</leafValues></_>
    <_>
      <internalNodes>
        0 -1 1902 2.1608938276767731e-01</internalNodes>
      <leafValues>
        -1.2780063552781940e-03 9.8606741428375244e-01</leafValues></_>
    <_>
      <internalNodes>
        0 -1 1902 2.1596592664718628e-01</internalNodes>
      <leafValues>
        3.2562614069320261e-04 -9.8773640394210815e-01</leafValues></_>
    <_>
      <internalNodes>
        0 -1 1902 2.1515917778015137e-01</internalNodes>
      <leafValues>
        -8.0364319728687406e-04 9.8634737730026245e-01</leafValues></_>
    <_>
      <internalNodes>
        0 -1 1902 2.1468348801136017e-01</internalNodes>
      <leafValues>
        6.5189029555767775e-04 -9.8776304721832275e-01</leafValues></_>
    <_>
      <internalNodes>
        0 -1 1902 2.1407443284988403e-01</internalNodes>
      <leafValues>
        -5.3648056928068399e-04 9.8668318986892700e-01</leafValues></_>
    <_>
      <internalNodes>
        0 -1 1902 2.1358846127986908e-01</internalNodes>
      <leafValues>
        9.7943190485239029e-04 -9.8383003473281860e-01</leafValues></_>
    <_>
      <internalNodes>
        0 -1 1902 2.1325577795505524e-01</internalNodes>
      <leafValues>
        -5.3705659229308367e-04 9.8682403564453125e-01</leafValues></_>
    <_>
      <internalNodes>
        0 -1 1902 2.1170131862163544e-01</internalNodes>
      <leafValues>
        1.6958924243226647e-03 -9.8414999246597290e-01</leafValues></_>
    <_>
      <internalNodes>
        0 -1 1902 2.1097873151302338e-01</internalNodes>
      <leafValues>
        -8.0710084876045585e-04 9.8741060495376587e-01</leafValues></_>
    <_>
      <internalNodes>
        0 -1 1902 2.1074606478214264e-01</internalNodes>
      <leafValues>
        3.2819149782881141e-04 -9.8817902803421021e-01</leafValues></_>
    <_>
      <internalNodes>
        0 -1 1902 2.1046108007431030e-01</internalNodes>
      <leafValues>
        -2.6932399487122893e-04 9.8749417066574097e-01</leafValues></_>
    <_>
      <internalNodes>
        0 -1 1902 2.1018026769161224e-01</internalNodes>
      <leafValues>
        6.5703020663931966e-04 -9.8821938037872314e-01</leafValues></_>
    <_>
      <internalNodes>
        0 -1 1902 2.0990920066833496e-01</internalNodes>
      <leafValues>
        -1.0787486098706722e-03 9.8788267374038696e-01</leafValues></_>
    <_>
      <internalNodes>
        0 -1 1902 2.0884115993976593e-01</internalNodes>
      <leafValues>
        1.3166553108021617e-03 -9.8832285404205322e-01</leafValues></_>
    <_>
      <internalNodes>
        0 -1 1902 2.0868135988712311e-01</internalNodes>
      <leafValues>
        -2.7005054289475083e-04 9.8795300722122192e-01</leafValues></_>
    <_>
      <internalNodes>
        0 -1 1902 2.0860067009925842e-01</internalNodes>
      <leafValues>
        6.5963057568296790e-04 -9.8836928606033325e-01</leafValues></_>
    <_>
      <internalNodes>
        0 -1 1902 2.0854407548904419e-01</internalNodes>
      <leafValues>
        -2.7019713888876140e-04 9.8825037479400635e-01</leafValues></_>
    <_>
      <internalNodes>
        0 -1 1902 2.0839831233024597e-01</internalNodes>
      <leafValues>
        3.3014194923453033e-04 -9.8457479476928711e-01</leafValues></_>
    <_>
      <internalNodes>
        0 -1 1902 2.0813040435314178e-01</internalNodes>
      <leafValues>
        -2.7034332742914557e-04 9.8822110891342163e-01</leafValues></_>
    <_>
      <internalNodes>
        0 -1 1902 2.0792159438133240e-01</internalNodes>
      <leafValues>
        3.3036008244380355e-04 -9.9613422155380249e-01</leafValues></_>
    <_>
      <internalNodes>
        0 -1 1902 2.0742580294609070e-01</internalNodes>
      <leafValues>
        -2.7048957417719066e-04 9.8846000432968140e-01</leafValues></_>
    <_>
      <internalNodes>
        0 -1 1902 2.0689640939235687e-01</internalNodes>
      <leafValues>
        3.3057850669138134e-04 -9.8071378469467163e-01</leafValues></_>
    <_>
      <internalNodes>
        0 -1 1902 2.0625376701354980e-01</internalNodes>
      <leafValues>
        -5.4141849977895617e-04 9.8839193582534790e-01</leafValues></_>
    <_>
      <internalNodes>
        0 -1 1902 2.0618401467800140e-01</internalNodes>
      <leafValues>
        3.3079716376960278e-04 -9.9615234136581421e-01</leafValues></_>
    <_>
      <internalNodes>
        0 -1 1902 2.0571342110633850e-01</internalNodes>
      <leafValues>
        -8.1322848564013839e-04 9.8872870206832886e-01</leafValues></_>
    <_>
      <internalNodes>
        0 -1 1902 2.0442539453506470e-01</internalNodes>
      <leafValues>
        1.0540108196437359e-03 -9.7720152139663696e-01</leafValues></_>
    <_>
      <internalNodes>
        0 -1 1902 2.0428933203220367e-01</internalNodes>
      <leafValues>
        -2.7151740505360067e-04 9.8881393671035767e-01</leafValues></_>
    <_>
      <internalNodes>
        0 -1 1902 2.0307376980781555e-01</internalNodes>
      <leafValues>
        6.6401064395904541e-04 -9.9623721837997437e-01</leafValues></_>
    <_>
      <internalNodes>
        0 -1 1902 2.0199683308601379e-01</internalNodes>
      <leafValues>
        -8.1543886335566640e-04 9.8912513256072998e-01</leafValues></_>
    <_>
      <internalNodes>
        0 -1 1902 2.0133262872695923e-01</internalNodes>
      <leafValues>
        9.9767197389155626e-04 -9.8872822523117065e-01</leafValues></_>
    <_>
      <internalNodes>
        0 -1 1902 1.9979301095008850e-01</internalNodes>
      <leafValues>
        -1.9078764598816633e-03 9.8953473567962646e-01</leafValues></_>
    <_>
      <internalNodes>
        0 -1 1902 1.9972947239875793e-01</internalNodes>
      <leafValues>
        3.3299802453257143e-04 -9.8877185583114624e-01</leafValues></_>
    <_>
      <internalNodes>
        0 -1 1902 1.9851343333721161e-01</internalNodes>
      <leafValues>
        -5.4644804913550615e-04 9.8960804939270020e-01</leafValues></_>
    <_>
      <internalNodes>
        0 -1 1902 1.9765771925449371e-01</internalNodes>
      <leafValues>
        6.6666660131886601e-04 -9.9624782800674438e-01</leafValues></_>
    <_>
      <internalNodes>
        0 -1 1902 1.9740198552608490e-01</internalNodes>
      <leafValues>
        -5.4704584181308746e-04 9.8983043432235718e-01</leafValues></_>
    <_>
      <internalNodes>
        0 -1 1902 1.9712302088737488e-01</internalNodes>
      <leafValues>
        3.3366694697178900e-04 -9.8132151365280151e-01</leafValues></_>
    <_>
      <internalNodes>
        0 -1 1902 1.9704207777976990e-01</internalNodes>
      <leafValues>
        -2.7374760247766972e-04 9.8990893363952637e-01</leafValues></_>
    <_>
      <internalNodes>
        0 -1 1902 1.9676139950752258e-01</internalNodes>
      <leafValues>
        6.6800264175981283e-04 -9.9628931283950806e-01</leafValues></_>
    <_>
      <internalNodes>
        0 -1 1902 1.9628679752349854e-01</internalNodes>
      <leafValues>
        -8.2214293070137501e-04 9.9015724658966064e-01</leafValues></_>
    <_>
      <internalNodes>
        0 -1 1902 1.9609424471855164e-01</internalNodes>
      <leafValues>
        3.3433616044931114e-04 -9.8518514633178711e-01</leafValues></_>
    <_>
      <internalNodes>
        0 -1 1902 1.9563390314579010e-01</internalNodes>
      <leafValues>
        -2.7434842195361853e-04 9.9009966850280762e-01</leafValues></_>
    <_>
      <internalNodes>
        0 -1 1902 1.9488015770912170e-01</internalNodes>
      <leafValues>
        6.6934403730556369e-04 -9.9630534648895264e-01</leafValues></_>
    <_>
      <internalNodes>
        0 -1 1902 1.9388684630393982e-01</internalNodes>
      <leafValues>
        -1.3740037102252245e-03 9.9041420221328735e-01</leafValues></_>
    <_>
      <internalNodes>
        0 -1 1902 1.9194819033145905e-01</internalNodes>
      <leafValues>
        3.0849624890834093e-03 -9.8198258876800537e-01</leafValues></_>
    <_>
      <internalNodes>
        0 -1 105881 7.5361269409768283e-05</internalNodes>
      <leafValues>
        1.3556428253650665e-01 -1.6204221546649933e-01</leafValues></_>
    <_>
      <internalNodes>
        0 -1 3670 3.1635940074920654e-02</internalNodes>
      <leafValues>
        -1.0662863403558731e-01 1.8063382804393768e-01</leafValues></_>
    <_>
      <internalNodes>
        0 -1 111428 1.3072299771010876e-04</internalNodes>
      <leafValues>
        7.9272553324699402e-02 -2.0760257542133331e-01</leafValues></_>
    <_>
      <internalNodes>
        0 -1 111014 -2.0460214000195265e-04</internalNodes>
      <leafValues>
        -2.1934781968593597e-01 8.4400475025177002e-02</leafValues></_>
    <_>
      <internalNodes>
        0 -1 64799 -1.0716006159782410e-01</internalNodes>
      <leafValues>
        4.0705546736717224e-01 -4.2256392538547516e-02</leafValues></_>
    <_>
      <internalNodes>
        0 -1 23829 -2.8002321720123291e-02</internalNodes>
      <leafValues>
        1.9146484136581421e-01 -1.0425011068582535e-01</leafValues></_>
    <_>
      <internalNodes>
        0 -1 65448 3.1537823379039764e-02</internalNodes>
      <leafValues>
        -7.9858444631099701e-02 2.4339196085929871e-01</leafValues></_>
    <_>
      <internalNodes>
        0 -1 79533 -9.6434727311134338e-02</internalNodes>
      <leafValues>
        4.4412678480148315e-01 -4.7536410391330719e-02</leafValues></_>
    <_>
      <internalNodes>
        0 -1 51113 2.4577926844358444e-02</internalNodes>
      <leafValues>
        -7.6724581420421600e-02 2.0248325169086456e-01</leafValues></_>
    <_>
      <internalNodes>
        0 -1 10596 2.5882427580654621e-03</internalNodes>
      <leafValues>
        3.1758382916450500e-02 -4.5086392760276794e-01</leafValues></_>
    <_>
      <internalNodes>
        0 -1 133748 1.6268342733383179e-04</internalNodes>
      <leafValues>
        9.7016088664531708e-02 -1.7827698588371277e-01</leafValues></_>
    <_>
      <internalNodes>
        0 -1 48970 2.1183772012591362e-02</internalNodes>
      <leafValues>
        -8.7027765810489655e-02 1.9810611009597778e-01</leafValues></_>
    <_>
      <internalNodes>
        0 -1 89816 1.1646577331703156e-04</internalNodes>
      <leafValues>
        1.0866634547710419e-01 -1.4725796878337860e-01</leafValues></_>
    <_>
      <internalNodes>
        0 -1 98639 -2.6881729718297720e-04</internalNodes>
      <leafValues>
        -2.2005958855152130e-01 7.7434979379177094e-02</leafValues></_>
    <_>
      <internalNodes>
        0 -1 55681 -4.7631664201617241e-03</internalNodes>
      <leafValues>
        1.3523001968860626e-01 -1.1082984507083893e-01</leafValues></_>
    <_>
      <internalNodes>
        0 -1 18054 -4.8631625249981880e-03</internalNodes>
      <leafValues>
        2.1054790914058685e-01 -7.1757867932319641e-02</leafValues></_>
    <_>
      <internalNodes>
        0 -1 141856 -1.7752436688169837e-03</internalNodes>
      <leafValues>
        1.2706586718559265e-01 -1.2110120803117752e-01</leafValues></_>
    <_>
      <internalNodes>
        0 -1 156663 -1.0047165676951408e-02</internalNodes>
      <leafValues>
        -2.8843149542808533e-01 5.6145559996366501e-02</leafValues></_>
    <_>
      <internalNodes>
        0 -1 64795 1.0178643278777599e-02</internalNodes>
      <leafValues>
        -5.1006149500608444e-02 2.9750519990921021e-01</leafValues></_>
    <_>
      <internalNodes>
        0 -1 161336 2.2475998848676682e-03</internalNodes>
      <leafValues>
        5.6335311383008957e-02 -2.6352134346961975e-01</leafValues></_>
    <_>
      <internalNodes>
        0 -1 111012 3.8300605956465006e-04</internalNodes>
      <leafValues>
        6.5813638269901276e-02 -2.3107215762138367e-01</leafValues></_>
    <_>
      <internalNodes>
        0 -1 144512 9.9291354417800903e-03</internalNodes>
      <leafValues>
        -7.8590631484985352e-02 2.0854379236698151e-01</leafValues></_>
    <_>
      <internalNodes>
        0 -1 146461 -4.5008594170212746e-03</internalNodes>
      <leafValues>
        1.7810696363449097e-01 -1.0133378207683563e-01</leafValues></_>
    <_>
      <internalNodes>
        0 -1 86325 -7.7162794768810272e-03</internalNodes>
      <leafValues>
        3.6063620448112488e-01 -3.8640595972537994e-02</leafValues></_>
    <_>
      <internalNodes>
        0 -1 35442 -1.5988099621608853e-03</internalNodes>
      <leafValues>
        -3.2154303789138794e-01 5.0235331058502197e-02</leafValues></_></weakClassifiers></stage14>
</opencv_storage>
