<?xml version="1.0"?>
<opencv_storage>
<stage26>
  <maxWeakCount>100</maxWeakCount>
  <stageThreshold>-1.1084786653518677e+00</stageThreshold>
  <weakClassifiers>
    <_>
      <internalNodes>
        0 -1 102052 -1.2146136164665222e-01</internalNodes>
      <leafValues>
        5.3253012895584106e-01 -6.2038404867053032e-03</leafValues></_>
    <_>
      <internalNodes>
        0 -1 102178 -1.4716958999633789e-01</internalNodes>
      <leafValues>
        -7.6065236330032349e-01 1.8008060753345490e-02</leafValues></_>
    <_>
      <internalNodes>
        0 -1 102178 -1.4555779099464417e-01</internalNodes>
      <leafValues>
        1. -1.8228705739602447e-03</leafValues></_>
    <_>
      <internalNodes>
        0 -1 102178 -1.4528560638427734e-01</internalNodes>
      <leafValues>
        -1. 6.2205642461776733e-04</leafValues></_>
    <_>
      <internalNodes>
        0 -1 102178 -1.4493936300277710e-01</internalNodes>
      <leafValues>
        1. -6.0975603992119431e-04</leafValues></_>
    <_>
      <internalNodes>
        0 -1 102178 -1.4397501945495605e-01</internalNodes>
      <leafValues>
        -9.9414497613906860e-01 1.5656739706173539e-03</leafValues></_>
    <_>
      <internalNodes>
        0 -1 102178 -1.3829283416271210e-01</internalNodes>
      <leafValues>
        9.8540759086608887e-01 -4.5868367888033390e-03</leafValues></_>
    <_>
      <internalNodes>
        0 -1 102178 -1.3824504613876343e-01</internalNodes>
      <leafValues>
        -9.9421221017837524e-01 5.3664535516873002e-04</leafValues></_>
    <_>
      <internalNodes>
        0 -1 102178 -1.3801413774490356e-01</internalNodes>
      <leafValues>
        9.8572796583175659e-01 -6.1766518047079444e-04</leafValues></_>
    <_>
      <internalNodes>
        0 -1 102178 -1.3781014084815979e-01</internalNodes>
      <leafValues>
        -8.4271609783172607e-01 3.1341033172793686e-04</leafValues></_>
    <_>
      <internalNodes>
        0 -1 102193 -1.4573499560356140e-01</internalNodes>
      <leafValues>
        6.3316589593887329e-01 -1.7567089525982738e-03</leafValues></_>
    <_>
      <internalNodes>
        0 -1 102193 -1.4546561241149902e-01</internalNodes>
      <leafValues>
        -7.6066654920578003e-01 1.1580269783735275e-02</leafValues></_>
    <_>
      <internalNodes>
        0 -1 102193 -1.4549186825752258e-01</internalNodes>
      <leafValues>
        9.9486094713211060e-01 -1.0697257705032825e-02</leafValues></_>
    <_>
      <internalNodes>
        0 -1 102193 -1.4546561241149902e-01</internalNodes>
      <leafValues>
        -8.4315538406372070e-01 2.3827371187508106e-03</leafValues></_>
    <_>
      <internalNodes>
        0 -1 102178 -1.4337374269962311e-01</internalNodes>
      <leafValues>
        6.2488698959350586e-01 -2.3253606632351875e-03</leafValues></_>
    <_>
      <internalNodes>
        0 -1 102178 -1.4343520998954773e-01</internalNodes>
      <leafValues>
        -7.7005934715270996e-01 4.5147188939154148e-03</leafValues></_>
    <_>
      <internalNodes>
        0 -1 102178 -1.4288458228111267e-01</internalNodes>
      <leafValues>
        1. -6.0274857096374035e-03</leafValues></_>
    <_>
      <internalNodes>
        0 -1 102178 -1.4315038919448853e-01</internalNodes>
      <leafValues>
        -9.9435955286026001e-01 4.1935606859624386e-03</leafValues></_>
    <_>
      <internalNodes>
        0 -1 102178 -1.4288458228111267e-01</internalNodes>
      <leafValues>
        1. -2.6807915419340134e-03</leafValues></_>
    <_>
      <internalNodes>
        0 -1 102178 -1.4315038919448853e-01</internalNodes>
      <leafValues>
        -9.9442267417907715e-01 2.1478300914168358e-03</leafValues></_>
    <_>
      <internalNodes>
        0 -1 102178 -1.4337374269962311e-01</internalNodes>
      <leafValues>
        1. -2.1478333510458469e-03</leafValues></_>
    <_>
      <internalNodes>
        0 -1 102178 -1.4315038919448853e-01</internalNodes>
      <leafValues>
        -9.9448436498641968e-01 2.1478333510458469e-03</leafValues></_>
    <_>
      <internalNodes>
        0 -1 102178 -1.4337374269962311e-01</internalNodes>
      <leafValues>
        1. -2.1478333510458469e-03</leafValues></_>
    <_>
      <internalNodes>
        0 -1 102178 -1.4315038919448853e-01</internalNodes>
      <leafValues>
        -9.9454468488693237e-01 2.1478333510458469e-03</leafValues></_>
    <_>
      <internalNodes>
        0 -1 102178 -1.4288458228111267e-01</internalNodes>
      <leafValues>
        1. -2.1478333510458469e-03</leafValues></_>
    <_>
      <internalNodes>
        0 -1 102178 -1.4315038919448853e-01</internalNodes>
      <leafValues>
        -9.9460375308990479e-01 2.1478333510458469e-03</leafValues></_>
    <_>
      <internalNodes>
        0 -1 102178 -1.4288458228111267e-01</internalNodes>
      <leafValues>
        1. -2.1478333510458469e-03</leafValues></_>
    <_>
      <internalNodes>
        0 -1 102178 -1.4315038919448853e-01</internalNodes>
      <leafValues>
        -9.9466150999069214e-01 2.1478333510458469e-03</leafValues></_>
    <_>
      <internalNodes>
        0 -1 102178 -1.4288458228111267e-01</internalNodes>
      <leafValues>
        1. -2.1478333510458469e-03</leafValues></_>
    <_>
      <internalNodes>
        0 -1 102178 -1.4315038919448853e-01</internalNodes>
      <leafValues>
        -9.9471807479858398e-01 2.1478333510458469e-03</leafValues></_>
    <_>
      <internalNodes>
        0 -1 102178 -1.4288458228111267e-01</internalNodes>
      <leafValues>
        1. -2.1478333510458469e-03</leafValues></_>
    <_>
      <internalNodes>
        0 -1 102178 -1.4315038919448853e-01</internalNodes>
      <leafValues>
        -9.9477344751358032e-01 2.1478333510458469e-03</leafValues></_>
    <_>
      <internalNodes>
        0 -1 102178 -1.4288458228111267e-01</internalNodes>
      <leafValues>
        1. -2.1478333510458469e-03</leafValues></_>
    <_>
      <internalNodes>
        0 -1 102178 -1.4315038919448853e-01</internalNodes>
      <leafValues>
        -9.9482762813568115e-01 2.1478333510458469e-03</leafValues></_>
    <_>
      <internalNodes>
        0 -1 102178 -1.4288458228111267e-01</internalNodes>
      <leafValues>
        1. -2.1478333510458469e-03</leafValues></_>
    <_>
      <internalNodes>
        0 -1 102178 -1.3902340829372406e-01</internalNodes>
      <leafValues>
        -9.9492973089218140e-01 1.0880526388064027e-03</leafValues></_>
    <_>
      <internalNodes>
        0 -1 102178 -1.3762637972831726e-01</internalNodes>
      <leafValues>
        1. -1.8229108536615968e-03</leafValues></_>
    <_>
      <internalNodes>
        0 -1 102178 -1.3747878372669220e-01</internalNodes>
      <leafValues>
        -1. 3.1379726715385914e-04</leafValues></_>
    <_>
      <internalNodes>
        0 -1 102178 -1.3724404573440552e-01</internalNodes>
      <leafValues>
        1. -9.3138776719570160e-04</leafValues></_>
    <_>
      <internalNodes>
        0 -1 102178 -1.3719817996025085e-01</internalNodes>
      <leafValues>
        -1. 1.8377952510491014e-03</leafValues></_>
    <_>
      <internalNodes>
        0 -1 102178 -1.3702526688575745e-01</internalNodes>
      <leafValues>
        1. -1.5165877994149923e-03</leafValues></_>
    <_>
      <internalNodes>
        0 -1 102178 -1.3663356006145477e-01</internalNodes>
      <leafValues>
        -1. 1.8422313733026385e-03</leafValues></_>
    <_>
      <internalNodes>
        0 -1 102178 -1.3641151785850525e-01</internalNodes>
      <leafValues>
        1. -1.8355271313339472e-03</leafValues></_>
    <_>
      <internalNodes>
        0 -1 102178 -1.3560792803764343e-01</internalNodes>
      <leafValues>
        -9.9473923444747925e-01 2.1642276551574469e-03</leafValues></_>
    <_>
      <internalNodes>
        0 -1 102178 -1.3492056727409363e-01</internalNodes>
      <leafValues>
        1. -9.3259452842175961e-04</leafValues></_>
    <_>
      <internalNodes>
        0 -1 102178 -1.3408485054969788e-01</internalNodes>
      <leafValues>
        -9.9484485387802124e-01 1.1722998460754752e-03</leafValues></_>
    <_>
      <internalNodes>
        0 -1 102178 -1.3296346366405487e-01</internalNodes>
      <leafValues>
        1. -1.5582044143229723e-03</leafValues></_>
    <_>
      <internalNodes>
        0 -1 102178 -1.3219097256660461e-01</internalNodes>
      <leafValues>
        -9.9495029449462891e-01 1.2657106854021549e-03</leafValues></_>
    <_>
      <internalNodes>
        0 -1 102178 -1.3134196400642395e-01</internalNodes>
      <leafValues>
        1. -6.2464398797601461e-04</leafValues></_>
    <_>
      <internalNodes>
        0 -1 102178 -1.3072064518928528e-01</internalNodes>
      <leafValues>
        -9.9502646923065186e-01 6.3405971741303802e-04</leafValues></_>
    <_>
      <internalNodes>
        0 -1 102178 -1.3066184520721436e-01</internalNodes>
      <leafValues>
        1. -3.1261515687219799e-04</leafValues></_>
    <_>
      <internalNodes>
        0 -1 102178 -1.3011997938156128e-01</internalNodes>
      <leafValues>
        -9.9018305540084839e-01 9.5772591885179281e-04</leafValues></_>
    <_>
      <internalNodes>
        0 -1 102178 -1.3006252050399780e-01</internalNodes>
      <leafValues>
        1. -3.0598026933148503e-04</leafValues></_>
    <_>
      <internalNodes>
        0 -1 102178 -1.3000562787055969e-01</internalNodes>
      <leafValues>
        -9.9514216184616089e-01 3.1813932582736015e-04</leafValues></_>
    <_>
      <internalNodes>
        0 -1 102178 -1.2994459271430969e-01</internalNodes>
      <leafValues>
        1. -6.2659283867105842e-04</leafValues></_>
    <_>
      <internalNodes>
        0 -1 102178 -1.2989243865013123e-01</internalNodes>
      <leafValues>
        -9.9521273374557495e-01 6.3688645604997873e-04</leafValues></_>
    <_>
      <internalNodes>
        0 -1 102178 -1.2960754334926605e-01</internalNodes>
      <leafValues>
        7.0294827222824097e-01 -9.4136380357667804e-04</leafValues></_>
    <_>
      <internalNodes>
        0 -1 102178 -1.4469245076179504e-01</internalNodes>
      <leafValues>
        -7.8509706258773804e-01 -9.4945466844365001e-04</leafValues></_>
    <_>
      <internalNodes>
        0 -1 102193 -1.4388415217399597e-01</internalNodes>
      <leafValues>
        6.9851082563400269e-01 9.2384387971833348e-04</leafValues></_>
    <_>
      <internalNodes>
        0 -1 146398 -7.5480394298210740e-04</internalNodes>
      <leafValues>
        2.2269068658351898e-01 -1.0045509785413742e-01</leafValues></_>
    <_>
      <internalNodes>
        0 -1 144082 3.6501991562545300e-03</internalNodes>
      <leafValues>
        -7.4326723814010620e-02 2.6405549049377441e-01</leafValues></_>
    <_>
      <internalNodes>
        0 -1 79585 -7.9958625137805939e-03</internalNodes>
      <leafValues>
        2.6577809453010559e-01 -7.2328642010688782e-02</leafValues></_>
    <_>
      <internalNodes>
        0 -1 135471 -8.1048090942203999e-04</internalNodes>
      <leafValues>
        -1.7536681890487671e-01 9.1940931975841522e-02</leafValues></_>
    <_>
      <internalNodes>
        0 -1 61510 -1.9711414352059364e-03</internalNodes>
      <leafValues>
        -2.2685319185256958e-01 5.6821476668119431e-02</leafValues></_>
    <_>
      <internalNodes>
        0 -1 41085 3.5677991807460785e-02</internalNodes>
      <leafValues>
        -2.4838704615831375e-02 3.4458643198013306e-01</leafValues></_>
    <_>
      <internalNodes>
        0 -1 108492 -1.3433857820928097e-03</internalNodes>
      <leafValues>
        1.6585470736026764e-01 -9.0429089963436127e-02</leafValues></_>
    <_>
      <internalNodes>
        0 -1 111019 2.8649694286286831e-04</internalNodes>
      <leafValues>
        7.5335294008255005e-02 -1.6839814186096191e-01</leafValues></_>
    <_>
      <internalNodes>
        0 -1 111014 -1.1349787382641807e-04</internalNodes>
      <leafValues>
        -1.5826193988323212e-01 1.0815934091806412e-01</leafValues></_>
    <_>
      <internalNodes>
        0 -1 31904 4.0046744979918003e-03</internalNodes>
      <leafValues>
        -1.0474504530429840e-01 1.4032676815986633e-01</leafValues></_>
    <_>
      <internalNodes>
        0 -1 1241 8.0525025725364685e-02</internalNodes>
      <leafValues>
        3.9333067834377289e-02 -6.6245675086975098e-01</leafValues></_>
    <_>
      <internalNodes>
        0 -1 100541 3.8934382610023022e-03</internalNodes>
      <leafValues>
        -7.9873174428939819e-02 1.4987015724182129e-01</leafValues></_>
    <_>
      <internalNodes>
        0 -1 103173 -1.7564650624990463e-02</internalNodes>
      <leafValues>
        5.2427524328231812e-01 -1.0262008756399155e-02</leafValues></_>
    <_>
      <internalNodes>
        0 -1 93055 -1.4241400361061096e-01</internalNodes>
      <leafValues>
        -2.2984683513641357e-01 4.5782569795846939e-02</leafValues></_>
    <_>
      <internalNodes>
        0 -1 86617 -8.0917426384985447e-04</internalNodes>
      <leafValues>
        1.2967146933078766e-01 -1.1281426995992661e-01</leafValues></_>
    <_>
      <internalNodes>
        0 -1 160735 -2.5541842915117741e-03</internalNodes>
      <leafValues>
        -3.7195941805839539e-01 4.6974923461675644e-02</leafValues></_>
    <_>
      <internalNodes>
        0 -1 87361 -1.2774555943906307e-02</internalNodes>
      <leafValues>
        4.6479737758636475e-01 -3.3984556794166565e-02</leafValues></_>
    <_>
      <internalNodes>
        0 -1 150636 -1.3431043364107609e-02</internalNodes>
      <leafValues>
        -8.5707873106002808e-01 1.1706296354532242e-02</leafValues></_>
    <_>
      <internalNodes>
        0 -1 10595 -7.8208988998085260e-04</internalNodes>
      <leafValues>
        1.2604908645153046e-01 -9.8692879080772400e-02</leafValues></_>
    <_>
      <internalNodes>
        0 -1 149334 -1.2829383835196495e-02</internalNodes>
      <leafValues>
        1.2153544276952744e-01 -9.4686716794967651e-02</leafValues></_>
    <_>
      <internalNodes>
        0 -1 161272 -1.4282423071563244e-03</internalNodes>
      <leafValues>
        -2.3888170719146729e-01 4.6142134815454483e-02</leafValues></_>
    <_>
      <internalNodes>
        0 -1 74458 1.2358799576759338e-03</internalNodes>
      <leafValues>
        -3.2065313309431076e-02 3.7254676222801208e-01</leafValues></_>
    <_>
      <internalNodes>
        0 -1 96868 4.3679505586624146e-02</internalNodes>
      <leafValues>
        1.2252567335963249e-02 -7.8425240516662598e-01</leafValues></_>
    <_>
      <internalNodes>
        0 -1 12246 4.3504061177372932e-03</internalNodes>
      <leafValues>
        -4.0281735360622406e-02 2.9742893576622009e-01</leafValues></_>
    <_>
      <internalNodes>
        0 -1 10596 -1.8179244361817837e-03</internalNodes>
      <leafValues>
        -3.6061027646064758e-01 3.2540734857320786e-02</leafValues></_>
    <_>
      <internalNodes>
        0 -1 141635 -1.1297520250082016e-02</internalNodes>
      <leafValues>
        4.5776441693305969e-01 -2.6103170588612556e-02</leafValues></_>
    <_>
      <internalNodes>
        0 -1 110974 -2.9539451934397221e-03</internalNodes>
      <leafValues>
        1.7095766961574554e-01 -7.2377637028694153e-02</leafValues></_>
    <_>
      <internalNodes>
        0 -1 121294 1.5591676346957684e-03</internalNodes>
      <leafValues>
        -8.9737266302108765e-02 1.3666476309299469e-01</leafValues></_>
    <_>
      <internalNodes>
        0 -1 157574 6.7351962206885219e-04</internalNodes>
      <leafValues>
        6.7983947694301605e-02 -1.8625730276107788e-01</leafValues></_>
    <_>
      <internalNodes>
        0 -1 53543 1.0961915552616119e-01</internalNodes>
      <leafValues>
        1.6633620485663414e-02 -8.1080919504165649e-01</leafValues></_>
    <_>
      <internalNodes>
        0 -1 11445 -1.2895878404378891e-02</internalNodes>
      <leafValues>
        2.8739050030708313e-01 -4.3172623962163925e-02</leafValues></_>
    <_>
      <internalNodes>
        0 -1 48475 -1.4585854951292276e-03</internalNodes>
      <leafValues>
        1.2944263219833374e-01 -1.0699490457773209e-01</leafValues></_>
    <_>
      <internalNodes>
        0 -1 160974 -1.8266534432768822e-02</internalNodes>
      <leafValues>
        -4.5348739624023438e-01 3.0515315011143684e-02</leafValues></_>
    <_>
      <internalNodes>
        0 -1 64711 1.0317681729793549e-01</internalNodes>
      <leafValues>
        -4.2743034660816193e-02 2.9691541194915771e-01</leafValues></_>
    <_>
      <internalNodes>
        0 -1 101448 -7.4847906827926636e-02</internalNodes>
      <leafValues>
        1.8982736766338348e-01 -7.7982179820537567e-02</leafValues></_>
    <_>
      <internalNodes>
        0 -1 125586 -1.1285406351089478e-01</internalNodes>
      <leafValues>
        -6.4549386501312256e-01 2.2101825103163719e-02</leafValues></_>
    <_>
      <internalNodes>
        0 -1 51284 -5.6459037587046623e-03</internalNodes>
      <leafValues>
        1.7904391884803772e-01 -6.5077684819698334e-02</leafValues></_>
    <_>
      <internalNodes>
        0 -1 51245 2.5847121141850948e-03</internalNodes>
      <leafValues>
        -5.8530800044536591e-02 2.4295280873775482e-01</leafValues></_>
    <_>
      <internalNodes>
        0 -1 79839 1.7174949869513512e-02</internalNodes>
      <leafValues>
        -5.2904691547155380e-02 2.0175957679748535e-01</leafValues></_>
    <_>
      <internalNodes>
        0 -1 76177 2.5823181867599487e-01</internalNodes>
      <leafValues>
        -2.2073319181799889e-02 5.8755856752395630e-01</leafValues></_>
    <_>
      <internalNodes>
        0 -1 12835 1.0554227628745139e-04</internalNodes>
      <leafValues>
        -1.1065421998500824e-01 1.1362122744321823e-01</leafValues></_></weakClassifiers></stage26>
</opencv_storage>
