<?xml version="1.0"?>
<opencv_storage>
<stage25>
  <maxWeakCount>100</maxWeakCount>
  <stageThreshold>-9.3051964044570923e-01</stageThreshold>
  <weakClassifiers>
    <_>
      <internalNodes>
        0 -1 109896 -1.1705891042947769e-01</internalNodes>
      <leafValues>
        5.8431375026702881e-01 1.4386460185050964e-02</leafValues></_>
    <_>
      <internalNodes>
        0 -1 109896 -1.1530725657939911e-01</internalNodes>
      <leafValues>
        -9.4583272933959961e-01 2.3242388851940632e-03</leafValues></_>
    <_>
      <internalNodes>
        0 -1 109896 -1.1483955383300781e-01</internalNodes>
      <leafValues>
        9.9332129955291748e-01 -1.3860021717846394e-03</leafValues></_>
    <_>
      <internalNodes>
        0 -1 109896 -1.1458988487720490e-01</internalNodes>
      <leafValues>
        -1. 5.7670037494972348e-04</leafValues></_>
    <_>
      <internalNodes>
        0 -1 109896 -1.1333254724740982e-01</internalNodes>
      <leafValues>
        9.9353414773941040e-01 -1.6797311836853623e-03</leafValues></_>
    <_>
      <internalNodes>
        0 -1 109896 -1.1325407028198242e-01</internalNodes>
      <leafValues>
        -1. 5.7736563030630350e-04</leafValues></_>
    <_>
      <internalNodes>
        0 -1 109896 -1.1300690472126007e-01</internalNodes>
      <leafValues>
        9.9363690614700317e-01 -2.8050484252162278e-04</leafValues></_>
    <_>
      <internalNodes>
        0 -1 109896 -1.1274045705795288e-01</internalNodes>
      <leafValues>
        -1. 5.7803466916084290e-04</leafValues></_>
    <_>
      <internalNodes>
        0 -1 109896 -1.1266739666461945e-01</internalNodes>
      <leafValues>
        9.9373656511306763e-01 -2.8066229424439371e-04</leafValues></_>
    <_>
      <internalNodes>
        0 -1 109896 -1.1230689287185669e-01</internalNodes>
      <leafValues>
        -1. 5.7870370801538229e-04</leafValues></_>
    <_>
      <internalNodes>
        0 -1 109896 -1.1170577257871628e-01</internalNodes>
      <leafValues>
        9.9390792846679688e-01 -1.4056789223104715e-03</leafValues></_>
    <_>
      <internalNodes>
        0 -1 109896 -1.1142876744270325e-01</internalNodes>
      <leafValues>
        -1. 2.8960232157260180e-04</leafValues></_>
    <_>
      <internalNodes>
        0 -1 109896 -1.1127915978431702e-01</internalNodes>
      <leafValues>
        1. -5.6338025024160743e-04</leafValues></_>
    <_>
      <internalNodes>
        0 -1 109896 -1.0993935912847519e-01</internalNodes>
      <leafValues>
        -9.6974128484725952e-01 1.7588668270036578e-03</leafValues></_>
    <_>
      <internalNodes>
        0 -1 109896 -1.0987474024295807e-01</internalNodes>
      <leafValues>
        9.9347496032714844e-01 -2.8224487323313951e-04</leafValues></_>
    <_>
      <internalNodes>
        0 -1 109896 -1.0981936007738113e-01</internalNodes>
      <leafValues>
        -1. 2.9112081392668188e-04</leafValues></_>
    <_>
      <internalNodes>
        0 -1 109896 -1.0919211804866791e-01</internalNodes>
      <leafValues>
        9.8754531145095825e-01 -1.1223374167457223e-03</leafValues></_>
    <_>
      <internalNodes>
        0 -1 109896 -1.0904929041862488e-01</internalNodes>
      <leafValues>
        -1. 5.8308988809585571e-04</leafValues></_>
    <_>
      <internalNodes>
        0 -1 109896 -1.0887868702411652e-01</internalNodes>
      <leafValues>
        9.8799395561218262e-01 -5.6657218374311924e-04</leafValues></_>
    <_>
      <internalNodes>
        0 -1 109896 -1.0831192135810852e-01</internalNodes>
      <leafValues>
        -9.7160124778747559e-01 8.7591237388551235e-04</leafValues></_>
    <_>
      <internalNodes>
        0 -1 109896 -1.0756891220808029e-01</internalNodes>
      <leafValues>
        9.8717594146728516e-01 -1.1350736021995544e-03</leafValues></_>
    <_>
      <internalNodes>
        0 -1 109896 -1.0745970904827118e-01</internalNodes>
      <leafValues>
        -1. 5.8479484869167209e-04</leafValues></_>
    <_>
      <internalNodes>
        0 -1 109896 -1.0637328028678894e-01</internalNodes>
      <leafValues>
        9.7658848762512207e-01 -2.2635264322161674e-03</leafValues></_>
    <_>
      <internalNodes>
        0 -1 109896 -1.0545371472835541e-01</internalNodes>
      <leafValues>
        -9.4731074571609497e-01 1.7770394915714860e-03</leafValues></_>
    <_>
      <internalNodes>
        0 -1 109896 -1.1011333018541336e-01</internalNodes>
      <leafValues>
        9.9314010143280029e-01 5.6943617528304458e-04</leafValues></_>
    <_>
      <internalNodes>
        0 -1 109896 -1.0651789605617523e-01</internalNodes>
      <leafValues>
        -1. 9.0627570170909166e-04</leafValues></_>
    <_>
      <internalNodes>
        0 -1 109896 -1.0469698905944824e-01</internalNodes>
      <leafValues>
        9.9434345960617065e-01 -2.0481171086430550e-03</leafValues></_>
    <_>
      <internalNodes>
        0 -1 109896 -1.0424229502677917e-01</internalNodes>
      <leafValues>
        -1. 2.9437453486025333e-04</leafValues></_>
    <_>
      <internalNodes>
        0 -1 109896 -1.0376739501953125e-01</internalNodes>
      <leafValues>
        9.9445205926895142e-01 -8.5984519682824612e-04</leafValues></_>
    <_>
      <internalNodes>
        0 -1 109896 -1.0369888693094254e-01</internalNodes>
      <leafValues>
        -1. 2.9455058393068612e-04</leafValues></_>
    <_>
      <internalNodes>
        0 -1 109896 -1.0329817980527878e-01</internalNodes>
      <leafValues>
        9.9464243650436401e-01 -8.6132640717551112e-04</leafValues></_>
    <_>
      <internalNodes>
        0 -1 109896 -1.0319118201732635e-01</internalNodes>
      <leafValues>
        -1. 2.9472421738319099e-04</leafValues></_>
    <_>
      <internalNodes>
        0 -1 109896 -1.0292579233646393e-01</internalNodes>
      <leafValues>
        9.9480754137039185e-01 -5.7504314463585615e-04</leafValues></_>
    <_>
      <internalNodes>
        0 -1 109896 -1.0209685564041138e-01</internalNodes>
      <leafValues>
        -9.1390323638916016e-01 2.3811289574950933e-03</leafValues></_>
    <_>
      <internalNodes>
        0 -1 109896 -1.0194334387779236e-01</internalNodes>
      <leafValues>
        9.9364531040191650e-01 -2.8809692594222724e-04</leafValues></_>
    <_>
      <internalNodes>
        0 -1 109896 -1.0176618397235870e-01</internalNodes>
      <leafValues>
        -1. 2.9664786416105926e-04</leafValues></_>
    <_>
      <internalNodes>
        0 -1 109896 -1.0157172381877899e-01</internalNodes>
      <leafValues>
        9.9376094341278076e-01 -5.7670124806463718e-04</leafValues></_>
    <_>
      <internalNodes>
        0 -1 109896 -1.0126440227031708e-01</internalNodes>
      <leafValues>
        -9.8865151405334473e-01 1.4949913602322340e-03</leafValues></_>
    <_>
      <internalNodes>
        0 -1 109896 -9.9903412163257599e-02</internalNodes>
      <leafValues>
        9.8824477195739746e-01 -2.8877523727715015e-03</leafValues></_>
    <_>
      <internalNodes>
        0 -1 109896 -9.9774919450283051e-02</internalNodes>
      <leafValues>
        -1. 5.9629487805068493e-04</leafValues></_>
    <_>
      <internalNodes>
        0 -1 109896 -9.6868798136711121e-02</internalNodes>
      <leafValues>
        9.5826536417007446e-01 -4.3454179540276527e-03</leafValues></_>
    <_>
      <internalNodes>
        0 -1 109896 -9.6560917794704437e-02</internalNodes>
      <leafValues>
        -9.8865950107574463e-01 8.9898373698815703e-04</leafValues></_>
    <_>
      <internalNodes>
        0 -1 109896 -9.6368446946144104e-02</internalNodes>
      <leafValues>
        9.9473702907562256e-01 -2.9420392820611596e-04</leafValues></_>
    <_>
      <internalNodes>
        0 -1 109896 -9.6169874072074890e-02</internalNodes>
      <leafValues>
        -9.8885738849639893e-01 3.0002999119460583e-04</leafValues></_>
    <_>
      <internalNodes>
        0 -1 109896 -9.5864333212375641e-02</internalNodes>
      <leafValues>
        9.9468833208084106e-01 -5.8892811648547649e-04</leafValues></_>
    <_>
      <internalNodes>
        0 -1 109896 -9.5513954758644104e-02</internalNodes>
      <leafValues>
        -9.8910504579544067e-01 6.0060055693611503e-04</leafValues></_>
    <_>
      <internalNodes>
        0 -1 109896 -9.4789817929267883e-02</internalNodes>
      <leafValues>
        9.6015763282775879e-01 -1.1747907847166061e-03</leafValues></_>
    <_>
      <internalNodes>
        0 -1 109896 -9.4687588512897491e-02</internalNodes>
      <leafValues>
        -9.8850375413894653e-01 3.0075132963247597e-04</leafValues></_>
    <_>
      <internalNodes>
        0 -1 109896 -9.4568371772766113e-02</internalNodes>
      <leafValues>
        9.9501162767410278e-01 -2.9559561517089605e-04</leafValues></_>
    <_>
      <internalNodes>
        0 -1 109896 -9.4483733177185059e-02</internalNodes>
      <leafValues>
        -9.8877424001693726e-01 3.0093287932686508e-04</leafValues></_>
    <_>
      <internalNodes>
        0 -1 109896 -9.4412848353385925e-02</internalNodes>
      <leafValues>
        9.9494922161102295e-01 -2.9577047098428011e-04</leafValues></_>
    <_>
      <internalNodes>
        0 -1 109896 -9.4380930066108704e-02</internalNodes>
      <leafValues>
        -9.8908668756484985e-01 3.0111410887911916e-04</leafValues></_>
    <_>
      <internalNodes>
        0 -1 109896 -9.4315454363822937e-02</internalNodes>
      <leafValues>
        9.9002754688262939e-01 -2.9594553052447736e-04</leafValues></_>
    <_>
      <internalNodes>
        0 -1 109896 -9.3472912907600403e-02</internalNodes>
      <leafValues>
        -9.7919493913650513e-01 9.1015209909528494e-04</leafValues></_>
    <_>
      <internalNodes>
        0 -1 109896 -9.3360260128974915e-02</internalNodes>
      <leafValues>
        9.8980224132537842e-01 -2.9629605705849826e-04</leafValues></_>
    <_>
      <internalNodes>
        0 -1 109896 -9.3071073293685913e-02</internalNodes>
      <leafValues>
        -9.8966360092163086e-01 6.0422957176342607e-04</leafValues></_>
    <_>
      <internalNodes>
        0 -1 109896 -9.2310234904289246e-02</internalNodes>
      <leafValues>
        9.8504447937011719e-01 -1.4790844870731235e-03</leafValues></_>
    <_>
      <internalNodes>
        0 -1 109896 -9.2148616909980774e-02</internalNodes>
      <leafValues>
        -9.8981273174285889e-01 6.0532579664140940e-04</leafValues></_>
    <_>
      <internalNodes>
        0 -1 109896 -9.2003613710403442e-02</internalNodes>
      <leafValues>
        9.8529183864593506e-01 -2.9753040871582925e-04</leafValues></_>
    <_>
      <internalNodes>
        0 -1 109896 -9.1493591666221619e-02</internalNodes>
      <leafValues>
        -9.8982304334640503e-01 6.0606061015278101e-04</leafValues></_>
    <_>
      <internalNodes>
        0 -1 109896 -9.1214351356029510e-02</internalNodes>
      <leafValues>
        9.8556095361709595e-01 -8.9365500025451183e-04</leafValues></_>
    <_>
      <internalNodes>
        0 -1 109896 -9.0436294674873352e-02</internalNodes>
      <leafValues>
        -9.7063058614730835e-01 9.1608881484717131e-04</leafValues></_>
    <_>
      <internalNodes>
        0 -1 109896 -9.0032264590263367e-02</internalNodes>
      <leafValues>
        9.5096588134765625e-01 -1.1898316442966461e-03</leafValues></_>
    <_>
      <internalNodes>
        0 -1 109896 -8.9572623372077942e-02</internalNodes>
      <leafValues>
        -9.2395949363708496e-01 1.8281530356034636e-03</leafValues></_>
    <_>
      <internalNodes>
        0 -1 109896 -1.0094725340604782e-01</internalNodes>
      <leafValues>
        9.9373328685760498e-01 -1.5522859757766128e-03</leafValues></_>
    <_>
      <internalNodes>
        0 -1 109896 -1.0106450319290161e-01</internalNodes>
      <leafValues>
        -9.8869115114212036e-01 8.7921619415283203e-03</leafValues></_>
    <_>
      <internalNodes>
        0 -1 109896 -1.0094725340604782e-01</internalNodes>
      <leafValues>
        9.9368804693222046e-01 -8.7919365614652634e-03</leafValues></_>
    <_>
      <internalNodes>
        0 -1 109896 -1.0106450319290161e-01</internalNodes>
      <leafValues>
        -1. 8.7919365614652634e-03</leafValues></_>
    <_>
      <internalNodes>
        0 -1 109896 -1.0086923837661743e-01</internalNodes>
      <leafValues>
        9.9383693933486938e-01 -8.7919365614652634e-03</leafValues></_>
    <_>
      <internalNodes>
        0 -1 109896 -1.0106450319290161e-01</internalNodes>
      <leafValues>
        -9.8866486549377441e-01 8.7919365614652634e-03</leafValues></_>
    <_>
      <internalNodes>
        0 -1 109896 -1.0086923837661743e-01</internalNodes>
      <leafValues>
        9.9373799562454224e-01 -8.7919365614652634e-03</leafValues></_>
    <_>
      <internalNodes>
        0 -1 109896 -1.0106450319290161e-01</internalNodes>
      <leafValues>
        -9.8877865076065063e-01 8.7919365614652634e-03</leafValues></_>
    <_>
      <internalNodes>
        0 -1 109896 -1.0094725340604782e-01</internalNodes>
      <leafValues>
        9.9362158775329590e-01 -8.7919365614652634e-03</leafValues></_>
    <_>
      <internalNodes>
        0 -1 109896 -1.0106450319290161e-01</internalNodes>
      <leafValues>
        -1. 8.7919365614652634e-03</leafValues></_>
    <_>
      <internalNodes>
        0 -1 109896 -1.0086923837661743e-01</internalNodes>
      <leafValues>
        9.9375563859939575e-01 -8.7919365614652634e-03</leafValues></_>
    <_>
      <internalNodes>
        0 -1 109896 -1.0106450319290161e-01</internalNodes>
      <leafValues>
        -9.8874735832214355e-01 8.7919365614652634e-03</leafValues></_>
    <_>
      <internalNodes>
        0 -1 109896 -1.0094725340604782e-01</internalNodes>
      <leafValues>
        9.9363899230957031e-01 -8.7919365614652634e-03</leafValues></_>
    <_>
      <internalNodes>
        0 -1 109896 -1.0106450319290161e-01</internalNodes>
      <leafValues>
        -1. 8.7919365614652634e-03</leafValues></_>
    <_>
      <internalNodes>
        0 -1 109896 -1.0086923837661743e-01</internalNodes>
      <leafValues>
        9.9377244710922241e-01 -8.7919365614652634e-03</leafValues></_>
    <_>
      <internalNodes>
        0 -1 109896 -1.0106450319290161e-01</internalNodes>
      <leafValues>
        -9.8871737718582153e-01 8.7919365614652634e-03</leafValues></_>
    <_>
      <internalNodes>
        0 -1 109896 -1.0094725340604782e-01</internalNodes>
      <leafValues>
        9.9367362260818481e-01 -8.7919365614652634e-03</leafValues></_>
    <_>
      <internalNodes>
        0 -1 109896 -1.0106450319290161e-01</internalNodes>
      <leafValues>
        -1. 8.7919365614652634e-03</leafValues></_>
    <_>
      <internalNodes>
        0 -1 109896 -1.0086923837661743e-01</internalNodes>
      <leafValues>
        9.9382305145263672e-01 -8.7919365614652634e-03</leafValues></_>
    <_>
      <internalNodes>
        0 -1 109896 -1.0106450319290161e-01</internalNodes>
      <leafValues>
        -9.8868995904922485e-01 8.7919365614652634e-03</leafValues></_>
    <_>
      <internalNodes>
        0 -1 109896 -1.0086923837661743e-01</internalNodes>
      <leafValues>
        9.9372434616088867e-01 -8.7919365614652634e-03</leafValues></_>
    <_>
      <internalNodes>
        0 -1 109896 -1.0106450319290161e-01</internalNodes>
      <leafValues>
        -1. 8.7919365614652634e-03</leafValues></_>
    <_>
      <internalNodes>
        0 -1 109896 -1.0086923837661743e-01</internalNodes>
      <leafValues>
        9.9383705854415894e-01 -8.7919365614652634e-03</leafValues></_>
    <_>
      <internalNodes>
        0 -1 109896 -1.0106450319290161e-01</internalNodes>
      <leafValues>
        -9.8866456747055054e-01 8.7919365614652634e-03</leafValues></_>
    <_>
      <internalNodes>
        0 -1 109896 -1.0086923837661743e-01</internalNodes>
      <leafValues>
        9.9373811483383179e-01 -8.7919365614652634e-03</leafValues></_>
    <_>
      <internalNodes>
        0 -1 109896 -1.0106450319290161e-01</internalNodes>
      <leafValues>
        -9.8877835273742676e-01 8.7919365614652634e-03</leafValues></_>
    <_>
      <internalNodes>
        0 -1 109896 -1.0094725340604782e-01</internalNodes>
      <leafValues>
        9.9362176656723022e-01 -8.7919365614652634e-03</leafValues></_>
    <_>
      <internalNodes>
        0 -1 109896 -1.0106450319290161e-01</internalNodes>
      <leafValues>
        -1. 8.7919365614652634e-03</leafValues></_>
    <_>
      <internalNodes>
        0 -1 109896 -1.0086923837661743e-01</internalNodes>
      <leafValues>
        9.9375581741333008e-01 -8.7919365614652634e-03</leafValues></_>
    <_>
      <internalNodes>
        0 -1 109896 -1.0106450319290161e-01</internalNodes>
      <leafValues>
        -9.8874706029891968e-01 8.7919365614652634e-03</leafValues></_>
    <_>
      <internalNodes>
        0 -1 109896 -1.0094725340604782e-01</internalNodes>
      <leafValues>
        9.9363917112350464e-01 -8.7919365614652634e-03</leafValues></_>
    <_>
      <internalNodes>
        0 -1 109896 -1.0106450319290161e-01</internalNodes>
      <leafValues>
        -1. 8.7919365614652634e-03</leafValues></_>
    <_>
      <internalNodes>
        0 -1 109896 -1.0086923837661743e-01</internalNodes>
      <leafValues>
        9.9377262592315674e-01 -8.7919365614652634e-03</leafValues></_>
    <_>
      <internalNodes>
        0 -1 109896 -1.0106450319290161e-01</internalNodes>
      <leafValues>
        -9.8871713876724243e-01 8.7919365614652634e-03</leafValues></_>
    <_>
      <internalNodes>
        0 -1 109896 -1.0094725340604782e-01</internalNodes>
      <leafValues>
        9.9367374181747437e-01 -8.7919365614652634e-03</leafValues></_>
    <_>
      <internalNodes>
        0 -1 109896 -1.0106450319290161e-01</internalNodes>
      <leafValues>
        -1. 8.7919365614652634e-03</leafValues></_></weakClassifiers></stage25>
</opencv_storage>
