<?xml version="1.0"?>
<opencv_storage>
<stage21>
  <maxWeakCount>100</maxWeakCount>
  <stageThreshold>-9.3648660182952881e-01</stageThreshold>
  <weakClassifiers>
    <_>
      <internalNodes>
        0 -1 2624 1.6619080305099487e-01</internalNodes>
      <leafValues>
        -3.9730135351419449e-02 2.7031803131103516e-01</leafValues></_>
    <_>
      <internalNodes>
        0 -1 141334 -3.7350421771407127e-03</internalNodes>
      <leafValues>
        4.5456740260124207e-01 -3.3303417265415192e-02</leafValues></_>
    <_>
      <internalNodes>
        0 -1 141334 -3.7182988598942757e-03</internalNodes>
      <leafValues>
        -1. 8.8635837892070413e-04</leafValues></_>
    <_>
      <internalNodes>
        0 -1 141334 -3.6668484099209309e-03</internalNodes>
      <leafValues>
        1. -6.1825744342058897e-04</leafValues></_>
    <_>
      <internalNodes>
        0 -1 141334 -3.5787711385637522e-03</internalNodes>
      <leafValues>
        -1. 1.4364010421559215e-03</leafValues></_>
    <_>
      <internalNodes>
        0 -1 141334 -3.5417266190052032e-03</internalNodes>
      <leafValues>
        1. -3.0941478325985372e-04</leafValues></_>
    <_>
      <internalNodes>
        0 -1 141334 -3.5390662960708141e-03</internalNodes>
      <leafValues>
        -1. 3.6581666790880263e-04</leafValues></_>
    <_>
      <internalNodes>
        0 -1 141334 -3.5301556345075369e-03</internalNodes>
      <leafValues>
        1. -5.3679890697821975e-04</leafValues></_>
    <_>
      <internalNodes>
        0 -1 141334 -3.5206389147788286e-03</internalNodes>
      <leafValues>
        -1. 5.3707306506112218e-04</leafValues></_>
    <_>
      <internalNodes>
        0 -1 141334 -3.4970426931977272e-03</internalNodes>
      <leafValues>
        1. -1.1581148719415069e-03</leafValues></_>
    <_>
      <internalNodes>
        0 -1 141334 -3.4447186626493931e-03</internalNodes>
      <leafValues>
        -9.8820853233337402e-01 1.2153247371315956e-03</leafValues></_>
    <_>
      <internalNodes>
        0 -1 141334 -3.4254875499755144e-03</internalNodes>
      <leafValues>
        1. -7.6703930972144008e-04</leafValues></_>
    <_>
      <internalNodes>
        0 -1 141334 -3.3857901580631733e-03</internalNodes>
      <leafValues>
        -1. 8.0902624176815152e-04</leafValues></_>
    <_>
      <internalNodes>
        0 -1 141334 -3.3513084053993225e-03</internalNodes>
      <leafValues>
        1. -5.3969584405422211e-04</leafValues></_>
    <_>
      <internalNodes>
        0 -1 141334 -3.3492455258965492e-03</internalNodes>
      <leafValues>
        -1. 2.6996660744771361e-04</leafValues></_>
    <_>
      <internalNodes>
        0 -1 141334 -3.3446145243942738e-03</internalNodes>
      <leafValues>
        1. -3.1161418883129954e-04</leafValues></_>
    <_>
      <internalNodes>
        0 -1 141334 -3.3283813390880823e-03</internalNodes>
      <leafValues>
        -1. 5.4037099471315742e-04</leafValues></_>
    <_>
      <internalNodes>
        0 -1 141334 -3.3209272660315037e-03</internalNodes>
      <leafValues>
        1. -7.6952844392508268e-04</leafValues></_>
    <_>
      <internalNodes>
        0 -1 141334 -3.2957796938717365e-03</internalNodes>
      <leafValues>
        -1. 5.4095545783638954e-04</leafValues></_>
    <_>
      <internalNodes>
        0 -1 141334 -3.2812913414090872e-03</internalNodes>
      <leafValues>
        1. -9.3745230697095394e-04</leafValues></_>
    <_>
      <internalNodes>
        0 -1 141334 -3.2604914158582687e-03</internalNodes>
      <leafValues>
        -1. 5.4154125973582268e-04</leafValues></_>
    <_>
      <internalNodes>
        0 -1 141334 -3.2486864365637302e-03</internalNodes>
      <leafValues>
        1. -4.5899959513917565e-04</leafValues></_>
    <_>
      <internalNodes>
        0 -1 141334 -3.2370518893003464e-03</internalNodes>
      <leafValues>
        -1. 5.4212869144976139e-04</leafValues></_>
    <_>
      <internalNodes>
        0 -1 141334 -3.2253044191747904e-03</internalNodes>
      <leafValues>
        1. -3.1316257081925869e-04</leafValues></_>
    <_>
      <internalNodes>
        0 -1 141334 -3.2132784835994244e-03</internalNodes>
      <leafValues>
        -1. 5.4271711269393563e-04</leafValues></_>
    <_>
      <internalNodes>
        0 -1 141334 -3.2076970674097538e-03</internalNodes>
      <leafValues>
        1. -5.4330477723851800e-04</leafValues></_>
    <_>
      <internalNodes>
        0 -1 141334 -3.2068826258182526e-03</internalNodes>
      <leafValues>
        -1. 3.7033285479992628e-04</leafValues></_>
    <_>
      <internalNodes>
        0 -1 141334 -3.1864801421761513e-03</internalNodes>
      <leafValues>
        1. -5.4389581782743335e-04</leafValues></_>
    <_>
      <internalNodes>
        0 -1 141334 -3.1604042742401361e-03</internalNodes>
      <leafValues>
        -1. 6.4258981728926301e-04</leafValues></_>
    <_>
      <internalNodes>
        0 -1 141334 -3.1490242108702660e-03</internalNodes>
      <leafValues>
        1. -3.1404112814925611e-04</leafValues></_>
    <_>
      <internalNodes>
        0 -1 141334 -3.1299488618969917e-03</internalNodes>
      <leafValues>
        -1. 6.4341677352786064e-04</leafValues></_>
    <_>
      <internalNodes>
        0 -1 141334 -3.1201550737023354e-03</internalNodes>
      <leafValues>
        1. -5.4483028361573815e-04</leafValues></_>
    <_>
      <internalNodes>
        0 -1 141334 -3.1027211807668209e-03</internalNodes>
      <leafValues>
        -1. 8.1788882380351424e-04</leafValues></_>
    <_>
      <internalNodes>
        0 -1 141334 -3.0814411584287882e-03</internalNodes>
      <leafValues>
        1. -6.2936038011685014e-04</leafValues></_>
    <_>
      <internalNodes>
        0 -1 141334 -3.0584032647311687e-03</internalNodes>
      <leafValues>
        -1. 6.4530113013461232e-04</leafValues></_>
    <_>
      <internalNodes>
        0 -1 141334 -3.0493778176605701e-03</internalNodes>
      <leafValues>
        1. -3.1497754389420152e-04</leafValues></_>
    <_>
      <internalNodes>
        0 -1 141334 -3.0085192993283272e-03</internalNodes>
      <leafValues>
        -1. 8.2028779434040189e-04</leafValues></_>
    <_>
      <internalNodes>
        0 -1 141334 -2.7381917461752892e-03</internalNodes>
      <leafValues>
        9.5020008087158203e-01 -7.1415621787309647e-03</leafValues></_>
    <_>
      <internalNodes>
        0 -1 141334 -2.7314615435898304e-03</internalNodes>
      <leafValues>
        -9.9099940061569214e-01 3.7542256177403033e-04</leafValues></_>
    <_>
      <internalNodes>
        0 -1 141334 -2.7242400683462620e-03</internalNodes>
      <leafValues>
        9.5429873466491699e-01 -3.2166478922590613e-04</leafValues></_>
    <_>
      <internalNodes>
        0 -1 141334 -2.7213501743972301e-03</internalNodes>
      <leafValues>
        -9.9036800861358643e-01 2.7560774469748139e-04</leafValues></_>
    <_>
      <internalNodes>
        0 -1 141334 -2.7192020788788795e-03</internalNodes>
      <leafValues>
        9.5751380920410156e-01 -3.2187186297960579e-04</leafValues></_>
    <_>
      <internalNodes>
        0 -1 141334 -2.7012778446078300e-03</internalNodes>
      <leafValues>
        -9.8984718322753906e-01 6.5200077369809151e-04</leafValues></_>
    <_>
      <internalNodes>
        0 -1 141334 -2.6833829469978809e-03</internalNodes>
      <leafValues>
        9.6046429872512817e-01 -1.2035137042403221e-03</leafValues></_>
    <_>
      <internalNodes>
        0 -1 141334 -2.6783098001033068e-03</internalNodes>
      <leafValues>
        -9.8929494619369507e-01 2.7611909899860620e-04</leafValues></_>
    <_>
      <internalNodes>
        0 -1 141334 -2.6655015535652637e-03</internalNodes>
      <leafValues>
        9.6272170543670654e-01 -3.2285565976053476e-04</leafValues></_>
    <_>
      <internalNodes>
        0 -1 141334 -2.6546465232968330e-03</internalNodes>
      <leafValues>
        -9.8852968215942383e-01 3.7673246697522700e-04</leafValues></_>
    <_>
      <internalNodes>
        0 -1 141334 -2.6497463695704937e-03</internalNodes>
      <leafValues>
        9.8681145906448364e-01 -3.2306424691341817e-04</leafValues></_>
    <_>
      <internalNodes>
        0 -1 141334 -2.6448629796504974e-03</internalNodes>
      <leafValues>
        -9.8864400386810303e-01 6.5370561787858605e-04</leafValues></_>
    <_>
      <internalNodes>
        0 -1 141334 -2.6284460909664631e-03</internalNodes>
      <leafValues>
        9.8693788051605225e-01 -8.8413391495123506e-04</leafValues></_>
    <_>
      <internalNodes>
        0 -1 56100 -2.4444565176963806e-02</internalNodes>
      <leafValues>
        1.5465497970581055e-01 -9.7937755286693573e-02</leafValues></_>
    <_>
      <internalNodes>
        0 -1 141334 -2.0890524610877037e-03</internalNodes>
      <leafValues>
        -4.0607875585556030e-01 2.3849979043006897e-02</leafValues></_>
    <_>
      <internalNodes>
        0 -1 141626 -1.1924651917070150e-03</internalNodes>
      <leafValues>
        4.5250836014747620e-01 -7.3581724427640438e-03</leafValues></_>
    <_>
      <internalNodes>
        0 -1 141626 -1.1712894774973392e-03</internalNodes>
      <leafValues>
        -4.9747416377067566e-01 1.0119298240169883e-03</leafValues></_>
    <_>
      <internalNodes>
        0 -1 141626 -1.1681882897391915e-03</internalNodes>
      <leafValues>
        4.9288031458854675e-01 -4.1920552030205727e-04</leafValues></_>
    <_>
      <internalNodes>
        0 -1 141626 -1.1639458825811744e-03</internalNodes>
      <leafValues>
        -4.9343821406364441e-01 3.4840448643080890e-04</leafValues></_>
    <_>
      <internalNodes>
        0 -1 141626 -1.1571170762181282e-03</internalNodes>
      <leafValues>
        4.9276599287986755e-01 -4.6182319056242704e-04</leafValues></_>
    <_>
      <internalNodes>
        0 -1 141626 -1.1513291392475367e-03</internalNodes>
      <leafValues>
        -4.9718767404556274e-01 6.0965266311541200e-04</leafValues></_>
    <_>
      <internalNodes>
        0 -1 141626 -1.1555734090507030e-03</internalNodes>
      <leafValues>
        4.9813508987426758e-01 -2.2460990294348449e-04</leafValues></_>
    <_>
      <internalNodes>
        0 -1 141626 -1.1513291392475367e-03</internalNodes>
      <leafValues>
        -4.9721884727478027e-01 2.2460996115114540e-04</leafValues></_>
    <_>
      <internalNodes>
        0 -1 141626 -1.1483557755127549e-03</internalNodes>
      <leafValues>
        4.9634641408920288e-01 -2.8931643464602530e-04</leafValues></_>
    <_>
      <internalNodes>
        0 -1 141626 -1.1405786499381065e-03</internalNodes>
      <leafValues>
        -4.9820050597190857e-01 3.4907297231256962e-04</leafValues></_>
    <_>
      <internalNodes>
        0 -1 141626 -1.1324502993375063e-03</internalNodes>
      <leafValues>
        5.0108116865158081e-01 -4.1342078475281596e-04</leafValues></_>
    <_>
      <internalNodes>
        0 -1 141626 -1.1201957240700722e-03</internalNodes>
      <leafValues>
        -4.9867123365402222e-01 6.3963490538299084e-04</leafValues></_>
    <_>
      <internalNodes>
        0 -1 141626 -1.1151807848364115e-03</internalNodes>
      <leafValues>
        4.9659621715545654e-01 -6.4710935112088919e-04</leafValues></_>
    <_>
      <internalNodes>
        0 -1 141626 -1.1201957240700722e-03</internalNodes>
      <leafValues>
        -4.9711060523986816e-01 2.2714766964782029e-04</leafValues></_>
    <_>
      <internalNodes>
        0 -1 141626 -1.1230234522372484e-03</internalNodes>
      <leafValues>
        4.9705329537391663e-01 -2.2481587075162679e-04</leafValues></_>
    <_>
      <internalNodes>
        0 -1 141626 -1.1356135364621878e-03</internalNodes>
      <leafValues>
        -5.0011706352233887e-01 2.5454480783082545e-04</leafValues></_>
    <_>
      <internalNodes>
        0 -1 141626 -1.1324502993375063e-03</internalNodes>
      <leafValues>
        5.0143945217132568e-01 -2.5116227334365249e-04</leafValues></_>
    <_>
      <internalNodes>
        0 -1 141626 -1.1275617871433496e-03</internalNodes>
      <leafValues>
        -5.0235885381698608e-01 2.7097211568616331e-04</leafValues></_>
    <_>
      <internalNodes>
        0 -1 141626 -1.1230234522372484e-03</internalNodes>
      <leafValues>
        5.0299292802810669e-01 -2.7435465017333627e-04</leafValues></_>
    <_>
      <internalNodes>
        0 -1 141626 -1.1201957240700722e-03</internalNodes>
      <leafValues>
        -5.0386393070220947e-01 2.2481587075162679e-04</leafValues></_>
    <_>
      <internalNodes>
        0 -1 141626 -1.1164828902110457e-03</internalNodes>
      <leafValues>
        5.0435614585876465e-01 -2.2714775695931166e-04</leafValues></_>
    <_>
      <internalNodes>
        0 -1 141626 -1.1125055607408285e-03</internalNodes>
      <leafValues>
        -5.0547033548355103e-01 2.7181874611414969e-04</leafValues></_>
    <_>
      <internalNodes>
        0 -1 141626 -1.1076646624132991e-03</internalNodes>
      <leafValues>
        5.0695079565048218e-01 -2.9025756521150470e-04</leafValues></_>
    <_>
      <internalNodes>
        0 -1 141626 -1.1005214182659984e-03</internalNodes>
      <leafValues>
        -5.0958204269409180e-01 3.5014597233384848e-04</leafValues></_>
    <_>
      <internalNodes>
        0 -1 141626 -1.0912033030763268e-03</internalNodes>
      <leafValues>
        5.1070666313171387e-01 -5.8705866103991866e-04</leafValues></_>
    <_>
      <internalNodes>
        0 -1 141626 -1.0842850897461176e-03</internalNodes>
      <leafValues>
        -5.0965952873229980e-01 5.2241783123463392e-04</leafValues></_>
    <_>
      <internalNodes>
        0 -1 141626 -1.0786959901452065e-03</internalNodes>
      <leafValues>
        5.0861668586730957e-01 -7.4898707680404186e-04</leafValues></_>
    <_>
      <internalNodes>
        0 -1 141626 -1.0714409872889519e-03</internalNodes>
      <leafValues>
        -5.0701099634170532e-01 9.5708965091034770e-04</leafValues></_>
    <_>
      <internalNodes>
        0 -1 141626 -1.0463751386851072e-03</internalNodes>
      <leafValues>
        5.0044691562652588e-01 -2.5967636611312628e-03</leafValues></_>
    <_>
      <internalNodes>
        0 -1 141626 -1.0287323966622353e-03</internalNodes>
      <leafValues>
        -4.9915373325347900e-01 1.8050682265311480e-03</leafValues></_>
    <_>
      <internalNodes>
        0 -1 141626 -9.3112298054620624e-04</internalNodes>
      <leafValues>
        4.8343479633331299e-01 -5.8780778199434280e-03</leafValues></_>
    <_>
      <internalNodes>
        0 -1 141626 -6.3737411983311176e-04</internalNodes>
      <leafValues>
        -4.0972203016281128e-01 1.3187630102038383e-02</leafValues></_>
    <_>
      <internalNodes>
        0 -1 141626 -6.4554234268143773e-04</internalNodes>
      <leafValues>
        4.1197314858436584e-01 -4.9839518032968044e-04</leafValues></_>
    <_>
      <internalNodes>
        0 -1 141626 -6.5117783378809690e-04</internalNodes>
      <leafValues>
        -3.2734972238540649e-01 3.4052453702315688e-04</leafValues></_>
    <_>
      <internalNodes>
        0 -1 93520 1.0499724000692368e-01</internalNodes>
      <leafValues>
        1.4078024774789810e-02 4.5668506622314453e-01</leafValues></_>
    <_>
      <internalNodes>
        0 -1 53452 1.1319129914045334e-01</internalNodes>
      <leafValues>
        1.0219037532806396e-02 -9.3842679262161255e-01</leafValues></_>
    <_>
      <internalNodes>
        0 -1 141334 -3.2812913414090872e-03</internalNodes>
      <leafValues>
        4.4053378701210022e-01 -3.0089093372225761e-02</leafValues></_>
    <_>
      <internalNodes>
        0 -1 11164 -9.8969601094722748e-03</internalNodes>
      <leafValues>
        2.0090053975582123e-01 -9.2356584966182709e-02</leafValues></_>
    <_>
      <internalNodes>
        0 -1 97398 -2.7394900098443031e-03</internalNodes>
      <leafValues>
        5.4528158903121948e-01 -5.0362423062324524e-03</leafValues></_>
    <_>
      <internalNodes>
        0 -1 108923 -2.1608901023864746e-01</internalNodes>
      <leafValues>
        7.4988448619842529e-01 -2.0633183419704437e-02</leafValues></_>
    <_>
      <internalNodes>
        0 -1 151098 2.4469126947224140e-03</internalNodes>
      <leafValues>
        5.4292019456624985e-02 -2.9526159167289734e-01</leafValues></_>
    <_>
      <internalNodes>
        0 -1 32547 4.2590918019413948e-03</internalNodes>
      <leafValues>
        -3.1315151602029800e-02 4.2448878288269043e-01</leafValues></_>
    <_>
      <internalNodes>
        0 -1 29233 -1.1527175083756447e-03</internalNodes>
      <leafValues>
        1.5223300457000732e-01 -9.2419289052486420e-02</leafValues></_>
    <_>
      <internalNodes>
        0 -1 2128 2.5617799838073552e-04</internalNodes>
      <leafValues>
        7.5650870800018311e-02 -2.0991639792919159e-01</leafValues></_>
    <_>
      <internalNodes>
        0 -1 70793 -6.5018879249691963e-03</internalNodes>
      <leafValues>
        2.1468344330787659e-01 -6.7865446209907532e-02</leafValues></_>
    <_>
      <internalNodes>
        0 -1 1049 5.9156447649002075e-02</internalNodes>
      <leafValues>
        -6.7090608179569244e-02 1.7947013676166534e-01</leafValues></_>
    <_>
      <internalNodes>
        0 -1 157344 1.1026366846635938e-03</internalNodes>
      <leafValues>
        -6.2011506408452988e-02 2.1542900800704956e-01</leafValues></_>
    <_>
      <internalNodes>
        0 -1 95925 3.3612325787544250e-02</internalNodes>
      <leafValues>
        1.1917108669877052e-02 -1.</leafValues></_></weakClassifiers></stage21>
</opencv_storage>
