<?xml version="1.0"?>
<opencv_storage>
<stage19>
  <maxWeakCount>100</maxWeakCount>
  <stageThreshold>-1.2084778547286987e+00</stageThreshold>
  <weakClassifiers>
    <_>
      <internalNodes>
        0 -1 3622 9.2878520488739014e-02</internalNodes>
      <leafValues>
        2.6323485653847456e-03 5.0131231546401978e-01</leafValues></_>
    <_>
      <internalNodes>
        0 -1 3622 9.2826426029205322e-02</internalNodes>
      <leafValues>
        2.9334722785279155e-04 -1.</leafValues></_>
    <_>
      <internalNodes>
        0 -1 3622 9.2677503824234009e-02</internalNodes>
      <leafValues>
        -2.9180038836784661e-04 1.</leafValues></_>
    <_>
      <internalNodes>
        0 -1 3622 9.2555373907089233e-02</internalNodes>
      <leafValues>
        2.9351335251703858e-04 -1.</leafValues></_>
    <_>
      <internalNodes>
        0 -1 3622 9.2504844069480896e-02</internalNodes>
      <leafValues>
        -2.9197079129517078e-04 1.</leafValues></_>
    <_>
      <internalNodes>
        0 -1 3622 9.2449352145195007e-02</internalNodes>
      <leafValues>
        2.9368573450483382e-04 -1.</leafValues></_>
    <_>
      <internalNodes>
        0 -1 3622 9.2364653944969177e-02</internalNodes>
      <leafValues>
        -2.9214139794930816e-04 1.</leafValues></_>
    <_>
      <internalNodes>
        0 -1 3622 9.2263236641883850e-02</internalNodes>
      <leafValues>
        2.9385834932327271e-04 -1.</leafValues></_>
    <_>
      <internalNodes>
        0 -1 3622 9.2189781367778778e-02</internalNodes>
      <leafValues>
        -2.9231217922642827e-04 1.</leafValues></_>
    <_>
      <internalNodes>
        0 -1 3622 9.2106878757476807e-02</internalNodes>
      <leafValues>
        2.9403116786852479e-04 -1.</leafValues></_>
    <_>
      <internalNodes>
        0 -1 3622 9.0916290879249573e-02</internalNodes>
      <leafValues>
        -1.1699252063408494e-03 9.9582886695861816e-01</leafValues></_>
    <_>
      <internalNodes>
        0 -1 3622 9.0685188770294189e-02</internalNodes>
      <leafValues>
        1.1785498354583979e-03 -1.</leafValues></_>
    <_>
      <internalNodes>
        0 -1 3622 9.0637460350990295e-02</internalNodes>
      <leafValues>
        -2.9334062128327787e-04 9.9587196111679077e-01</leafValues></_>
    <_>
      <internalNodes>
        0 -1 3622 9.0614840388298035e-02</internalNodes>
      <leafValues>
        2.9507227009162307e-04 -1.</leafValues></_>
    <_>
      <internalNodes>
        0 -1 3622 9.0505942702293396e-02</internalNodes>
      <leafValues>
        -5.8719905791804194e-04 1.</leafValues></_>
    <_>
      <internalNodes>
        0 -1 3622 9.0235754847526550e-02</internalNodes>
      <leafValues>
        1.1820329818874598e-03 -1.</leafValues></_>
    <_>
      <internalNodes>
        0 -1 3622 9.0070761740207672e-02</internalNodes>
      <leafValues>
        -5.8788893511518836e-04 1.</leafValues></_>
    <_>
      <internalNodes>
        0 -1 3622 8.9911937713623047e-02</internalNodes>
      <leafValues>
        8.8836241047829390e-04 -1.</leafValues></_>
    <_>
      <internalNodes>
        0 -1 3622 8.9835569262504578e-02</internalNodes>
      <leafValues>
        -2.9420395730994642e-04 1.</leafValues></_>
    <_>
      <internalNodes>
        0 -1 3622 8.9747324585914612e-02</internalNodes>
      <leafValues>
        2.9647196060977876e-04 -1.</leafValues></_>
    <_>
      <internalNodes>
        0 -1 3622 8.9660286903381348e-02</internalNodes>
      <leafValues>
        -5.8892811648547649e-04 1.</leafValues></_>
    <_>
      <internalNodes>
        0 -1 3622 8.9601933956146240e-02</internalNodes>
      <leafValues>
        2.9664780595339835e-04 -1.</leafValues></_>
    <_>
      <internalNodes>
        0 -1 3622 8.9358866214752197e-02</internalNodes>
      <leafValues>
        -5.8962265029549599e-04 1.</leafValues></_>
    <_>
      <internalNodes>
        0 -1 3622 8.9017361402511597e-02</internalNodes>
      <leafValues>
        1.7864035908132792e-03 -9.8893880844116211e-01</leafValues></_>
    <_>
      <internalNodes>
        0 -1 3622 8.8793620467185974e-02</internalNodes>
      <leafValues>
        -5.9066555695608258e-04 9.9576807022094727e-01</leafValues></_>
    <_>
      <internalNodes>
        0 -1 3622 8.8699698448181152e-02</internalNodes>
      <leafValues>
        5.9630285250023007e-04 -1.</leafValues></_>
    <_>
      <internalNodes>
        0 -1 3622 8.8450320065021515e-02</internalNodes>
      <leafValues>
        -1.4797276817262173e-03 9.9592292308807373e-01</leafValues></_>
    <_>
      <internalNodes>
        0 -1 3622 8.8427007198333740e-02</internalNodes>
      <leafValues>
        2.9841728974133730e-04 -1.</leafValues></_>
    <_>
      <internalNodes>
        0 -1 3622 8.8335379958152771e-02</internalNodes>
      <leafValues>
        -5.9311982477083802e-04 9.9598032236099243e-01</leafValues></_>
    <_>
      <internalNodes>
        0 -1 3622 8.8101819157600403e-02</internalNodes>
      <leafValues>
        5.9737148694694042e-04 -9.8938131332397461e-01</leafValues></_>
    <_>
      <internalNodes>
        0 -1 3622 8.7554410099983215e-02</internalNodes>
      <leafValues>
        -2.3781084455549717e-03 9.8766112327575684e-01</leafValues></_>
    <_>
      <internalNodes>
        0 -1 68477 1.5343515202403069e-02</internalNodes>
      <leafValues>
        -9.2941127717494965e-02 1.9737057387828827e-01</leafValues></_>
    <_>
      <internalNodes>
        0 -1 3622 8.7428092956542969e-02</internalNodes>
      <leafValues>
        8.0787753686308861e-03 -9.8864853382110596e-01</leafValues></_>
    <_>
      <internalNodes>
        0 -1 3622 8.7396509945392609e-02</internalNodes>
      <leafValues>
        -2.4464220041409135e-04 9.8872488737106323e-01</leafValues></_>
    <_>
      <internalNodes>
        0 -1 3622 8.7316781282424927e-02</internalNodes>
      <leafValues>
        2.7686366229318082e-04 -9.8870396614074707e-01</leafValues></_>
    <_>
      <internalNodes>
        0 -1 3622 8.7253749370574951e-02</internalNodes>
      <leafValues>
        -3.2747079967521131e-04 9.8874956369400024e-01</leafValues></_>
    <_>
      <internalNodes>
        0 -1 3622 8.7248027324676514e-02</internalNodes>
      <leafValues>
        3.7036318099126220e-04 -9.8877602815628052e-01</leafValues></_>
    <_>
      <internalNodes>
        0 -1 3622 8.6934462189674377e-02</internalNodes>
      <leafValues>
        -1.3607663568109274e-03 9.8516845703125000e-01</leafValues></_>
    <_>
      <internalNodes>
        0 -1 3622 8.6886093020439148e-02</internalNodes>
      <leafValues>
        5.5490544764325023e-04 -9.8893934488296509e-01</leafValues></_>
    <_>
      <internalNodes>
        0 -1 3622 8.6665064096450806e-02</internalNodes>
      <leafValues>
        -4.9192662118002772e-04 9.8544645309448242e-01</leafValues></_>
    <_>
      <internalNodes>
        0 -1 3622 8.6562648415565491e-02</internalNodes>
      <leafValues>
        2.7768424479290843e-04 -9.8891353607177734e-01</leafValues></_>
    <_>
      <internalNodes>
        0 -1 3622 8.6484193801879883e-02</internalNodes>
      <leafValues>
        -5.7539175031706691e-04 9.8560076951980591e-01</leafValues></_>
    <_>
      <internalNodes>
        0 -1 8432 4.4402033090591431e-02</internalNodes>
      <leafValues>
        -6.0552000999450684e-02 5.2605724334716797e-01</leafValues></_>
    <_>
      <internalNodes>
        0 -1 35299 -6.0785161331295967e-03</internalNodes>
      <leafValues>
        1.3348661363124847e-01 -1.2650918960571289e-01</leafValues></_>
    <_>
      <internalNodes>
        0 -1 102707 2.2368358622770756e-04</internalNodes>
      <leafValues>
        9.3731977045536041e-02 -1.7539586126804352e-01</leafValues></_>
    <_>
      <internalNodes>
        0 -1 32047 -2.1053187549114227e-02</internalNodes>
      <leafValues>
        1.6246396303176880e-01 -1.1990353465080261e-01</leafValues></_>
    <_>
      <internalNodes>
        0 -1 106818 2.0940911024808884e-02</internalNodes>
      <leafValues>
        4.8008980229496956e-04 4.1318821907043457e-01</leafValues></_>
    <_>
      <internalNodes>
        0 -1 71015 1.4563313126564026e-01</internalNodes>
      <leafValues>
        2.3171367123723030e-02 -4.8422262072563171e-01</leafValues></_>
    <_>
      <internalNodes>
        0 -1 161998 1.3380426935327705e-05</internalNodes>
      <leafValues>
        -1.4243328571319580e-01 8.8328205049037933e-02</leafValues></_>
    <_>
      <internalNodes>
        0 -1 23218 1.9702576100826263e-03</internalNodes>
      <leafValues>
        4.8384983092546463e-02 -3.3552724123001099e-01</leafValues></_>
    <_>
      <internalNodes>
        0 -1 55706 1.1395705863833427e-02</internalNodes>
      <leafValues>
        -6.6030897200107574e-02 1.9366832077503204e-01</leafValues></_>
    <_>
      <internalNodes>
        0 -1 95197 -1.4924492279533297e-04</internalNodes>
      <leafValues>
        -1.5624165534973145e-01 8.1533282995223999e-02</leafValues></_>
    <_>
      <internalNodes>
        0 -1 121144 -5.9908611001446843e-04</internalNodes>
      <leafValues>
        -2.6237851381301880e-01 5.3365241736173630e-02</leafValues></_>
    <_>
      <internalNodes>
        0 -1 13203 1.0661266744136810e-02</internalNodes>
      <leafValues>
        -2.4057187139987946e-02 4.7357863187789917e-01</leafValues></_>
    <_>
      <internalNodes>
        0 -1 25296 -2.8571987058967352e-03</internalNodes>
      <leafValues>
        1.4138859510421753e-01 -9.8379328846931458e-02</leafValues></_>
    <_>
      <internalNodes>
        0 -1 4 -1.2485468687373213e-05</internalNodes>
      <leafValues>
        1.3873326778411865e-01 -9.9355123937129974e-02</leafValues></_>
    <_>
      <internalNodes>
        0 -1 154367 5.7315318845212460e-03</internalNodes>
      <leafValues>
        3.1602226197719574e-02 -4.4669675827026367e-01</leafValues></_>
    <_>
      <internalNodes>
        0 -1 49459 -5.9645791770890355e-04</internalNodes>
      <leafValues>
        -2.3384073376655579e-01 5.4377719759941101e-02</leafValues></_>
    <_>
      <internalNodes>
        0 -1 48156 7.7626980841159821e-02</internalNodes>
      <leafValues>
        -5.2104216068983078e-02 2.5574141740798950e-01</leafValues></_>
    <_>
      <internalNodes>
        0 -1 114352 1.0510744759812951e-03</internalNodes>
      <leafValues>
        -1.1804629862308502e-01 1.2105935811996460e-01</leafValues></_>
    <_>
      <internalNodes>
        0 -1 35871 -1.2916547711938620e-03</internalNodes>
      <leafValues>
        -2.5037586688995361e-01 5.4209630936384201e-02</leafValues></_>
    <_>
      <internalNodes>
        0 -1 11046 -3.1012967228889465e-03</internalNodes>
      <leafValues>
        3.1186407804489136e-01 -3.9941728115081787e-02</leafValues></_>
    <_>
      <internalNodes>
        0 -1 10027 2.0197071135044098e-03</internalNodes>
      <leafValues>
        -8.3063602447509766e-02 1.8479695916175842e-01</leafValues></_>
    <_>
      <internalNodes>
        0 -1 96607 -1.5607653185725212e-02</internalNodes>
      <leafValues>
        1.4634366333484650e-01 -9.3646474182605743e-02</leafValues></_>
    <_>
      <internalNodes>
        0 -1 67200 -2.7054131351178512e-05</internalNodes>
      <leafValues>
        1.1172046512365341e-01 -1.2108670175075531e-01</leafValues></_>
    <_>
      <internalNodes>
        0 -1 157757 1.5288859140127897e-03</internalNodes>
      <leafValues>
        5.2730485796928406e-02 -2.3734498023986816e-01</leafValues></_>
    <_>
      <internalNodes>
        0 -1 123241 4.5808260329067707e-03</internalNodes>
      <leafValues>
        -8.7763793766498566e-02 1.4060716331005096e-01</leafValues></_>
    <_>
      <internalNodes>
        0 -1 135998 -6.3111609779298306e-03</internalNodes>
      <leafValues>
        1.3542588055133820e-01 -1.2491729110479355e-01</leafValues></_>
    <_>
      <internalNodes>
        0 -1 121768 -2.7271384000778198e-01</internalNodes>
      <leafValues>
        -8.5177135467529297e-01 8.8143153116106987e-03</leafValues></_>
    <_>
      <internalNodes>
        0 -1 12967 3.0189687386155128e-03</internalNodes>
      <leafValues>
        -9.4232447445392609e-02 1.3532061874866486e-01</leafValues></_>
    <_>
      <internalNodes>
        0 -1 12614 1.8137479200959206e-02</internalNodes>
      <leafValues>
        4.1428264230489731e-02 -4.3428373336791992e-01</leafValues></_>
    <_>
      <internalNodes>
        0 -1 60421 1.2127887748647481e-04</internalNodes>
      <leafValues>
        7.6540365815162659e-02 -1.5411509573459625e-01</leafValues></_>
    <_>
      <internalNodes>
        0 -1 2463 1.4342713356018066e-01</internalNodes>
      <leafValues>
        1.9984468817710876e-02 -6.7964661121368408e-01</leafValues></_>
    <_>
      <internalNodes>
        0 -1 10051 2.6290107052773237e-04</internalNodes>
      <leafValues>
        7.1823626756668091e-02 -1.7383702099323273e-01</leafValues></_>
    <_>
      <internalNodes>
        0 -1 159854 -2.9908196302130818e-04</internalNodes>
      <leafValues>
        -1.9147662818431854e-01 6.4644642174243927e-02</leafValues></_>
    <_>
      <internalNodes>
        0 -1 63591 2.3044059053063393e-03</internalNodes>
      <leafValues>
        -5.6496314704418182e-02 2.2563067078590393e-01</leafValues></_>
    <_>
      <internalNodes>
        0 -1 39917 -6.4541324973106384e-03</internalNodes>
      <leafValues>
        1.4419114589691162e-01 -9.4549894332885742e-02</leafValues></_>
    <_>
      <internalNodes>
        0 -1 39052 2.6667455676943064e-03</internalNodes>
      <leafValues>
        -9.5035143196582794e-02 1.6129092872142792e-01</leafValues></_>
    <_>
      <internalNodes>
        0 -1 154469 8.0260948743671179e-04</internalNodes>
      <leafValues>
        -8.7426103651523590e-02 1.5404568612575531e-01</leafValues></_>
    <_>
      <internalNodes>
        0 -1 53452 1.1326169967651367e-01</internalNodes>
      <leafValues>
        1.7571585252881050e-02 -7.1711122989654541e-01</leafValues></_>
    <_>
      <internalNodes>
        0 -1 35449 -2.3780463379807770e-04</internalNodes>
      <leafValues>
        1.1112686991691589e-01 -1.1615954339504242e-01</leafValues></_>
    <_>
      <internalNodes>
        0 -1 161204 -5.1196350250393152e-04</internalNodes>
      <leafValues>
        -1.5588901937007904e-01 8.4743842482566833e-02</leafValues></_>
    <_>
      <internalNodes>
        0 -1 63609 -9.2632533051073551e-04</internalNodes>
      <leafValues>
        1.2651978433132172e-01 -1.0169330239295959e-01</leafValues></_>
    <_>
      <internalNodes>
        0 -1 66144 -1.1486209928989410e-02</internalNodes>
      <leafValues>
        -8.6171853542327881e-01 2.0275477319955826e-02</leafValues></_>
    <_>
      <internalNodes>
        0 -1 25130 2.8006538748741150e-02</internalNodes>
      <leafValues>
        -2.9568672180175781e-02 4.8820954561233521e-01</leafValues></_>
    <_>
      <internalNodes>
        0 -1 37032 9.8098460584878922e-03</internalNodes>
      <leafValues>
        5.7453610002994537e-02 -2.2351805865764618e-01</leafValues></_>
    <_>
      <internalNodes>
        0 -1 70702 1.5035373507998884e-04</internalNodes>
      <leafValues>
        8.3221152424812317e-02 -1.6027233004570007e-01</leafValues></_>
    <_>
      <internalNodes>
        0 -1 49314 5.7514747604727745e-03</internalNodes>
      <leafValues>
        -4.8512861132621765e-02 2.9366683959960938e-01</leafValues></_>
    <_>
      <internalNodes>
        0 -1 80689 2.7563643016037531e-05</internalNodes>
      <leafValues>
        -1.1355369538068771e-01 1.2691676616668701e-01</leafValues></_>
    <_>
      <internalNodes>
        0 -1 5150 3.1574904918670654e-02</internalNodes>
      <leafValues>
        -4.6703193336725235e-02 2.8486576676368713e-01</leafValues></_>
    <_>
      <internalNodes>
        0 -1 109134 -2.9713599942624569e-03</internalNodes>
      <leafValues>
        -3.4979522228240967e-01 3.6403842270374298e-02</leafValues></_>
    <_>
      <internalNodes>
        0 -1 102095 -1.3875663280487061e-01</internalNodes>
      <leafValues>
        -2.2284942865371704e-01 5.7513941079378128e-02</leafValues></_>
    <_>
      <internalNodes>
        0 -1 127608 1.9530006102286279e-04</internalNodes>
      <leafValues>
        6.7341595888137817e-02 -1.9377239048480988e-01</leafValues></_>
    <_>
      <internalNodes>
        0 -1 92686 3.1877476722002029e-02</internalNodes>
      <leafValues>
        -5.9033166617155075e-02 2.3430810868740082e-01</leafValues></_>
    <_>
      <internalNodes>
        0 -1 161967 -1.4052392914891243e-02</internalNodes>
      <leafValues>
        -5.5054777860641479e-01 2.8869820758700371e-02</leafValues></_>
    <_>
      <internalNodes>
        0 -1 161053 -3.4996948670595884e-04</internalNodes>
      <leafValues>
        1.4892163872718811e-01 -9.0376995503902435e-02</leafValues></_>
    <_>
      <internalNodes>
        0 -1 111810 5.8616005117073655e-04</internalNodes>
      <leafValues>
        5.0800900906324387e-02 -2.5095394253730774e-01</leafValues></_>
    <_>
      <internalNodes>
        0 -1 111301 -3.7834879476577044e-03</internalNodes>
      <leafValues>
        2.2468924522399902e-01 -5.7386048138141632e-02</leafValues></_>
    <_>
      <internalNodes>
        0 -1 125755 1.6082281945273280e-04</internalNodes>
      <leafValues>
        9.1024003922939301e-02 -1.4917975664138794e-01</leafValues></_>
    <_>
      <internalNodes>
        0 -1 141626 1.2635737657546997e-03</internalNodes>
      <leafValues>
        -4.7741841524839401e-02 2.6764899492263794e-01</leafValues></_></weakClassifiers></stage19>
</opencv_storage>
