<?xml version="1.0"?>
<opencv_storage>
<stage22>
  <maxWeakCount>100</maxWeakCount>
  <stageThreshold>-9.6513432264328003e-01</stageThreshold>
  <weakClassifiers>
    <_>
      <internalNodes>
        0 -1 77340 1.7603235319256783e-02</internalNodes>
      <leafValues>
        1.3417070731520653e-02 5.1515150070190430e-01</leafValues></_>
    <_>
      <internalNodes>
        0 -1 77340 1.7521107569336891e-02</internalNodes>
      <leafValues>
        1.1678915470838547e-03 -9.8440963029861450e-01</leafValues></_>
    <_>
      <internalNodes>
        0 -1 77340 1.7477709800004959e-02</internalNodes>
      <leafValues>
        -5.6401523761451244e-04 1.</leafValues></_>
    <_>
      <internalNodes>
        0 -1 77340 1.7053646966814995e-02</internalNodes>
      <leafValues>
        1.4708243543282151e-03 -9.7113192081451416e-01</leafValues></_>
    <_>
      <internalNodes>
        0 -1 77340 1.6934908926486969e-02</internalNodes>
      <leafValues>
        -1.1312206042930484e-03 1.</leafValues></_>
    <_>
      <internalNodes>
        0 -1 77340 1.6387626528739929e-02</internalNodes>
      <leafValues>
        2.6586803141981363e-03 -9.6152818202972412e-01</leafValues></_>
    <_>
      <internalNodes>
        0 -1 77340 1.6346197575330734e-02</internalNodes>
      <leafValues>
        -8.5154070984572172e-04 1.</leafValues></_>
    <_>
      <internalNodes>
        0 -1 77340 1.6331896185874939e-02</internalNodes>
      <leafValues>
        2.9351314879022539e-04 -1.</leafValues></_>
    <_>
      <internalNodes>
        0 -1 77340 1.6257792711257935e-02</internalNodes>
      <leafValues>
        -8.5299968486651778e-04 1.</leafValues></_>
    <_>
      <internalNodes>
        0 -1 77340 1.6216248273849487e-02</internalNodes>
      <leafValues>
        2.9368555988185108e-04 -1.</leafValues></_>
    <_>
      <internalNodes>
        0 -1 77340 1.6165327280759811e-02</internalNodes>
      <leafValues>
        -8.5445743752643466e-04 1.</leafValues></_>
    <_>
      <internalNodes>
        0 -1 77340 1.6160774976015091e-02</internalNodes>
      <leafValues>
        2.9385814559645951e-04 -1.</leafValues></_>
    <_>
      <internalNodes>
        0 -1 77340 1.6147341579198837e-02</internalNodes>
      <leafValues>
        -2.8514399309642613e-04 1.</leafValues></_>
    <_>
      <internalNodes>
        0 -1 77340 1.6079347580671310e-02</internalNodes>
      <leafValues>
        5.8823527069762349e-04 -1.</leafValues></_>
    <_>
      <internalNodes>
        0 -1 77340 1.6030676662921906e-02</internalNodes>
      <leafValues>
        -5.7077617384493351e-04 1.</leafValues></_>
    <_>
      <internalNodes>
        0 -1 77340 1.6014380380511284e-02</internalNodes>
      <leafValues>
        2.9437732882797718e-04 -1.</leafValues></_>
    <_>
      <internalNodes>
        0 -1 77340 1.5989534556865692e-02</internalNodes>
      <leafValues>
        -2.8563267551362514e-04 1.</leafValues></_>
    <_>
      <internalNodes>
        0 -1 77340 1.5977669507265091e-02</internalNodes>
      <leafValues>
        2.9455081676132977e-04 -1.</leafValues></_>
    <_>
      <internalNodes>
        0 -1 77340 1.5970939770340919e-02</internalNodes>
      <leafValues>
        -2.8579591889865696e-04 1.</leafValues></_>
    <_>
      <internalNodes>
        0 -1 77340 1.5965946018695831e-02</internalNodes>
      <leafValues>
        2.9472442111000419e-04 -1.</leafValues></_>
    <_>
      <internalNodes>
        0 -1 77340 1.5959441661834717e-02</internalNodes>
      <leafValues>
        -5.7208235375583172e-04 1.</leafValues></_>
    <_>
      <internalNodes>
        0 -1 77340 1.5943590551614761e-02</internalNodes>
      <leafValues>
        5.8997044106945395e-04 -1.</leafValues></_>
    <_>
      <internalNodes>
        0 -1 77340 1.5922889113426208e-02</internalNodes>
      <leafValues>
        -5.7273759739473462e-04 1.</leafValues></_>
    <_>
      <internalNodes>
        0 -1 77340 1.5916738659143448e-02</internalNodes>
      <leafValues>
        2.9524645651690662e-04 -1.</leafValues></_>
    <_>
      <internalNodes>
        0 -1 77340 1.5845244750380516e-02</internalNodes>
      <leafValues>
        -8.6033839033916593e-04 1.</leafValues></_>
    <_>
      <internalNodes>
        0 -1 77340 1.5820611268281937e-02</internalNodes>
      <leafValues>
        2.9542075935751200e-04 -1.</leafValues></_>
    <_>
      <internalNodes>
        0 -1 77340 1.5796821564435959e-02</internalNodes>
      <leafValues>
        -2.8710879269056022e-04 1.</leafValues></_>
    <_>
      <internalNodes>
        0 -1 77340 1.5763558447360992e-02</internalNodes>
      <leafValues>
        2.9559561517089605e-04 -1.</leafValues></_>
    <_>
      <internalNodes>
        0 -1 77340 1.5689902007579803e-02</internalNodes>
      <leafValues>
        -2.8727375320158899e-04 1.</leafValues></_>
    <_>
      <internalNodes>
        0 -1 77340 1.5560848638415337e-02</internalNodes>
      <leafValues>
        5.9171597240492702e-04 -1.</leafValues></_>
    <_>
      <internalNodes>
        0 -1 77340 1.5455252490937710e-02</internalNodes>
      <leafValues>
        -5.7504308642819524e-04 1.</leafValues></_>
    <_>
      <internalNodes>
        0 -1 77340 1.5435197390615940e-02</internalNodes>
      <leafValues>
        2.9612076468765736e-04 -1.</leafValues></_>
    <_>
      <internalNodes>
        0 -1 77340 1.5370631590485573e-02</internalNodes>
      <leafValues>
        -2.8776976978406310e-04 1.</leafValues></_>
    <_>
      <internalNodes>
        0 -1 77340 1.5303522348403931e-02</internalNodes>
      <leafValues>
        5.9276819229125977e-04 -1.</leafValues></_>
    <_>
      <internalNodes>
        0 -1 77340 1.5267599374055862e-02</internalNodes>
      <leafValues>
        -5.7603680761530995e-04 1.</leafValues></_>
    <_>
      <internalNodes>
        0 -1 77340 1.5052538365125656e-02</internalNodes>
      <leafValues>
        8.9938117889687419e-04 -9.8904711008071899e-01</leafValues></_>
    <_>
      <internalNodes>
        0 -1 77340 1.4965358190238476e-02</internalNodes>
      <leafValues>
        -8.6580059723928571e-04 1.</leafValues></_>
    <_>
      <internalNodes>
        0 -1 77340 1.4917667955160141e-02</internalNodes>
      <leafValues>
        2.9735334101133049e-04 -1.</leafValues></_>
    <_>
      <internalNodes>
        0 -1 77340 1.4786669984459877e-02</internalNodes>
      <leafValues>
        -8.6730270413681865e-04 1.</leafValues></_>
    <_>
      <internalNodes>
        0 -1 77340 1.4769179746508598e-02</internalNodes>
      <leafValues>
        2.9753029230050743e-04 -1.</leafValues></_>
    <_>
      <internalNodes>
        0 -1 77340 1.4698402024805546e-02</internalNodes>
      <leafValues>
        -5.7903880951926112e-04 1.</leafValues></_>
    <_>
      <internalNodes>
        0 -1 77340 1.4616481028497219e-02</internalNodes>
      <leafValues>
        2.9770759283564985e-04 -1.</leafValues></_>
    <_>
      <internalNodes>
        0 -1 77340 1.4544767327606678e-02</internalNodes>
      <leafValues>
        -2.8977106558158994e-04 1.</leafValues></_>
    <_>
      <internalNodes>
        0 -1 77340 1.4534955844283104e-02</internalNodes>
      <leafValues>
        2.9788500978611410e-04 -1.</leafValues></_>
    <_>
      <internalNodes>
        0 -1 77340 1.4424958266317844e-02</internalNodes>
      <leafValues>
        -8.7032199371606112e-04 1.</leafValues></_>
    <_>
      <internalNodes>
        0 -1 77340 1.4363599941134453e-02</internalNodes>
      <leafValues>
        5.9630267787724733e-04 -1.</leafValues></_>
    <_>
      <internalNodes>
        0 -1 77340 1.4264579862356186e-02</internalNodes>
      <leafValues>
        -5.8105745119974017e-04 1.</leafValues></_>
    <_>
      <internalNodes>
        0 -1 77340 1.4240143820643425e-02</internalNodes>
      <leafValues>
        8.9578970801085234e-04 -1.</leafValues></_>
    <_>
      <internalNodes>
        0 -1 77340 1.4228656888008118e-02</internalNodes>
      <leafValues>
        -2.9078195802867413e-04 1.</leafValues></_>
    <_>
      <internalNodes>
        0 -1 77340 1.4148928225040436e-02</internalNodes>
      <leafValues>
        1.2056069681420922e-03 -9.8994183540344238e-01</leafValues></_>
    <_>
      <internalNodes>
        0 -1 77340 1.3975692912936211e-02</internalNodes>
      <leafValues>
        -1.4573005028069019e-03 1.</leafValues></_>
    <_>
      <internalNodes>
        0 -1 77340 1.3922506943345070e-02</internalNodes>
      <leafValues>
        1.2004791060462594e-03 -1.</leafValues></_>
    <_>
      <internalNodes>
        0 -1 77340 1.3690505176782608e-02</internalNodes>
      <leafValues>
        -2.3405493702739477e-03 1.</leafValues></_>
    <_>
      <internalNodes>
        0 -1 77340 1.3641627505421638e-02</internalNodes>
      <leafValues>
        3.0056681134738028e-04 -1.</leafValues></_>
    <_>
      <internalNodes>
        0 -1 77340 1.3516817241907120e-02</internalNodes>
      <leafValues>
        -8.8054005755111575e-04 1.</leafValues></_>
    <_>
      <internalNodes>
        0 -1 77340 1.3386636972427368e-02</internalNodes>
      <leafValues>
        9.0279843425378203e-04 -1.</leafValues></_>
    <_>
      <internalNodes>
        0 -1 77340 1.3180183246731758e-02</internalNodes>
      <leafValues>
        -1.1697255540639162e-03 9.9434953927993774e-01</leafValues></_>
    <_>
      <internalNodes>
        0 -1 77340 1.3062898069620132e-02</internalNodes>
      <leafValues>
        6.0313579160720110e-04 -1.</leafValues></_>
    <_>
      <internalNodes>
        0 -1 77340 1.3024354353547096e-02</internalNodes>
      <leafValues>
        -2.9472436290234327e-04 9.9461996555328369e-01</leafValues></_>
    <_>
      <internalNodes>
        0 -1 77340 1.2835154309868813e-02</internalNodes>
      <leafValues>
        1.5267535345628858e-03 -9.8176264762878418e-01</leafValues></_>
    <_>
      <internalNodes>
        0 -1 77340 1.2816105969250202e-02</internalNodes>
      <leafValues>
        -2.9524535057134926e-04 9.9424219131469727e-01</leafValues></_>
    <_>
      <internalNodes>
        0 -1 77340 1.2803157791495323e-02</internalNodes>
      <leafValues>
        3.0312215676531196e-04 -1.</leafValues></_>
    <_>
      <internalNodes>
        0 -1 77340 1.2773952446877956e-02</internalNodes>
      <leafValues>
        -8.8678684551268816e-04 9.9435484409332275e-01</leafValues></_>
    <_>
      <internalNodes>
        0 -1 77340 1.2771921232342720e-02</internalNodes>
      <leafValues>
        3.0330580193549395e-04 -1.</leafValues></_>
    <_>
      <internalNodes>
        0 -1 77340 1.2750552967190742e-02</internalNodes>
      <leafValues>
        -5.9206632431596518e-04 9.9474900960922241e-01</leafValues></_>
    <_>
      <internalNodes>
        0 -1 77340 1.1993653140962124e-02</internalNodes>
      <leafValues>
        6.5239388495683670e-03 -9.2352926731109619e-01</leafValues></_>
    <_>
      <internalNodes>
        0 -1 77340 1.1876319535076618e-02</internalNodes>
      <leafValues>
        -1.1932249180972576e-03 9.9401283264160156e-01</leafValues></_>
    <_>
      <internalNodes>
        0 -1 77340 1.1840276420116425e-02</internalNodes>
      <leafValues>
        3.0930966022424400e-04 -1.</leafValues></_>
    <_>
      <internalNodes>
        0 -1 77340 1.1806584894657135e-02</internalNodes>
      <leafValues>
        -8.9686096180230379e-04 9.9413144588470459e-01</leafValues></_>
    <_>
      <internalNodes>
        0 -1 77340 1.1357355862855911e-02</internalNodes>
      <leafValues>
        4.0766699239611626e-03 -9.7932291030883789e-01</leafValues></_>
    <_>
      <internalNodes>
        0 -1 77340 1.1296635493636131e-02</internalNodes>
      <leafValues>
        -2.9982748674228787e-04 9.9398946762084961e-01</leafValues></_>
    <_>
      <internalNodes>
        0 -1 77340 1.1248400434851646e-02</internalNodes>
      <leafValues>
        3.1259766547009349e-04 -1.</leafValues></_>
    <_>
      <internalNodes>
        0 -1 77340 1.1230600066483021e-02</internalNodes>
      <leafValues>
        -6.0024007689207792e-04 9.9409270286560059e-01</leafValues></_>
    <_>
      <internalNodes>
        0 -1 77340 1.1206976138055325e-02</internalNodes>
      <leafValues>
        6.2578218057751656e-04 -1.</leafValues></_>
    <_>
      <internalNodes>
        0 -1 77340 1.1178543791174889e-02</internalNodes>
      <leafValues>
        -6.0096144443377852e-04 9.9429816007614136e-01</leafValues></_>
    <_>
      <internalNodes>
        0 -1 77340 1.1110142804682255e-02</internalNodes>
      <leafValues>
        6.2656635418534279e-04 -9.7980606555938721e-01</leafValues></_>
    <_>
      <internalNodes>
        0 -1 77340 1.1074820533394814e-02</internalNodes>
      <leafValues>
        -3.0075179529376328e-04 9.9395859241485596e-01</leafValues></_>
    <_>
      <internalNodes>
        0 -1 77340 1.1025512591004372e-02</internalNodes>
      <leafValues>
        6.2735256506130099e-04 -1.</leafValues></_>
    <_>
      <internalNodes>
        0 -1 77340 1.0977915488183498e-02</internalNodes>
      <leafValues>
        -6.0204690089449286e-04 9.9407863616943359e-01</leafValues></_>
    <_>
      <internalNodes>
        0 -1 77340 1.0954307392239571e-02</internalNodes>
      <leafValues>
        3.1397165730595589e-04 -1.</leafValues></_>
    <_>
      <internalNodes>
        0 -1 77340 1.0915156453847885e-02</internalNodes>
      <leafValues>
        -6.0277275042608380e-04 9.9426984786987305e-01</leafValues></_>
    <_>
      <internalNodes>
        0 -1 77340 1.0895473882555962e-02</internalNodes>
      <leafValues>
        3.1416895217262208e-04 -1.</leafValues></_>
    <_>
      <internalNodes>
        0 -1 77340 1.0854857042431831e-02</internalNodes>
      <leafValues>
        -3.0165910720825195e-04 9.9442148208618164e-01</leafValues></_>
    <_>
      <internalNodes>
        0 -1 77340 1.0821472853422165e-02</internalNodes>
      <leafValues>
        3.1436653807759285e-04 -9.8003000020980835e-01</leafValues></_>
    <_>
      <internalNodes>
        0 -1 77340 1.0795056819915771e-02</internalNodes>
      <leafValues>
        -3.0184120987541974e-04 9.9409335851669312e-01</leafValues></_>
    <_>
      <internalNodes>
        0 -1 77340 1.0769018903374672e-02</internalNodes>
      <leafValues>
        3.1456432770937681e-04 -1.</leafValues></_>
    <_>
      <internalNodes>
        0 -1 77340 1.0763642378151417e-02</internalNodes>
      <leafValues>
        -3.0202354537323117e-04 9.9417787790298462e-01</leafValues></_>
    <_>
      <internalNodes>
        0 -1 77340 1.0758818127214909e-02</internalNodes>
      <leafValues>
        3.1476235017180443e-04 -1.</leafValues></_>
    <_>
      <internalNodes>
        0 -1 77340 1.0720316320657730e-02</internalNodes>
      <leafValues>
        -6.0459488304331899e-04 9.9443459510803223e-01</leafValues></_>
    <_>
      <internalNodes>
        0 -1 77340 1.0677186772227287e-02</internalNodes>
      <leafValues>
        3.1496054725721478e-04 -9.8033756017684937e-01</leafValues></_>
    <_>
      <internalNodes>
        0 -1 77340 1.0661046020686626e-02</internalNodes>
      <leafValues>
        -3.0257186153903604e-04 9.9415791034698486e-01</leafValues></_>
    <_>
      <internalNodes>
        0 -1 77340 1.0471617802977562e-02</internalNodes>
      <leafValues>
        2.5689036119729280e-03 -9.8130923509597778e-01</leafValues></_>
    <_>
      <internalNodes>
        0 -1 77340 1.0346546769142151e-02</internalNodes>
      <leafValues>
        -1.2143234489485621e-03 9.9426269531250000e-01</leafValues></_>
    <_>
      <internalNodes>
        0 -1 77340 1.0337485000491142e-02</internalNodes>
      <leafValues>
        3.1735896482132375e-04 -1.</leafValues></_>
    <_>
      <internalNodes>
        0 -1 77340 1.0294059291481972e-02</internalNodes>
      <leafValues>
        -6.0827250126749277e-04 9.9435639381408691e-01</leafValues></_>
    <_>
      <internalNodes>
        0 -1 77340 1.0291416198015213e-02</internalNodes>
      <leafValues>
        3.1756106182001531e-04 -1.</leafValues></_>
    <_>
      <internalNodes>
        0 -1 77340 1.0284469462931156e-02</internalNodes>
      <leafValues>
        -3.0441398848779500e-04 9.9443346261978149e-01</leafValues></_>
    <_>
      <internalNodes>
        0 -1 77340 1.0262917727231979e-02</internalNodes>
      <leafValues>
        3.1776292598806322e-04 -1.</leafValues></_>
    <_>
      <internalNodes>
        0 -1 77340 1.0234499350190163e-02</internalNodes>
      <leafValues>
        -6.0938450042158365e-04 9.9452197551727295e-01</leafValues></_>
    <_>
      <internalNodes>
        0 -1 77340 1.0219225659966469e-02</internalNodes>
      <leafValues>
        6.3613225938752294e-04 -9.8147028684616089e-01</leafValues></_></weakClassifiers></stage22>
</opencv_storage>
