<?xml version="1.0"?>
<opencv_storage>
<stage31>
  <maxWeakCount>100</maxWeakCount>
  <stageThreshold>-9.7346895933151245e-01</stageThreshold>
  <weakClassifiers>
    <_>
      <internalNodes>
        0 -1 109896 -1.0630975663661957e-01</internalNodes>
      <leafValues>
        4.9253731966018677e-01 1.0101010091602802e-02</leafValues></_>
    <_>
      <internalNodes>
        0 -1 109896 -1.0614785552024841e-01</internalNodes>
      <leafValues>
        -1. 5.8377411914989352e-04</leafValues></_>
    <_>
      <internalNodes>
        0 -1 109896 -1.0533916205167770e-01</internalNodes>
      <leafValues>
        1. -8.5787812713533640e-04</leafValues></_>
    <_>
      <internalNodes>
        0 -1 109896 -1.0420762747526169e-01</internalNodes>
      <leafValues>
        -9.8654216527938843e-01 1.1752743739634752e-03</leafValues></_>
    <_>
      <internalNodes>
        0 -1 109896 -1.0333603620529175e-01</internalNodes>
      <leafValues>
        9.9517756700515747e-01 -1.4283447526395321e-03</leafValues></_>
    <_>
      <internalNodes>
        0 -1 109896 -1.0322904586791992e-01</internalNodes>
      <leafValues>
        -1. 2.9299638117663562e-04</leafValues></_>
    <_>
      <internalNodes>
        0 -1 109896 -1.0282911360263824e-01</internalNodes>
      <leafValues>
        9.9524611234664917e-01 -5.7504314463585615e-04</leafValues></_>
    <_>
      <internalNodes>
        0 -1 109896 -1.0266133397817612e-01</internalNodes>
      <leafValues>
        -1. 2.9316908330656588e-04</leafValues></_>
    <_>
      <internalNodes>
        0 -1 109896 -1.0247310996055603e-01</internalNodes>
      <leafValues>
        9.9531280994415283e-01 -5.7570525677874684e-04</leafValues></_>
    <_>
      <internalNodes>
        0 -1 109896 -1.0203221440315247e-01</internalNodes>
      <leafValues>
        -1. 1.1743979994207621e-03</leafValues></_>
    <_>
      <internalNodes>
        0 -1 109896 -1.0199180245399475e-01</internalNodes>
      <leafValues>
        9.9539887905120850e-01 -2.8810088406316936e-04</leafValues></_>
    <_>
      <internalNodes>
        0 -1 109896 -1.0170767456293106e-01</internalNodes>
      <leafValues>
        -9.8732590675354004e-01 5.8823527069762349e-04</leafValues></_>
    <_>
      <internalNodes>
        0 -1 109896 -1.0068771988153458e-01</internalNodes>
      <leafValues>
        9.8605030775070190e-01 -1.7218771390616894e-03</leafValues></_>
    <_>
      <internalNodes>
        0 -1 109896 -1.0038383305072784e-01</internalNodes>
      <leafValues>
        -9.8801577091217041e-01 1.1799392523244023e-03</leafValues></_>
    <_>
      <internalNodes>
        0 -1 109896 -1.0019050538539886e-01</internalNodes>
      <leafValues>
        9.8613619804382324e-01 -2.8960269992239773e-04</leafValues></_>
    <_>
      <internalNodes>
        0 -1 109896 -1.0013280808925629e-01</internalNodes>
      <leafValues>
        -9.8804360628128052e-01 2.9542096308432519e-04</leafValues></_>
    <_>
      <internalNodes>
        0 -1 109896 -9.9746949970722198e-02</internalNodes>
      <leafValues>
        9.8189026117324829e-01 -1.1549415066838264e-03</leafValues></_>
    <_>
      <internalNodes>
        0 -1 109896 -9.9721722304821014e-02</internalNodes>
      <leafValues>
        -9.8809266090393066e-01 5.9171544853597879e-04</leafValues></_>
    <_>
      <internalNodes>
        0 -1 109896 -9.9463768303394318e-02</internalNodes>
      <leafValues>
        9.8234641551971436e-01 -5.8139528846368194e-04</leafValues></_>
    <_>
      <internalNodes>
        0 -1 109896 -9.9448718130588531e-02</internalNodes>
      <leafValues>
        -9.8728412389755249e-01 5.9241696726530790e-04</leafValues></_>
    <_>
      <internalNodes>
        0 -1 109896 -9.9444210529327393e-02</internalNodes>
      <leafValues>
        9.8686659336090088e-01 -2.9095134232193232e-04</leafValues></_>
    <_>
      <internalNodes>
        0 -1 109896 -9.9350839853286743e-02</internalNodes>
      <leafValues>
        -9.8743319511413574e-01 5.9311982477083802e-04</leafValues></_>
    <_>
      <internalNodes>
        0 -1 109896 -9.9176064133644104e-02</internalNodes>
      <leafValues>
        9.8693817853927612e-01 -5.8241112856194377e-04</leafValues></_>
    <_>
      <internalNodes>
        0 -1 109896 -9.8666392266750336e-02</internalNodes>
      <leafValues>
        -9.8765319585800171e-01 8.9100084733217955e-04</leafValues></_>
    <_>
      <internalNodes>
        0 -1 109896 -9.8063752055168152e-02</internalNodes>
      <leafValues>
        9.8709625005722046e-01 -1.4590017963200808e-03</leafValues></_>
    <_>
      <internalNodes>
        0 -1 109896 -9.7899712622165680e-02</internalNodes>
      <leafValues>
        -9.8771518468856812e-01 2.9735252610407770e-04</leafValues></_>
    <_>
      <internalNodes>
        0 -1 109896 -9.7595304250717163e-02</internalNodes>
      <leafValues>
        9.8275560140609741e-01 -8.7274482939392328e-04</leafValues></_>
    <_>
      <internalNodes>
        0 -1 109896 -9.7513690590858459e-02</internalNodes>
      <leafValues>
        -9.8779696226119995e-01 5.9559236979112029e-04</leafValues></_>
    <_>
      <internalNodes>
        0 -1 109896 -9.7297064960002899e-02</internalNodes>
      <leafValues>
        9.9151462316513062e-01 -5.8616639580577612e-04</leafValues></_>
    <_>
      <internalNodes>
        0 -1 109896 -9.7174674272537231e-02</internalNodes>
      <leafValues>
        -9.8816967010498047e-01 5.9630285250023007e-04</leafValues></_>
    <_>
      <internalNodes>
        0 -1 109896 -9.6456170082092285e-02</internalNodes>
      <leafValues>
        9.8317331075668335e-01 -1.4684287598356605e-03</leafValues></_>
    <_>
      <internalNodes>
        0 -1 109896 -9.6257597208023071e-02</internalNodes>
      <leafValues>
        -9.8825621604919434e-01 2.9841731884516776e-04</leafValues></_>
    <_>
      <internalNodes>
        0 -1 109896 -9.6060112118721008e-02</internalNodes>
      <leafValues>
        9.9579125642776489e-01 -2.9420416103675961e-04</leafValues></_>
    <_>
      <internalNodes>
        0 -1 109896 -9.5902606844902039e-02</internalNodes>
      <leafValues>
        -9.8843318223953247e-01 5.9737154515460134e-04</leafValues></_>
    <_>
      <internalNodes>
        0 -1 109896 -9.8632663488388062e-02</internalNodes>
      <leafValues>
        9.8687249422073364e-01 -2.9928691219538450e-04</leafValues></_>
    <_>
      <internalNodes>
        0 -1 109896 -9.8642036318778992e-02</internalNodes>
      <leafValues>
        -9.8763304948806763e-01 3.8019872736185789e-03</leafValues></_>
    <_>
      <internalNodes>
        0 -1 109896 -9.8221182823181152e-02</internalNodes>
      <leafValues>
        9.8700553178787231e-01 -3.8019691128283739e-03</leafValues></_>
    <_>
      <internalNodes>
        0 -1 109896 -9.8423853516578674e-02</internalNodes>
      <leafValues>
        -9.8776525259017944e-01 3.2188293989747763e-03</leafValues></_>
    <_>
      <internalNodes>
        0 -1 109896 -9.8221182823181152e-02</internalNodes>
      <leafValues>
        9.8702514171600342e-01 -3.2188366167247295e-03</leafValues></_>
    <_>
      <internalNodes>
        0 -1 109896 -9.8423853516578674e-02</internalNodes>
      <leafValues>
        -9.8774725198745728e-01 3.2188366167247295e-03</leafValues></_>
    <_>
      <internalNodes>
        0 -1 109896 -9.8221182823181152e-02</internalNodes>
      <leafValues>
        9.8704373836517334e-01 -3.2188366167247295e-03</leafValues></_>
    <_>
      <internalNodes>
        0 -1 109896 -9.8423853516578674e-02</internalNodes>
      <leafValues>
        -9.8758202791213989e-01 3.7995211314409971e-03</leafValues></_>
    <_>
      <internalNodes>
        0 -1 109896 -9.8221182823181152e-02</internalNodes>
      <leafValues>
        9.8705762624740601e-01 -3.7995139136910439e-03</leafValues></_>
    <_>
      <internalNodes>
        0 -1 109896 -9.8423853516578674e-02</internalNodes>
      <leafValues>
        -9.8756909370422363e-01 3.7995139136910439e-03</leafValues></_>
    <_>
      <internalNodes>
        0 -1 109896 -9.8196819424629211e-02</internalNodes>
      <leafValues>
        9.8709845542907715e-01 -3.7995139136910439e-03</leafValues></_>
    <_>
      <internalNodes>
        0 -1 109896 -9.8423853516578674e-02</internalNodes>
      <leafValues>
        -9.8755747079849243e-01 3.7995139136910439e-03</leafValues></_>
    <_>
      <internalNodes>
        0 -1 109896 -9.8196819424629211e-02</internalNodes>
      <leafValues>
        9.8711025714874268e-01 -3.7995139136910439e-03</leafValues></_>
    <_>
      <internalNodes>
        0 -1 109896 -9.8423853516578674e-02</internalNodes>
      <leafValues>
        -9.8754638433456421e-01 3.7995139136910439e-03</leafValues></_>
    <_>
      <internalNodes>
        0 -1 109896 -9.8196819424629211e-02</internalNodes>
      <leafValues>
        9.8712140321731567e-01 -3.7995139136910439e-03</leafValues></_>
    <_>
      <internalNodes>
        0 -1 109896 -9.8423853516578674e-02</internalNodes>
      <leafValues>
        -9.8753583431243896e-01 3.7995139136910439e-03</leafValues></_>
    <_>
      <internalNodes>
        0 -1 109896 -9.8196819424629211e-02</internalNodes>
      <leafValues>
        9.8713201284408569e-01 -3.7995139136910439e-03</leafValues></_>
    <_>
      <internalNodes>
        0 -1 109896 -9.8423853516578674e-02</internalNodes>
      <leafValues>
        -9.8752588033676147e-01 3.7995139136910439e-03</leafValues></_>
    <_>
      <internalNodes>
        0 -1 109896 -9.8196819424629211e-02</internalNodes>
      <leafValues>
        9.8714208602905273e-01 -3.7995139136910439e-03</leafValues></_>
    <_>
      <internalNodes>
        0 -1 109896 -9.8423853516578674e-02</internalNodes>
      <leafValues>
        -9.8751634359359741e-01 3.7995139136910439e-03</leafValues></_>
    <_>
      <internalNodes>
        0 -1 109896 -9.8196819424629211e-02</internalNodes>
      <leafValues>
        9.9568921327590942e-01 -3.7995139136910439e-03</leafValues></_>
    <_>
      <internalNodes>
        0 -1 109896 -9.6844494342803955e-02</internalNodes>
      <leafValues>
        -9.8854780197143555e-01 2.9926872230134904e-04</leafValues></_>
    <_>
      <internalNodes>
        0 -1 109896 -9.5613770186901093e-02</internalNodes>
      <leafValues>
        9.8771625757217407e-01 -2.9437738703563809e-04</leafValues></_>
    <_>
      <internalNodes>
        0 -1 109896 -9.8423853516578674e-02</internalNodes>
      <leafValues>
        -9.8784387111663818e-01 1.7358182230964303e-03</leafValues></_>
    <_>
      <internalNodes>
        0 -1 109896 -9.8632663488388062e-02</internalNodes>
      <leafValues>
        9.8682951927185059e-01 -2.9314414132386446e-03</leafValues></_>
    <_>
      <internalNodes>
        0 -1 109896 -9.8423853516578674e-02</internalNodes>
      <leafValues>
        -9.8767232894897461e-01 2.9314346611499786e-03</leafValues></_>
    <_>
      <internalNodes>
        0 -1 109896 -9.8196819424629211e-02</internalNodes>
      <leafValues>
        9.8695605993270874e-01 -2.9314346611499786e-03</leafValues></_>
    <_>
      <internalNodes>
        0 -1 109896 -9.8423853516578674e-02</internalNodes>
      <leafValues>
        -9.8765480518341064e-01 2.9314346611499786e-03</leafValues></_>
    <_>
      <internalNodes>
        0 -1 109896 -9.8196819424629211e-02</internalNodes>
      <leafValues>
        9.8703026771545410e-01 -2.9314346611499786e-03</leafValues></_>
    <_>
      <internalNodes>
        0 -1 109896 -9.8423853516578674e-02</internalNodes>
      <leafValues>
        -9.8763942718505859e-01 2.9314346611499786e-03</leafValues></_>
    <_>
      <internalNodes>
        0 -1 109896 -9.8196819424629211e-02</internalNodes>
      <leafValues>
        9.8704594373703003e-01 -2.9314346611499786e-03</leafValues></_>
    <_>
      <internalNodes>
        0 -1 109896 -9.8423853516578674e-02</internalNodes>
      <leafValues>
        -9.8762482404708862e-01 2.9314346611499786e-03</leafValues></_>
    <_>
      <internalNodes>
        0 -1 109896 -9.8196819424629211e-02</internalNodes>
      <leafValues>
        9.8708856105804443e-01 -2.9314346611499786e-03</leafValues></_>
    <_>
      <internalNodes>
        0 -1 109896 -9.8642036318778992e-02</internalNodes>
      <leafValues>
        -9.8761165142059326e-01 3.2228480558842421e-03</leafValues></_>
    <_>
      <internalNodes>
        0 -1 109896 -9.8221182823181152e-02</internalNodes>
      <leafValues>
        9.8702740669250488e-01 -3.2228452619165182e-03</leafValues></_>
    <_>
      <internalNodes>
        0 -1 109896 -9.8423853516578674e-02</internalNodes>
      <leafValues>
        -9.8759728670120239e-01 2.9314318671822548e-03</leafValues></_>
    <_>
      <internalNodes>
        0 -1 109896 -9.8221182823181152e-02</internalNodes>
      <leafValues>
        9.8704212903976440e-01 -2.9314346611499786e-03</leafValues></_>
    <_>
      <internalNodes>
        0 -1 109896 -9.8423853516578674e-02</internalNodes>
      <leafValues>
        -9.8758357763290405e-01 2.9314346611499786e-03</leafValues></_>
    <_>
      <internalNodes>
        0 -1 109896 -9.8221182823181152e-02</internalNodes>
      <leafValues>
        9.8705607652664185e-01 -2.9314346611499786e-03</leafValues></_>
    <_>
      <internalNodes>
        0 -1 109896 -9.8423853516578674e-02</internalNodes>
      <leafValues>
        -9.8757052421569824e-01 2.9314346611499786e-03</leafValues></_>
    <_>
      <internalNodes>
        0 -1 109896 -9.8221182823181152e-02</internalNodes>
      <leafValues>
        9.8706924915313721e-01 -2.9314346611499786e-03</leafValues></_>
    <_>
      <internalNodes>
        0 -1 109896 -9.8423853516578674e-02</internalNodes>
      <leafValues>
        -9.8755812644958496e-01 2.9314346611499786e-03</leafValues></_>
    <_>
      <internalNodes>
        0 -1 109896 -9.8221182823181152e-02</internalNodes>
      <leafValues>
        9.9566572904586792e-01 -2.9314346611499786e-03</leafValues></_>
    <_>
      <internalNodes>
        0 -1 109896 -9.8255470395088196e-02</internalNodes>
      <leafValues>
        -9.8825317621231079e-01 1.1754330480471253e-03</leafValues></_>
    <_>
      <internalNodes>
        0 -1 109896 -9.8632663488388062e-02</internalNodes>
      <leafValues>
        9.8677593469619751e-01 -1.1754409642890096e-03</leafValues></_>
    <_>
      <internalNodes>
        0 -1 109896 -9.8423853516578674e-02</internalNodes>
      <leafValues>
        -9.8786747455596924e-01 2.9314425773918629e-03</leafValues></_>
    <_>
      <internalNodes>
        0 -1 109896 -9.8196819424629211e-02</internalNodes>
      <leafValues>
        9.8257517814636230e-01 -2.9314346611499786e-03</leafValues></_>
    <_>
      <internalNodes>
        0 -1 109896 -9.8423853516578674e-02</internalNodes>
      <leafValues>
        -9.8759120702743530e-01 3.5132821649312973e-03</leafValues></_>
    <_>
      <internalNodes>
        0 -1 109896 -9.8196819424629211e-02</internalNodes>
      <leafValues>
        9.8712253570556641e-01 -3.5132761113345623e-03</leafValues></_>
    <_>
      <internalNodes>
        0 -1 109896 -9.8423853516578674e-02</internalNodes>
      <leafValues>
        -9.8757964372634888e-01 3.5132761113345623e-03</leafValues></_>
    <_>
      <internalNodes>
        0 -1 109896 -9.8196819424629211e-02</internalNodes>
      <leafValues>
        9.8713421821594238e-01 -3.5132761113345623e-03</leafValues></_>
    <_>
      <internalNodes>
        0 -1 109896 -9.8642036318778992e-02</internalNodes>
      <leafValues>
        -9.8756861686706543e-01 3.2225102186203003e-03</leafValues></_>
    <_>
      <internalNodes>
        0 -1 109896 -9.8221182823181152e-02</internalNodes>
      <leafValues>
        9.8707121610641479e-01 -3.2225137110799551e-03</leafValues></_>
    <_>
      <internalNodes>
        0 -1 109896 -9.8423853516578674e-02</internalNodes>
      <leafValues>
        -9.8755633831024170e-01 2.9314318671822548e-03</leafValues></_>
    <_>
      <internalNodes>
        0 -1 109896 -9.8221182823181152e-02</internalNodes>
      <leafValues>
        9.9566632509231567e-01 -2.9314346611499786e-03</leafValues></_>
    <_>
      <internalNodes>
        0 -1 109896 -9.8255470395088196e-02</internalNodes>
      <leafValues>
        -9.8825150728225708e-01 1.1754330480471253e-03</leafValues></_>
    <_>
      <internalNodes>
        0 -1 109896 -9.8632663488388062e-02</internalNodes>
      <leafValues>
        9.8677772283554077e-01 -1.1754409642890096e-03</leafValues></_>
    <_>
      <internalNodes>
        0 -1 109896 -9.8423853516578674e-02</internalNodes>
      <leafValues>
        -9.8771941661834717e-01 2.9314425773918629e-03</leafValues></_>
    <_>
      <internalNodes>
        0 -1 109896 -9.8196819424629211e-02</internalNodes>
      <leafValues>
        9.8257213830947876e-01 -2.9314346611499786e-03</leafValues></_>
    <_>
      <internalNodes>
        0 -1 109896 -9.8423853516578674e-02</internalNodes>
      <leafValues>
        -9.8759311437606812e-01 3.5132821649312973e-03</leafValues></_>
    <_>
      <internalNodes>
        0 -1 109896 -9.8196819424629211e-02</internalNodes>
      <leafValues>
        9.8712038993835449e-01 -3.5132761113345623e-03</leafValues></_>
    <_>
      <internalNodes>
        0 -1 109896 -9.8423853516578674e-02</internalNodes>
      <leafValues>
        -9.8758143186569214e-01 3.5132761113345623e-03</leafValues></_>
    <_>
      <internalNodes>
        0 -1 109896 -9.8196819424629211e-02</internalNodes>
      <leafValues>
        9.8713219165802002e-01 -3.5132761113345623e-03</leafValues></_>
    <_>
      <internalNodes>
        0 -1 109896 -9.8423853516578674e-02</internalNodes>
      <leafValues>
        -9.8757034540176392e-01 3.5132761113345623e-03</leafValues></_>
    <_>
      <internalNodes>
        0 -1 109896 -9.8196819424629211e-02</internalNodes>
      <leafValues>
        9.8714339733123779e-01 -3.5132761113345623e-03</leafValues></_>
    <_>
      <internalNodes>
        0 -1 109896 -9.8423853516578674e-02</internalNodes>
      <leafValues>
        -9.8755979537963867e-01 3.5132761113345623e-03</leafValues></_></weakClassifiers></stage31>
</opencv_storage>
