<?xml version="1.0"?>
<opencv_storage>
<stage36>
  <maxWeakCount>100</maxWeakCount>
  <stageThreshold>-9.5809143781661987e-01</stageThreshold>
  <weakClassifiers>
    <_>
      <internalNodes>
        0 -1 103431 -4.4417463243007660e-02</internalNodes>
      <leafValues>
        5.1655626296997070e-01 1.2578615918755531e-02</leafValues></_>
    <_>
      <internalNodes>
        0 -1 103431 -4.4360779225826263e-02</internalNodes>
      <leafValues>
        -1. 2.9026670381426811e-04</leafValues></_>
    <_>
      <internalNodes>
        0 -1 103431 -4.4344253838062286e-02</internalNodes>
      <leafValues>
        1. -2.8240607935003936e-04</leafValues></_>
    <_>
      <internalNodes>
        0 -1 103431 -4.4305056333541870e-02</internalNodes>
      <leafValues>
        -1. 2.8977106558158994e-04</leafValues></_>
    <_>
      <internalNodes>
        0 -1 103431 -4.4248096644878387e-02</internalNodes>
      <leafValues>
        1. -2.8256568475626409e-04</leafValues></_>
    <_>
      <internalNodes>
        0 -1 103431 -4.4056147336959839e-02</internalNodes>
      <leafValues>
        -9.8474097251892090e-01 8.7804091162979603e-04</leafValues></_>
    <_>
      <internalNodes>
        0 -1 103431 -4.3699197471141815e-02</internalNodes>
      <leafValues>
        1. -8.4913650061935186e-04</leafValues></_>
    <_>
      <internalNodes>
        0 -1 103431 -4.3499790132045746e-02</internalNodes>
      <leafValues>
        -1. 2.9061298118904233e-04</leafValues></_>
    <_>
      <internalNodes>
        0 -1 103431 -4.3423108756542206e-02</internalNodes>
      <leafValues>
        1. -2.8336638933978975e-04</leafValues></_>
    <_>
      <internalNodes>
        0 -1 103431 -4.3391540646553040e-02</internalNodes>
      <leafValues>
        -1. 5.8173353318125010e-04</leafValues></_>
    <_>
      <internalNodes>
        0 -1 103431 -4.3131619691848755e-02</internalNodes>
      <leafValues>
        1. -1.7035774653777480e-03</leafValues></_>
    <_>
      <internalNodes>
        0 -1 103431 -4.3010279536247253e-02</internalNodes>
      <leafValues>
        -1. 8.7386957602575421e-04</leafValues></_>
    <_>
      <internalNodes>
        0 -1 103431 -4.2903862893581390e-02</internalNodes>
      <leafValues>
        1. -2.8449480305425823e-04</leafValues></_>
    <_>
      <internalNodes>
        0 -1 103431 -4.2784400284290314e-02</internalNodes>
      <leafValues>
        -1. 5.8343057753518224e-04</leafValues></_>
    <_>
      <internalNodes>
        0 -1 103431 -4.2614467442035675e-02</internalNodes>
      <leafValues>
        1. -1.1396011104807258e-03</leafValues></_>
    <_>
      <internalNodes>
        0 -1 103431 -4.2536538094282150e-02</internalNodes>
      <leafValues>
        -1. 2.9197029653005302e-04</leafValues></_>
    <_>
      <internalNodes>
        0 -1 103431 -4.2429059743881226e-02</internalNodes>
      <leafValues>
        1. -8.5640879115089774e-04</leafValues></_>
    <_>
      <internalNodes>
        0 -1 103431 -4.2054273188114166e-02</internalNodes>
      <leafValues>
        -1. 1.7554123187437654e-03</leafValues></_>
    <_>
      <internalNodes>
        0 -1 103431 -4.1912414133548737e-02</internalNodes>
      <leafValues>
        1. -5.7175348047167063e-04</leafValues></_>
    <_>
      <internalNodes>
        0 -1 103431 -4.1882112622261047e-02</internalNodes>
      <leafValues>
        -1. 2.9316908330656588e-04</leafValues></_>
    <_>
      <internalNodes>
        0 -1 103431 -4.1842285543680191e-02</internalNodes>
      <leafValues>
        1. -2.8612301684916019e-04</leafValues></_>
    <_>
      <internalNodes>
        0 -1 103431 -4.1800513863563538e-02</internalNodes>
      <leafValues>
        -1. 2.9334114515222609e-04</leafValues></_>
    <_>
      <internalNodes>
        0 -1 103431 -4.1713781654834747e-02</internalNodes>
      <leafValues>
        1. -5.7273765560239553e-04</leafValues></_>
    <_>
      <internalNodes>
        0 -1 103431 -4.1634172201156616e-02</internalNodes>
      <leafValues>
        -1. 2.9351329430937767e-04</leafValues></_>
    <_>
      <internalNodes>
        0 -1 103431 -4.1558291763067245e-02</internalNodes>
      <leafValues>
        1. -2.8661507531069219e-04</leafValues></_>
    <_>
      <internalNodes>
        0 -1 103431 -4.1377797722816467e-02</internalNodes>
      <leafValues>
        -1. 5.8754405472427607e-04</leafValues></_>
    <_>
      <internalNodes>
        0 -1 103431 -4.1296854615211487e-02</internalNodes>
      <leafValues>
        1. -2.8677939553745091e-04</leafValues></_>
    <_>
      <internalNodes>
        0 -1 103431 -4.1208393871784210e-02</internalNodes>
      <leafValues>
        -1. 5.8823527069762349e-04</leafValues></_>
    <_>
      <internalNodes>
        0 -1 103431 -4.1037827730178833e-02</internalNodes>
      <leafValues>
        1. -5.7405274128541350e-04</leafValues></_>
    <_>
      <internalNodes>
        0 -1 103431 -4.0952086448669434e-02</internalNodes>
      <leafValues>
        -1. 2.9437732882797718e-04</leafValues></_>
    <_>
      <internalNodes>
        0 -1 103431 -4.0910422801971436e-02</internalNodes>
      <leafValues>
        1. -5.7471264153718948e-04</leafValues></_>
    <_>
      <internalNodes>
        0 -1 103431 -4.0859121829271317e-02</internalNodes>
      <leafValues>
        -1. 2.9455075855366886e-04</leafValues></_>
    <_>
      <internalNodes>
        0 -1 103431 -4.0801264345645905e-02</internalNodes>
      <leafValues>
        1. -2.8760425630025566e-04</leafValues></_>
    <_>
      <internalNodes>
        0 -1 103431 -4.0763653814792633e-02</internalNodes>
      <leafValues>
        -1. 2.9472442111000419e-04</leafValues></_>
    <_>
      <internalNodes>
        0 -1 103431 -4.0736474096775055e-02</internalNodes>
      <leafValues>
        1. -2.8776976978406310e-04</leafValues></_>
    <_>
      <internalNodes>
        0 -1 103431 -4.0718138217926025e-02</internalNodes>
      <leafValues>
        -1. 2.9489825828932226e-04</leafValues></_>
    <_>
      <internalNodes>
        0 -1 103431 -4.0644891560077667e-02</internalNodes>
      <leafValues>
        1. -5.7603686582297087e-04</leafValues></_>
    <_>
      <internalNodes>
        0 -1 103431 -4.0609661489725113e-02</internalNodes>
      <leafValues>
        -1. 5.9031869750469923e-04</leafValues></_>
    <_>
      <internalNodes>
        0 -1 103431 -4.0369518101215363e-02</internalNodes>
      <leafValues>
        9.9473035335540771e-01 -1.7259487649425864e-03</leafValues></_>
    <_>
      <internalNodes>
        0 -1 103431 -4.0365032851696014e-02</internalNodes>
      <leafValues>
        -1. 2.9559389804489911e-04</leafValues></_>
    <_>
      <internalNodes>
        0 -1 103431 -4.0349110960960388e-02</internalNodes>
      <leafValues>
        9.9511194229125977e-01 -2.8943558572791517e-04</leafValues></_>
    <_>
      <internalNodes>
        0 -1 103431 -4.0256828069686890e-02</internalNodes>
      <leafValues>
        -1. 5.9171597240492702e-04</leafValues></_>
    <_>
      <internalNodes>
        0 -1 103431 -3.9880424737930298e-02</internalNodes>
      <leafValues>
        9.9521648883819580e-01 -1.4496954390779138e-03</leafValues></_>
    <_>
      <internalNodes>
        0 -1 103431 -3.9791353046894073e-02</internalNodes>
      <leafValues>
        -1. 5.9241603594273329e-04</leafValues></_>
    <_>
      <internalNodes>
        0 -1 103431 -3.9685703814029694e-02</internalNodes>
      <leafValues>
        9.9528414011001587e-01 -5.8105745119974017e-04</leafValues></_>
    <_>
      <internalNodes>
        0 -1 103431 -3.9554521441459656e-02</internalNodes>
      <leafValues>
        -9.8807716369628906e-01 5.9311976656317711e-04</leafValues></_>
    <_>
      <internalNodes>
        0 -1 103431 -3.9550110697746277e-02</internalNodes>
      <leafValues>
        9.9514752626419067e-01 -2.9078213265165687e-04</leafValues></_>
    <_>
      <internalNodes>
        0 -1 103431 -3.9521712809801102e-02</internalNodes>
      <leafValues>
        -1. 2.9682397143915296e-04</leafValues></_>
    <_>
      <internalNodes>
        0 -1 103431 -3.9424877613782883e-02</internalNodes>
      <leafValues>
        9.9527311325073242e-01 -5.8207218535244465e-04</leafValues></_>
    <_>
      <internalNodes>
        0 -1 103431 -3.9360966533422470e-02</internalNodes>
      <leafValues>
        -1. 2.9700022423639894e-04</leafValues></_>
    <_>
      <internalNodes>
        0 -1 103431 -3.9170645177364349e-02</internalNodes>
      <leafValues>
        9.9073708057403564e-01 -1.1609747307375073e-03</leafValues></_>
    <_>
      <internalNodes>
        0 -1 103431 -3.9068616926670074e-02</internalNodes>
      <leafValues>
        -9.8653817176818848e-01 1.1904756538569927e-03</leafValues></_>
    <_>
      <internalNodes>
        0 -1 103431 -3.9360642433166504e-02</internalNodes>
      <leafValues>
        9.9527812004089355e-01 -2.9912867466919124e-04</leafValues></_>
    <_>
      <internalNodes>
        0 -1 103431 -3.9175327867269516e-02</internalNodes>
      <leafValues>
        -1. 2.9912922764196992e-04</leafValues></_>
    <_>
      <internalNodes>
        0 -1 103431 -3.8987129926681519e-02</internalNodes>
      <leafValues>
        9.9551600217819214e-01 -8.7693653767928481e-04</leafValues></_>
    <_>
      <internalNodes>
        0 -1 103431 -3.9360966533422470e-02</internalNodes>
      <leafValues>
        -9.8581713438034058e-01 -3.7748744944110513e-05</leafValues></_>
    <_>
      <internalNodes>
        0 -1 103431 -3.9826758205890656e-02</internalNodes>
      <leafValues>
        9.9513983726501465e-01 -1.4603231102228165e-03</leafValues></_>
    <_>
      <internalNodes>
        0 -1 103431 -3.8757160305976868e-02</internalNodes>
      <leafValues>
        -1. 2.6913830079138279e-03</leafValues></_>
    <_>
      <internalNodes>
        0 -1 103431 -3.8136206567287445e-02</internalNodes>
      <leafValues>
        9.8686909675598145e-01 -1.7483084229752421e-03</leafValues></_>
    <_>
      <internalNodes>
        0 -1 103431 -3.9797328412532806e-02</internalNodes>
      <leafValues>
        -9.8549747467041016e-01 -1.2897155247628689e-03</leafValues></_>
    <_>
      <internalNodes>
        0 -1 103431 -3.9170645177364349e-02</internalNodes>
      <leafValues>
        9.9063068628311157e-01 -2.6710904203355312e-03</leafValues></_>
    <_>
      <internalNodes>
        0 -1 103431 -3.8102567195892334e-02</internalNodes>
      <leafValues>
        -9.8769074678421021e-01 4.2599109001457691e-03</leafValues></_>
    <_>
      <internalNodes>
        0 -1 103431 -3.8080435246229172e-02</internalNodes>
      <leafValues>
        9.8170071840286255e-01 -2.9400541097857058e-04</leafValues></_>
    <_>
      <internalNodes>
        0 -1 103431 -3.8050848990678787e-02</internalNodes>
      <leafValues>
        -9.8777216672897339e-01 5.9880240587517619e-04</leafValues></_>
    <_>
      <internalNodes>
        0 -1 103431 -3.8017585873603821e-02</internalNodes>
      <leafValues>
        9.8662185668945312e-01 -8.8313210289925337e-04</leafValues></_>
    <_>
      <internalNodes>
        0 -1 103431 -3.7981003522872925e-02</internalNodes>
      <leafValues>
        -9.8796540498733521e-01 5.9952016454190016e-04</leafValues></_>
    <_>
      <internalNodes>
        0 -1 103431 -3.7957794964313507e-02</internalNodes>
      <leafValues>
        9.8671627044677734e-01 -5.8962259208783507e-04</leafValues></_>
    <_>
      <internalNodes>
        0 -1 103431 -3.7911359220743179e-02</internalNodes>
      <leafValues>
        -9.8807841539382935e-01 3.0002993298694491e-04</leafValues></_>
    <_>
      <internalNodes>
        0 -1 103431 -3.7866331636905670e-02</internalNodes>
      <leafValues>
        9.8678117990493774e-01 -2.9507227009162307e-04</leafValues></_>
    <_>
      <internalNodes>
        0 -1 103431 -3.7824913859367371e-02</internalNodes>
      <leafValues>
        -9.8825562000274658e-01 3.0021014390513301e-04</leafValues></_>
    <_>
      <internalNodes>
        0 -1 103431 -3.7784464657306671e-02</internalNodes>
      <leafValues>
        9.8684865236282349e-01 -2.9524651472456753e-04</leafValues></_>
    <_>
      <internalNodes>
        0 -1 103431 -3.7749461829662323e-02</internalNodes>
      <leafValues>
        -9.8836034536361694e-01 6.0096150264143944e-04</leafValues></_>
    <_>
      <internalNodes>
        0 -1 103431 -3.7741515785455704e-02</internalNodes>
      <leafValues>
        9.8697340488433838e-01 -2.9542090487666428e-04</leafValues></_>
    <_>
      <internalNodes>
        0 -1 103431 -3.7652619183063507e-02</internalNodes>
      <leafValues>
        -9.8846328258514404e-01 6.0168473282828927e-04</leafValues></_>
    <_>
      <internalNodes>
        0 -1 103431 -3.7604246288537979e-02</internalNodes>
      <leafValues>
        9.9133551120758057e-01 -2.9559555696323514e-04</leafValues></_>
    <_>
      <internalNodes>
        0 -1 103431 -3.7550546228885651e-02</internalNodes>
      <leafValues>
        -9.8859477043151855e-01 3.0111410887911916e-04</leafValues></_>
    <_>
      <internalNodes>
        0 -1 103431 -3.7260323762893677e-02</internalNodes>
      <leafValues>
        9.8267382383346558e-01 -8.8283733930438757e-04</leafValues></_>
    <_>
      <internalNodes>
        0 -1 103431 -3.7237226963043213e-02</internalNodes>
      <leafValues>
        -9.8894292116165161e-01 6.0313608264550567e-04</leafValues></_>
    <_>
      <internalNodes>
        0 -1 103431 -3.7202648818492889e-02</internalNodes>
      <leafValues>
        9.9569267034530640e-01 -8.8994356337934732e-04</leafValues></_>
    <_>
      <internalNodes>
        0 -1 103431 -3.6942295730113983e-02</internalNodes>
      <leafValues>
        -9.6917474269866943e-01 1.8256680341437459e-03</leafValues></_>
    <_>
      <internalNodes>
        0 -1 103431 -3.8840487599372864e-02</internalNodes>
      <leafValues>
        9.8934108018875122e-01 6.4937275601550937e-04</leafValues></_>
    <_>
      <internalNodes>
        0 -1 103431 -3.8802769035100937e-02</internalNodes>
      <leafValues>
        -1. 2.3523806594312191e-03</leafValues></_>
    <_>
      <internalNodes>
        0 -1 103431 -3.8840487599372864e-02</internalNodes>
      <leafValues>
        9.9076569080352783e-01 -2.3523762356489897e-03</leafValues></_>
    <_>
      <internalNodes>
        0 -1 103431 -3.8802769035100937e-02</internalNodes>
      <leafValues>
        -9.8881024122238159e-01 2.3523762356489897e-03</leafValues></_>
    <_>
      <internalNodes>
        0 -1 103431 -3.8840487599372864e-02</internalNodes>
      <leafValues>
        9.9062258005142212e-01 -2.3523762356489897e-03</leafValues></_>
    <_>
      <internalNodes>
        0 -1 103431 -3.8802769035100937e-02</internalNodes>
      <leafValues>
        -9.8885047435760498e-01 2.3523762356489897e-03</leafValues></_>
    <_>
      <internalNodes>
        0 -1 103431 -3.8840487599372864e-02</internalNodes>
      <leafValues>
        9.9058943986892700e-01 -2.3523762356489897e-03</leafValues></_>
    <_>
      <internalNodes>
        0 -1 103431 -3.8802769035100937e-02</internalNodes>
      <leafValues>
        -9.8888897895812988e-01 2.3523762356489897e-03</leafValues></_>
    <_>
      <internalNodes>
        0 -1 103431 -3.8840487599372864e-02</internalNodes>
      <leafValues>
        9.9055755138397217e-01 -2.3523762356489897e-03</leafValues></_>
    <_>
      <internalNodes>
        0 -1 103431 -3.8802769035100937e-02</internalNodes>
      <leafValues>
        -9.8892581462860107e-01 2.3523762356489897e-03</leafValues></_>
    <_>
      <internalNodes>
        0 -1 103431 -3.8840487599372864e-02</internalNodes>
      <leafValues>
        9.9050480127334595e-01 -2.3523762356489897e-03</leafValues></_>
    <_>
      <internalNodes>
        0 -1 103431 -3.8802769035100937e-02</internalNodes>
      <leafValues>
        -9.8896050453186035e-01 2.3523762356489897e-03</leafValues></_>
    <_>
      <internalNodes>
        0 -1 103431 -3.8840487599372864e-02</internalNodes>
      <leafValues>
        9.9047553539276123e-01 -2.3523762356489897e-03</leafValues></_>
    <_>
      <internalNodes>
        0 -1 103431 -3.8802769035100937e-02</internalNodes>
      <leafValues>
        -1. 2.3523762356489897e-03</leafValues></_>
    <_>
      <internalNodes>
        0 -1 103431 -3.8840487599372864e-02</internalNodes>
      <leafValues>
        9.9078261852264404e-01 -2.3523762356489897e-03</leafValues></_>
    <_>
      <internalNodes>
        0 -1 103431 -3.8802769035100937e-02</internalNodes>
      <leafValues>
        -9.8879009485244751e-01 2.3523762356489897e-03</leafValues></_>
    <_>
      <internalNodes>
        0 -1 103431 -3.8840487599372864e-02</internalNodes>
      <leafValues>
        9.9074596166610718e-01 -2.3523762356489897e-03</leafValues></_>
    <_>
      <internalNodes>
        0 -1 103431 -3.8802769035100937e-02</internalNodes>
      <leafValues>
        -9.8883360624313354e-01 2.3523762356489897e-03</leafValues></_>
    <_>
      <internalNodes>
        0 -1 103431 -3.8840487599372864e-02</internalNodes>
      <leafValues>
        9.9060338735580444e-01 -2.3523762356489897e-03</leafValues></_>
    <_>
      <internalNodes>
        0 -1 103431 -3.8802769035100937e-02</internalNodes>
      <leafValues>
        -9.8887282609939575e-01 2.3523762356489897e-03</leafValues></_></weakClassifiers></stage36>
</opencv_storage>
