<?xml version="1.0"?>
<opencv_storage>
<stage35>
  <maxWeakCount>100</maxWeakCount>
  <stageThreshold>-1.2557406425476074e+00</stageThreshold>
  <weakClassifiers>
    <_>
      <internalNodes>
        0 -1 94609 -1.0729463398456573e-01</internalNodes>
      <leafValues>
        4.9860724806785583e-01 6.1028772033751011e-03</leafValues></_>
    <_>
      <internalNodes>
        0 -1 94609 -1.0693091154098511e-01</internalNodes>
      <leafValues>
        -1. 5.8521330356597900e-04</leafValues></_>
    <_>
      <internalNodes>
        0 -1 94609 -1.0641901195049286e-01</internalNodes>
      <leafValues>
        1. -8.6730264592915773e-04</leafValues></_>
    <_>
      <internalNodes>
        0 -1 94609 -1.0549724102020264e-01</internalNodes>
      <leafValues>
        -9.8735278844833374e-01 1.4700957108289003e-03</leafValues></_>
    <_>
      <internalNodes>
        0 -1 94609 -1.0494613647460938e-01</internalNodes>
      <leafValues>
        1. -5.7937321253120899e-04</leafValues></_>
    <_>
      <internalNodes>
        0 -1 94609 -1.0488182306289673e-01</internalNodes>
      <leafValues>
        -1. 2.9385829111561179e-04</leafValues></_>
    <_>
      <internalNodes>
        0 -1 94609 -1.0470340400934219e-01</internalNodes>
      <leafValues>
        1. -8.7032199371606112e-04</leafValues></_>
    <_>
      <internalNodes>
        0 -1 94609 -1.0421017557382584e-01</internalNodes>
      <leafValues>
        -1. 8.8261230848729610e-04</leafValues></_>
    <_>
      <internalNodes>
        0 -1 94609 -1.0377943515777588e-01</internalNodes>
      <leafValues>
        1. -5.8105727657675743e-04</leafValues></_>
    <_>
      <internalNodes>
        0 -1 94609 -1.0300934314727783e-01</internalNodes>
      <leafValues>
        -1. 8.8417320512235165e-04</leafValues></_>
    <_>
      <internalNodes>
        0 -1 94609 -1.0276234894990921e-01</internalNodes>
      <leafValues>
        1. -8.7285402696579695e-04</leafValues></_>
    <_>
      <internalNodes>
        0 -1 94609 -1.0259533673524857e-01</internalNodes>
      <leafValues>
        -1. 2.9507206636480987e-04</leafValues></_>
    <_>
      <internalNodes>
        0 -1 94609 -1.0240797698497772e-01</internalNodes>
      <leafValues>
        1. -2.9129040194675326e-04</leafValues></_>
    <_>
      <internalNodes>
        0 -1 94609 -1.0232925415039062e-01</internalNodes>
      <leafValues>
        -1. 2.9524651472456753e-04</leafValues></_>
    <_>
      <internalNodes>
        0 -1 94609 -1.0210938751697540e-01</internalNodes>
      <leafValues>
        1. -5.8309035375714302e-04</leafValues></_>
    <_>
      <internalNodes>
        0 -1 94609 -1.0192200541496277e-01</internalNodes>
      <leafValues>
        -1. 8.8678678730502725e-04</leafValues></_>
    <_>
      <internalNodes>
        0 -1 94609 -1.0163441300392151e-01</internalNodes>
      <leafValues>
        1. -5.8377091772854328e-04</leafValues></_>
    <_>
      <internalNodes>
        0 -1 94609 -1.0156686604022980e-01</internalNodes>
      <leafValues>
        -1. 2.9594547231681645e-04</leafValues></_>
    <_>
      <internalNodes>
        0 -1 94609 -1.0150897502899170e-01</internalNodes>
      <leafValues>
        1. -2.9214139794930816e-04</leafValues></_>
    <_>
      <internalNodes>
        0 -1 94609 -9.9164701998233795e-02</internalNodes>
      <leafValues>
        -9.5802527666091919e-01 2.9914518818259239e-03</leafValues></_>
    <_>
      <internalNodes>
        0 -1 94609 -9.8982475697994232e-02</internalNodes>
      <leafValues>
        1. -1.1730116093531251e-03</leafValues></_>
    <_>
      <internalNodes>
        0 -1 94609 -9.8931297659873962e-02</internalNodes>
      <leafValues>
        -1. 2.9859604546800256e-04</leafValues></_>
    <_>
      <internalNodes>
        0 -1 94609 -9.8706334829330444e-02</internalNodes>
      <leafValues>
        1. -5.8754405472427607e-04</leafValues></_>
    <_>
      <internalNodes>
        0 -1 94609 -9.8581179976463318e-02</internalNodes>
      <leafValues>
        -1. 2.9877494671382010e-04</leafValues></_>
    <_>
      <internalNodes>
        0 -1 94609 -9.8236784338951111e-02</internalNodes>
      <leafValues>
        1. -5.8823527069762349e-04</leafValues></_>
    <_>
      <internalNodes>
        0 -1 94609 -9.7705043852329254e-02</internalNodes>
      <leafValues>
        -1. 8.9739746181294322e-04</leafValues></_>
    <_>
      <internalNodes>
        0 -1 94609 -9.7150526940822601e-02</internalNodes>
      <leafValues>
        1. -2.0642876625061035e-03</leafValues></_>
    <_>
      <internalNodes>
        0 -1 94609 -9.7016856074333191e-02</internalNodes>
      <leafValues>
        -1. 5.9915822930634022e-04</leafValues></_>
    <_>
      <internalNodes>
        0 -1 94609 -9.6968337893486023e-02</internalNodes>
      <leafValues>
        1. -2.9559555696323514e-04</leafValues></_>
    <_>
      <internalNodes>
        0 -1 94609 -9.6714615821838379e-02</internalNodes>
      <leafValues>
        -1. 5.9988000430166721e-04</leafValues></_>
    <_>
      <internalNodes>
        0 -1 94609 -9.6643052995204926e-02</internalNodes>
      <leafValues>
        1. -2.9577041277661920e-04</leafValues></_>
    <_>
      <internalNodes>
        0 -1 94609 -9.6539884805679321e-02</internalNodes>
      <leafValues>
        -1. 6.0060061514377594e-04</leafValues></_>
    <_>
      <internalNodes>
        0 -1 94576 -8.5959486663341522e-02</internalNodes>
      <leafValues>
        9.3894553184509277e-01 -8.9661823585629463e-03</leafValues></_>
    <_>
      <internalNodes>
        0 -1 146165 -3.6082980223000050e-03</internalNodes>
      <leafValues>
        3.5626932978630066e-01 -5.2823096513748169e-02</leafValues></_>
    <_>
      <internalNodes>
        0 -1 131902 1.9252862781286240e-02</internalNodes>
      <leafValues>
        -3.9427570998668671e-02 3.9363288879394531e-01</leafValues></_>
    <_>
      <internalNodes>
        0 -1 125048 -2.9956968501210213e-04</internalNodes>
      <leafValues>
        -2.0923082530498505e-01 6.4305782318115234e-02</leafValues></_>
    <_>
      <internalNodes>
        0 -1 94576 -8.5830494761466980e-02</internalNodes>
      <leafValues>
        -7.7147573232650757e-01 2.5462528690695763e-02</leafValues></_>
    <_>
      <internalNodes>
        0 -1 94576 -8.5472524166107178e-02</internalNodes>
      <leafValues>
        7.1367526054382324e-01 -2.9503809288144112e-02</leafValues></_>
    <_>
      <internalNodes>
        0 -1 125048 7.3977949796244502e-05</internalNodes>
      <leafValues>
        8.4283962845802307e-02 -1.4928631484508514e-01</leafValues></_>
    <_>
      <internalNodes>
        0 -1 94576 -8.4952928125858307e-02</internalNodes>
      <leafValues>
        -6.0143893957138062e-01 2.2815098986029625e-02</leafValues></_>
    <_>
      <internalNodes>
        0 -1 94609 -9.6885576844215393e-02</internalNodes>
      <leafValues>
        6.8739253282546997e-01 -2.9315888881683350e-02</leafValues></_>
    <_>
      <internalNodes>
        0 -1 94609 -9.6714615821838379e-02</internalNodes>
      <leafValues>
        -5.9467983245849609e-01 3.3024333417415619e-02</leafValues></_>
    <_>
      <internalNodes>
        0 -1 94576 -8.4150418639183044e-02</internalNodes>
      <leafValues>
        4.8531913757324219e-01 -3.7723973393440247e-02</leafValues></_>
    <_>
      <internalNodes>
        0 -1 109971 1.5049207722768188e-03</internalNodes>
      <leafValues>
        -1.0014145076274872e-01 1.2247738987207413e-01</leafValues></_>
    <_>
      <internalNodes>
        0 -1 150098 1.7940085381269455e-03</internalNodes>
      <leafValues>
        -6.6014200448989868e-02 1.8641129136085510e-01</leafValues></_>
    <_>
      <internalNodes>
        0 -1 49064 -8.7887607514858246e-03</internalNodes>
      <leafValues>
        9.3453504145145416e-02 -1.1796762049198151e-01</leafValues></_>
    <_>
      <internalNodes>
        0 -1 97336 6.3026353716850281e-02</internalNodes>
      <leafValues>
        -2.2429607808589935e-02 3.2095608115196228e-01</leafValues></_>
    <_>
      <internalNodes>
        0 -1 88365 1.4136146754026413e-02</internalNodes>
      <leafValues>
        -2.0888272672891617e-02 6.5380668640136719e-01</leafValues></_>
    <_>
      <internalNodes>
        0 -1 60440 -1.9402953330427408e-03</internalNodes>
      <leafValues>
        5.3348731994628906e-01 -1.6517143696546555e-02</leafValues></_>
    <_>
      <internalNodes>
        0 -1 26808 1.3288797345012426e-04</internalNodes>
      <leafValues>
        7.7588915824890137e-02 -1.4927057921886444e-01</leafValues></_>
    <_>
      <internalNodes>
        0 -1 116313 6.7678205668926239e-03</internalNodes>
      <leafValues>
        -2.6656500995159149e-02 3.5869526863098145e-01</leafValues></_>
    <_>
      <internalNodes>
        0 -1 75456 -4.5298092067241669e-02</internalNodes>
      <leafValues>
        4.1018906235694885e-01 -2.9514893889427185e-02</leafValues></_>
    <_>
      <internalNodes>
        0 -1 161682 -6.9276709109544754e-04</internalNodes>
      <leafValues>
        1.1788861453533173e-01 -8.7883003056049347e-02</leafValues></_>
    <_>
      <internalNodes>
        0 -1 112207 -2.7262588264420629e-04</internalNodes>
      <leafValues>
        -1.1887961626052856e-01 9.2153392732143402e-02</leafValues></_>
    <_>
      <internalNodes>
        0 -1 85599 -7.9424217343330383e-02</internalNodes>
      <leafValues>
        2.9423037171363831e-01 -3.4645747393369675e-02</leafValues></_>
    <_>
      <internalNodes>
        0 -1 49398 -2.5861987523967400e-05</internalNodes>
      <leafValues>
        8.6811237037181854e-02 -1.2328928709030151e-01</leafValues></_>
    <_>
      <internalNodes>
        0 -1 49398 -9.0713752433657646e-04</internalNodes>
      <leafValues>
        -1.9030687212944031e-01 6.3351653516292572e-02</leafValues></_>
    <_>
      <internalNodes>
        0 -1 138151 4.9335910007357597e-03</internalNodes>
      <leafValues>
        -4.7555480152368546e-02 3.0497142672538757e-01</leafValues></_>
    <_>
      <internalNodes>
        0 -1 161003 1.5414096415042877e-02</internalNodes>
      <leafValues>
        -1.4119002968072891e-02 5.4336637258529663e-01</leafValues></_>
    <_>
      <internalNodes>
        0 -1 119366 -4.2971712537109852e-04</internalNodes>
      <leafValues>
        9.9183276295661926e-02 -1.0644908994436264e-01</leafValues></_>
    <_>
      <internalNodes>
        0 -1 126624 -1.3038460747338831e-04</internalNodes>
      <leafValues>
        -1.4436167478561401e-01 8.3754114806652069e-02</leafValues></_>
    <_>
      <internalNodes>
        0 -1 79682 -2.1799178794026375e-03</internalNodes>
      <leafValues>
        2.1111713349819183e-01 -5.4736785590648651e-02</leafValues></_>
    <_>
      <internalNodes>
        0 -1 36260 -2.0116143859922886e-03</internalNodes>
      <leafValues>
        2.1592280268669128e-01 -4.5661870390176773e-02</leafValues></_>
    <_>
      <internalNodes>
        0 -1 42262 -2.6734534912975505e-05</internalNodes>
      <leafValues>
        9.8495803773403168e-02 -1.0727132856845856e-01</leafValues></_>
    <_>
      <internalNodes>
        0 -1 3999 -1.5317709743976593e-01</internalNodes>
      <leafValues>
        -7.4421942234039307e-01 1.0494476184248924e-02</leafValues></_>
    <_>
      <internalNodes>
        0 -1 76952 -6.0600690543651581e-02</internalNodes>
      <leafValues>
        -6.9237232208251953e-01 1.6669837757945061e-02</leafValues></_>
    <_>
      <internalNodes>
        0 -1 4892 1.1433695256710052e-01</internalNodes>
      <leafValues>
        1.4630925841629505e-02 -7.0255190134048462e-01</leafValues></_>
    <_>
      <internalNodes>
        0 -1 44344 9.4648421509191394e-04</internalNodes>
      <leafValues>
        -3.9707913994789124e-02 2.6155307888984680e-01</leafValues></_>
    <_>
      <internalNodes>
        0 -1 10131 2.5006544310599566e-03</internalNodes>
      <leafValues>
        3.7773415446281433e-02 -2.8940325975418091e-01</leafValues></_>
    <_>
      <internalNodes>
        0 -1 106443 -4.2251343256793916e-04</internalNodes>
      <leafValues>
        -1.9998584687709808e-01 5.3364235907793045e-02</leafValues></_>
    <_>
      <internalNodes>
        0 -1 11488 1.4540333067998290e-03</internalNodes>
      <leafValues>
        -3.4026067703962326e-02 3.9474985003471375e-01</leafValues></_>
    <_>
      <internalNodes>
        0 -1 144686 6.0217738151550293e-02</internalNodes>
      <leafValues>
        -2.6411578059196472e-02 3.3636257052421570e-01</leafValues></_>
    <_>
      <internalNodes>
        0 -1 137160 4.2220749892294407e-03</internalNodes>
      <leafValues>
        6.0466188937425613e-02 -1.8124260008335114e-01</leafValues></_>
    <_>
      <internalNodes>
        0 -1 88236 -1.8776897923089564e-04</internalNodes>
      <leafValues>
        -1.3447290658950806e-01 7.9612210392951965e-02</leafValues></_>
    <_>
      <internalNodes>
        0 -1 151885 2.5405293854419142e-05</internalNodes>
      <leafValues>
        -8.8844336569309235e-02 1.1744704097509384e-01</leafValues></_>
    <_>
      <internalNodes>
        0 -1 89462 4.3075522989965975e-04</internalNodes>
      <leafValues>
        -7.9609856009483337e-02 1.3145121932029724e-01</leafValues></_>
    <_>
      <internalNodes>
        0 -1 68851 -1.3855590950697660e-03</internalNodes>
      <leafValues>
        1.1996152997016907e-01 -8.9745700359344482e-02</leafValues></_>
    <_>
      <internalNodes>
        0 -1 68883 2.7382620610296726e-03</internalNodes>
      <leafValues>
        -7.6332211494445801e-02 1.5280978381633759e-01</leafValues></_>
    <_>
      <internalNodes>
        0 -1 154515 3.1040022149682045e-03</internalNodes>
      <leafValues>
        4.7081679105758667e-02 -2.4167929589748383e-01</leafValues></_>
    <_>
      <internalNodes>
        0 -1 157161 1.4215852133929729e-03</internalNodes>
      <leafValues>
        5.3418483585119247e-02 -2.5292456150054932e-01</leafValues></_>
    <_>
      <internalNodes>
        0 -1 159017 -3.2285428605973721e-03</internalNodes>
      <leafValues>
        2.7887830138206482e-01 -3.9727617055177689e-02</leafValues></_>
    <_>
      <internalNodes>
        0 -1 69855 4.1731426608748734e-04</internalNodes>
      <leafValues>
        -1.1320569366216660e-01 9.4806812703609467e-02</leafValues></_>
    <_>
      <internalNodes>
        0 -1 22597 -2.1734167635440826e-01</internalNodes>
      <leafValues>
        -4.5583343505859375e-01 2.4987060576677322e-02</leafValues></_>
    <_>
      <internalNodes>
        0 -1 69910 -6.6255956888198853e-02</internalNodes>
      <leafValues>
        -6.1478990316390991e-01 1.7078323289752007e-02</leafValues></_>
    <_>
      <internalNodes>
        0 -1 114444 -1.5657255426049232e-03</internalNodes>
      <leafValues>
        -2.2249586880207062e-01 4.7830812633037567e-02</leafValues></_>
    <_>
      <internalNodes>
        0 -1 159429 2.6278976292815059e-05</internalNodes>
      <leafValues>
        -1.2293682247400284e-01 9.0994715690612793e-02</leafValues></_>
    <_>
      <internalNodes>
        0 -1 126228 -1.1108648777008057e-01</internalNodes>
      <leafValues>
        -8.0389195680618286e-01 1.6555828973650932e-02</leafValues></_>
    <_>
      <internalNodes>
        0 -1 153052 5.3346738219261169e-02</internalNodes>
      <leafValues>
        1.0230892337858677e-02 -8.4248203039169312e-01</leafValues></_>
    <_>
      <internalNodes>
        0 -1 97097 -1.3833002594765276e-04</internalNodes>
      <leafValues>
        -1.7184701561927795e-01 5.9619128704071045e-02</leafValues></_>
    <_>
      <internalNodes>
        0 -1 159105 -4.3744884897023439e-04</internalNodes>
      <leafValues>
        1.4932726323604584e-01 -7.0711314678192139e-02</leafValues></_>
    <_>
      <internalNodes>
        0 -1 29655 1.5601734630763531e-03</internalNodes>
      <leafValues>
        -7.5018927454948425e-02 1.4206168055534363e-01</leafValues></_>
    <_>
      <internalNodes>
        0 -1 18952 1.7347764223814011e-02</internalNodes>
      <leafValues>
        -5.3194098174571991e-02 2.1777814626693726e-01</leafValues></_>
    <_>
      <internalNodes>
        0 -1 8240 -5.7408800348639488e-03</internalNodes>
      <leafValues>
        -2.2969414293766022e-01 4.7392640262842178e-02</leafValues></_>
    <_>
      <internalNodes>
        0 -1 161742 1.1806944385170937e-03</internalNodes>
      <leafValues>
        3.7937022745609283e-02 -2.8647628426551819e-01</leafValues></_>
    <_>
      <internalNodes>
        0 -1 7427 8.8268909603357315e-03</internalNodes>
      <leafValues>
        -2.1173564717173576e-02 5.5467808246612549e-01</leafValues></_>
    <_>
      <internalNodes>
        0 -1 150682 3.8764937780797482e-03</internalNodes>
      <leafValues>
        -4.9491565674543381e-02 2.1452191472053528e-01</leafValues></_>
    <_>
      <internalNodes>
        0 -1 42182 1.2346211075782776e-01</internalNodes>
      <leafValues>
        1.2391735799610615e-02 -9.3996202945709229e-01</leafValues></_>
    <_>
      <internalNodes>
        0 -1 35443 9.0930908918380737e-03</internalNodes>
      <leafValues>
        1.4223921112716198e-02 -6.0825735330581665e-01</leafValues></_>
    <_>
      <internalNodes>
        0 -1 60465 -5.8151744306087494e-03</internalNodes>
      <leafValues>
        2.3502273857593536e-01 -4.9372088164091110e-02</leafValues></_>
    <_>
      <internalNodes>
        0 -1 123384 -2.2990629076957703e-04</internalNodes>
      <leafValues>
        -1.7532710731029510e-01 6.4893484115600586e-02</leafValues></_></weakClassifiers></stage35>
</opencv_storage>
