<?xml version="1.0"?>
<opencv_storage>
<stage30>
  <maxWeakCount>100</maxWeakCount>
  <stageThreshold>-1.0372303426265717e-01</stageThreshold>
  <weakClassifiers>
    <_>
      <internalNodes>
        0 -1 114848 9.9468342959880829e-03</internalNodes>
      <leafValues>
        -5.4098360240459442e-02 2.4411764740943909e-01</leafValues></_>
    <_>
      <internalNodes>
        0 -1 67489 1.3358061015605927e-01</internalNodes>
      <leafValues>
        -3.1788591295480728e-02 5.5629986524581909e-01</leafValues></_>
    <_>
      <internalNodes>
        0 -1 67489 1.3207519054412842e-01</internalNodes>
      <leafValues>
        1.9089480629190803e-03 -1.</leafValues></_>
    <_>
      <internalNodes>
        0 -1 67489 1.2610825896263123e-01</internalNodes>
      <leafValues>
        -3.6172415129840374e-03 9.1510212421417236e-01</leafValues></_>
    <_>
      <internalNodes>
        0 -1 67489 1.2574246525764465e-01</internalNodes>
      <leafValues>
        3.5178990219719708e-04 -1.</leafValues></_>
    <_>
      <internalNodes>
        0 -1 67489 1.2459217011928558e-01</internalNodes>
      <leafValues>
        -8.5345585830509663e-04 9.7079211473464966e-01</leafValues></_>
    <_>
      <internalNodes>
        0 -1 67489 1.2416779249906540e-01</internalNodes>
      <leafValues>
        1.1367639526724815e-03 -1.</leafValues></_>
    <_>
      <internalNodes>
        0 -1 67489 1.2391047924757004e-01</internalNodes>
      <leafValues>
        -3.1159949139691889e-04 9.7252076864242554e-01</leafValues></_>
    <_>
      <internalNodes>
        0 -1 67489 1.2361677736043930e-01</internalNodes>
      <leafValues>
        2.6184431044384837e-04 -1.</leafValues></_>
    <_>
      <internalNodes>
        0 -1 67489 1.2330428510904312e-01</internalNodes>
      <leafValues>
        -5.4331531282514334e-04 9.9341529607772827e-01</leafValues></_>
    <_>
      <internalNodes>
        0 -1 67489 1.2084707617759705e-01</internalNodes>
      <leafValues>
        2.3566223680973053e-03 -9.6383017301559448e-01</leafValues></_>
    <_>
      <internalNodes>
        0 -1 67489 1.1982772499322891e-01</internalNodes>
      <leafValues>
        -1.0895861778408289e-03 9.7323298454284668e-01</leafValues></_>
    <_>
      <internalNodes>
        0 -1 67489 1.1973045021295547e-01</internalNodes>
      <leafValues>
        3.5509414738044143e-04 -9.7970116138458252e-01</leafValues></_>
    <_>
      <internalNodes>
        0 -1 67489 1.1908489465713501e-01</internalNodes>
      <leafValues>
        -4.6488098450936377e-04 9.7370117902755737e-01</leafValues></_>
    <_>
      <internalNodes>
        0 -1 67489 1.1838734894990921e-01</internalNodes>
      <leafValues>
        6.1922776512801647e-04 -9.7986793518066406e-01</leafValues></_>
    <_>
      <internalNodes>
        0 -1 67489 1.1717332154512405e-01</internalNodes>
      <leafValues>
        -9.8107103258371353e-04 9.6901196241378784e-01</leafValues></_>
    <_>
      <internalNodes>
        0 -1 67489 1.1707451194524765e-01</internalNodes>
      <leafValues>
        3.5597512032836676e-04 -9.6560323238372803e-01</leafValues></_>
    <_>
      <internalNodes>
        0 -1 67489 1.1531890928745270e-01</internalNodes>
      <leafValues>
        -1.2176170712336898e-03 9.6368390321731567e-01</leafValues></_>
    <_>
      <internalNodes>
        0 -1 67489 1.1511297523975372e-01</internalNodes>
      <leafValues>
        3.5641691647469997e-04 -9.6656733751296997e-01</leafValues></_>
    <_>
      <internalNodes>
        0 -1 67489 1.1434207856655121e-01</internalNodes>
      <leafValues>
        -5.4918380919843912e-04 9.6408855915069580e-01</leafValues></_>
    <_>
      <internalNodes>
        0 -1 67489 1.1425916850566864e-01</internalNodes>
      <leafValues>
        2.6467634597793221e-04 -9.6667051315307617e-01</leafValues></_>
    <_>
      <internalNodes>
        0 -1 67489 1.1417613923549652e-01</internalNodes>
      <leafValues>
        -2.3413216695189476e-04 9.8310446739196777e-01</leafValues></_>
    <_>
      <internalNodes>
        0 -1 67489 1.1397768557071686e-01</internalNodes>
      <leafValues>
        5.2977341692894697e-04 -9.8163777589797974e-01</leafValues></_>
    <_>
      <internalNodes>
        0 -1 67489 1.1380335688591003e-01</internalNodes>
      <leafValues>
        -3.1565551762469113e-04 9.6428030729293823e-01</leafValues></_>
    <_>
      <internalNodes>
        0 -1 67489 1.1365504562854767e-01</internalNodes>
      <leafValues>
        3.5723909968510270e-04 -9.6746581792831421e-01</leafValues></_>
    <_>
      <internalNodes>
        0 -1 67489 1.1353752017021179e-01</internalNodes>
      <leafValues>
        -3.1585493707098067e-04 9.8326760530471802e-01</leafValues></_>
    <_>
      <internalNodes>
        0 -1 67489 1.1337673664093018e-01</internalNodes>
      <leafValues>
        3.5749454400502145e-04 -9.8196101188659668e-01</leafValues></_>
    <_>
      <internalNodes>
        0 -1 67489 1.1317992955446243e-01</internalNodes>
      <leafValues>
        -2.3453796165995300e-04 9.8326313495635986e-01</leafValues></_>
    <_>
      <internalNodes>
        0 -1 67489 1.1306786537170410e-01</internalNodes>
      <leafValues>
        2.6547670131549239e-04 -9.8214298486709595e-01</leafValues></_>
    <_>
      <internalNodes>
        0 -1 67489 1.1279118061065674e-01</internalNodes>
      <leafValues>
        -5.5099942255765200e-04 9.6463930606842041e-01</leafValues></_>
    <_>
      <internalNodes>
        0 -1 67489 1.1268319934606552e-01</internalNodes>
      <leafValues>
        2.6561768027022481e-04 -9.6825325489044189e-01</leafValues></_>
    <_>
      <internalNodes>
        0 -1 67489 1.1250849813222885e-01</internalNodes>
      <leafValues>
        -2.3490682360716164e-04 9.8347419500350952e-01</leafValues></_>
    <_>
      <internalNodes>
        0 -1 67489 1.1224961280822754e-01</internalNodes>
      <leafValues>
        2.6575892115943134e-04 -9.8233056068420410e-01</leafValues></_>
    <_>
      <internalNodes>
        0 -1 67489 1.1171855032444000e-01</internalNodes>
      <leafValues>
        -5.5186665849760175e-04 9.8348790407180786e-01</leafValues></_>
    <_>
      <internalNodes>
        0 -1 67489 1.1086222529411316e-01</internalNodes>
      <leafValues>
        6.2441197223961353e-04 -9.8267287015914917e-01</leafValues></_>
    <_>
      <internalNodes>
        0 -1 67489 1.0934036970138550e-01</internalNodes>
      <leafValues>
        -9.4177201390266418e-04 9.8357433080673218e-01</leafValues></_>
    <_>
      <internalNodes>
        0 -1 67489 1.0897703468799591e-01</internalNodes>
      <leafValues>
        7.9912302317097783e-04 -9.8307365179061890e-01</leafValues></_>
    <_>
      <internalNodes>
        0 -1 67489 1.0883033275604248e-01</internalNodes>
      <leafValues>
        -2.3572034842800349e-04 9.8340666294097900e-01</leafValues></_>
    <_>
      <internalNodes>
        0 -1 67489 1.0852649807929993e-01</internalNodes>
      <leafValues>
        6.2619341770187020e-04 -9.8336327075958252e-01</leafValues></_>
    <_>
      <internalNodes>
        0 -1 67489 1.0806939005851746e-01</internalNodes>
      <leafValues>
        -3.1779805431142449e-04 9.6549284458160400e-01</leafValues></_>
    <_>
      <internalNodes>
        0 -1 67489 1.0782081633806229e-01</internalNodes>
      <leafValues>
        3.5979360109195113e-04 -9.7044426202774048e-01</leafValues></_>
    <_>
      <internalNodes>
        0 -1 67489 1.0768724977970123e-01</internalNodes>
      <leafValues>
        -3.1800023862160742e-04 9.8392575979232788e-01</leafValues></_>
    <_>
      <internalNodes>
        0 -1 67489 1.0752372443675995e-01</internalNodes>
      <leafValues>
        2.6718506705947220e-04 -9.7141742706298828e-01</leafValues></_>
    <_>
      <internalNodes>
        0 -1 67489 1.0747173428535461e-01</internalNodes>
      <leafValues>
        -2.3613183293491602e-04 9.6385312080383301e-01</leafValues></_>
    <_>
      <internalNodes>
        0 -1 67489 1.0712981969118118e-01</internalNodes>
      <leafValues>
        3.6024520522914827e-04 -9.7125679254531860e-01</leafValues></_>
    <_>
      <internalNodes>
        0 -1 67489 1.0673964023590088e-01</internalNodes>
      <leafValues>
        -3.1835297704674304e-04 9.6576946973800659e-01</leafValues></_>
    <_>
      <internalNodes>
        0 -1 67489 1.0649150609970093e-01</internalNodes>
      <leafValues>
        5.3518445929512382e-04 -9.7134035825729370e-01</leafValues></_>
    <_>
      <internalNodes>
        0 -1 67489 1.0605917870998383e-01</internalNodes>
      <leafValues>
        -8.7400997290387750e-04 9.8415577411651611e-01</leafValues></_>
    <_>
      <internalNodes>
        0 -1 67489 1.0551753640174866e-01</internalNodes>
      <leafValues>
        6.2889151740819216e-04 -9.7249007225036621e-01</leafValues></_>
    <_>
      <internalNodes>
        0 -1 67489 1.0522371530532837e-01</internalNodes>
      <leafValues>
        -3.1911322730593383e-04 9.6455967426300049e-01</leafValues></_>
    <_>
      <internalNodes>
        0 -1 67489 1.0485339164733887e-01</internalNodes>
      <leafValues>
        2.6814435841515660e-04 -9.7224181890487671e-01</leafValues></_>
    <_>
      <internalNodes>
        0 -1 67489 1.0473227500915527e-01</internalNodes>
      <leafValues>
        -3.1931709963828325e-04 9.8405516147613525e-01</leafValues></_>
    <_>
      <internalNodes>
        0 -1 67489 1.0471025109291077e-01</internalNodes>
      <leafValues>
        2.6828824775293469e-04 -9.8444575071334839e-01</leafValues></_>
    <_>
      <internalNodes>
        0 -1 67489 1.0425326973199844e-01</internalNodes>
      <leafValues>
        -4.7433291911147535e-04 9.8413771390914917e-01</leafValues></_>
    <_>
      <internalNodes>
        0 -1 67489 1.0402767360210419e-01</internalNodes>
      <leafValues>
        7.2372891008853912e-04 -9.8470640182495117e-01</leafValues></_>
    <_>
      <internalNodes>
        0 -1 67489 1.0391926765441895e-01</internalNodes>
      <leafValues>
        -3.1982440850697458e-04 9.8423713445663452e-01</leafValues></_>
    <_>
      <internalNodes>
        0 -1 67489 1.0373928397893906e-01</internalNodes>
      <leafValues>
        7.2477804496884346e-04 -9.8495352268218994e-01</leafValues></_>
    <_>
      <internalNodes>
        0 -1 67489 1.0371620953083038e-01</internalNodes>
      <leafValues>
        -2.3748709645587951e-04 9.8429393768310547e-01</leafValues></_>
    <_>
      <internalNodes>
        0 -1 67489 1.0367682576179504e-01</internalNodes>
      <leafValues>
        2.6921127573587000e-04 -9.8502874374389648e-01</leafValues></_>
    <_>
      <internalNodes>
        0 -1 67489 1.0314787179231644e-01</internalNodes>
      <leafValues>
        -6.4056774135679007e-04 9.8440849781036377e-01</leafValues></_>
    <_>
      <internalNodes>
        0 -1 67489 1.0267029702663422e-01</internalNodes>
      <leafValues>
        1.5359009848907590e-03 -9.8552983999252319e-01</leafValues></_>
    <_>
      <internalNodes>
        0 -1 67489 1.0114231705665588e-01</internalNodes>
      <leafValues>
        -1.7808511620387435e-03 9.7530281543731689e-01</leafValues></_>
    <_>
      <internalNodes>
        0 -1 67489 1.0087664425373077e-01</internalNodes>
      <leafValues>
        2.7047563344240189e-04 -9.7536474466323853e-01</leafValues></_>
    <_>
      <internalNodes>
        0 -1 67489 9.8593726754188538e-02</internalNodes>
      <leafValues>
        -2.4705098476260900e-03 9.6047610044479370e-01</leafValues></_>
    <_>
      <internalNodes>
        0 -1 67489 9.4837985932826996e-02</internalNodes>
      <leafValues>
        4.7627608291804790e-03 -9.4608056545257568e-01</leafValues></_>
    <_>
      <internalNodes>
        0 -1 67489 9.4416067004203796e-02</internalNodes>
      <leafValues>
        -8.0736086238175631e-04 9.4112181663513184e-01</leafValues></_>
    <_>
      <internalNodes>
        0 -1 67489 9.4219684600830078e-02</internalNodes>
      <leafValues>
        2.7419812977313995e-04 -9.4583016633987427e-01</leafValues></_>
    <_>
      <internalNodes>
        0 -1 67489 9.4015628099441528e-02</internalNodes>
      <leafValues>
        -3.2537055085413158e-04 9.4255244731903076e-01</leafValues></_>
    <_>
      <internalNodes>
        0 -1 67489 9.3727208673954010e-02</internalNodes>
      <leafValues>
        5.4884806741029024e-04 -9.4602531194686890e-01</leafValues></_>
    <_>
      <internalNodes>
        0 -1 67489 9.3152180314064026e-02</internalNodes>
      <leafValues>
        -1.3774960534647107e-03 9.4496321678161621e-01</leafValues></_>
    <_>
      <internalNodes>
        0 -1 67489 9.2858567833900452e-02</internalNodes>
      <leafValues>
        2.7464929735288024e-04 -9.4618105888366699e-01</leafValues></_>
    <_>
      <internalNodes>
        0 -1 67489 9.2712558805942535e-02</internalNodes>
      <leafValues>
        -3.2648092019371688e-04 9.4524121284484863e-01</leafValues></_>
    <_>
      <internalNodes>
        0 -1 67489 9.2586278915405273e-02</internalNodes>
      <leafValues>
        7.4090814450755715e-04 -9.4679212570190430e-01</leafValues></_>
    <_>
      <internalNodes>
        0 -1 67489 9.2460110783576965e-02</internalNodes>
      <leafValues>
        -2.4243265215773135e-04 9.6143281459808350e-01</leafValues></_>
    <_>
      <internalNodes>
        0 -1 67489 9.2238456010818481e-02</internalNodes>
      <leafValues>
        6.4627919346094131e-04 -9.5707768201828003e-01</leafValues></_>
    <_>
      <internalNodes>
        0 -1 67489 9.1956883668899536e-02</internalNodes>
      <leafValues>
        -5.6956167099997401e-04 9.4408679008483887e-01</leafValues></_>
    <_>
      <internalNodes>
        0 -1 67489 9.1874420642852783e-02</internalNodes>
      <leafValues>
        2.7556472923606634e-04 -9.4780737161636353e-01</leafValues></_>
    <_>
      <internalNodes>
        0 -1 67489 9.1757714748382568e-02</internalNodes>
      <leafValues>
        -5.7021126849576831e-04 9.4627189636230469e-01</leafValues></_>
    <_>
      <internalNodes>
        0 -1 67489 9.1737523674964905e-02</internalNodes>
      <leafValues>
        2.7571668033488095e-04 -9.4790142774581909e-01</leafValues></_>
    <_>
      <internalNodes>
        0 -1 67489 8.9656166732311249e-02</internalNodes>
      <leafValues>
        -2.1066833287477493e-03 9.4854426383972168e-01</leafValues></_>
    <_>
      <internalNodes>
        0 -1 67489 8.9501708745956421e-02</internalNodes>
      <leafValues>
        3.7244072882458568e-04 -9.5033848285675049e-01</leafValues></_>
    <_>
      <internalNodes>
        0 -1 67489 8.8931873440742493e-02</internalNodes>
      <leafValues>
        -1.3522660592570901e-03 9.4393020868301392e-01</leafValues></_>
    <_>
      <internalNodes>
        0 -1 67489 8.8856242597103119e-02</internalNodes>
      <leafValues>
        3.7299870746210217e-04 -9.5079857110977173e-01</leafValues></_>
    <_>
      <internalNodes>
        0 -1 67489 8.8759362697601318e-02</internalNodes>
      <leafValues>
        -3.3073074882850051e-04 9.4582432508468628e-01</leafValues></_>
    <_>
      <internalNodes>
        0 -1 67489 8.8314443826675415e-02</internalNodes>
      <leafValues>
        5.5414997041225433e-04 -9.5076203346252441e-01</leafValues></_>
    <_>
      <internalNodes>
        0 -1 67489 8.7212443351745605e-02</internalNodes>
      <leafValues>
        -9.9350651726126671e-04 9.4682955741882324e-01</leafValues></_>
    <_>
      <internalNodes>
        0 -1 67489 8.4100008010864258e-02</internalNodes>
      <leafValues>
        4.1171791963279247e-03 -9.2791420221328735e-01</leafValues></_>
    <_>
      <internalNodes>
        0 -1 67489 8.3859667181968689e-02</internalNodes>
      <leafValues>
        -9.1147731291130185e-04 9.2794525623321533e-01</leafValues></_>
    <_>
      <internalNodes>
        0 -1 67489 8.3558320999145508e-02</internalNodes>
      <leafValues>
        9.3826634110882878e-04 -9.2889398336410522e-01</leafValues></_>
    <_>
      <internalNodes>
        0 -1 67489 8.1987217068672180e-02</internalNodes>
      <leafValues>
        -1.6558177303522825e-03 9.2936664819717407e-01</leafValues></_>
    <_>
      <internalNodes>
        0 -1 67489 8.1827953457832336e-02</internalNodes>
      <leafValues>
        2.8063316131010652e-04 -9.2924451828002930e-01</leafValues></_>
    <_>
      <internalNodes>
        0 -1 67489 8.1552013754844666e-02</internalNodes>
      <leafValues>
        -5.8188528055325150e-04 9.2779320478439331e-01</leafValues></_>
    <_>
      <internalNodes>
        0 -1 67489 8.1485770642757416e-02</internalNodes>
      <leafValues>
        3.7839121068827808e-04 -9.2942899465560913e-01</leafValues></_>
    <_>
      <internalNodes>
        0 -1 67489 8.1278666853904724e-02</internalNodes>
      <leafValues>
        -5.8256322517991066e-04 9.2966353893280029e-01</leafValues></_>
    <_>
      <internalNodes>
        0 -1 67489 8.1132709980010986e-02</internalNodes>
      <leafValues>
        3.7867776700295508e-04 -9.2983931303024292e-01</leafValues></_>
    <_>
      <internalNodes>
        0 -1 67489 8.0574855208396912e-02</internalNodes>
      <leafValues>
        -1.2214326998218894e-03 9.2634439468383789e-01</leafValues></_>
    <_>
      <internalNodes>
        0 -1 67489 8.0287992954254150e-02</internalNodes>
      <leafValues>
        9.4251526752486825e-04 -9.3098294734954834e-01</leafValues></_>
    <_>
      <internalNodes>
        0 -1 67489 8.0172687768936157e-02</internalNodes>
      <leafValues>
        -2.4912203662097454e-04 9.4374501705169678e-01</leafValues></_>
    <_>
      <internalNodes>
        0 -1 67489 7.9905435442924500e-02</internalNodes>
      <leafValues>
        5.6397338630631566e-04 -9.3969744443893433e-01</leafValues></_>
    <_>
      <internalNodes>
        0 -1 67489 7.9803615808486938e-02</internalNodes>
      <leafValues>
        -3.3587694633752108e-04 9.4170290231704712e-01</leafValues></_></weakClassifiers></stage30>
</opencv_storage>
