<?xml version="1.0"?>
<opencv_storage>
<stage3>
  <maxWeakCount>40</maxWeakCount>
  <stageThreshold>-1.2935080528259277e+00</stageThreshold>
  <weakClassifiers>
    <_>
      <internalNodes>
        0 -1 40213 8.2336410880088806e-02</internalNodes>
      <leafValues>
        -1.5809968113899231e-01 4.9188312888145447e-01</leafValues></_>
    <_>
      <internalNodes>
        0 -1 159173 8.8967196643352509e-03</internalNodes>
      <leafValues>
        -2.0784358680248260e-01 3.5904818773269653e-01</leafValues></_>
    <_>
      <internalNodes>
        0 -1 7665 -5.4359517991542816e-02</internalNodes>
      <leafValues>
        3.7846839427947998e-01 -1.2947423756122589e-01</leafValues></_>
    <_>
      <internalNodes>
        0 -1 96323 6.3074722886085510e-02</internalNodes>
      <leafValues>
        -9.5823526382446289e-02 5.4280138015747070e-01</leafValues></_>
    <_>
      <internalNodes>
        0 -1 145250 2.7977507561445236e-02</internalNodes>
      <leafValues>
        -1.9098590314388275e-01 2.6997274160385132e-01</leafValues></_>
    <_>
      <internalNodes>
        0 -1 162269 6.5009848913177848e-04</internalNodes>
      <leafValues>
        1.0677935928106308e-01 -4.4884774088859558e-01</leafValues></_>
    <_>
      <internalNodes>
        0 -1 1083 -7.5893276929855347e-01</internalNodes>
      <leafValues>
        -9.0861219167709351e-01 8.7621025741100311e-02</leafValues></_>
    <_>
      <internalNodes>
        0 -1 162269 -9.4625569181516767e-04</internalNodes>
      <leafValues>
        -5.1870995759963989e-01 8.4615342319011688e-02</leafValues></_>
    <_>
      <internalNodes>
        0 -1 2905 2.5396472215652466e-01</internalNodes>
      <leafValues>
        1.8556231632828712e-02 -6.9964969158172607e-01</leafValues></_>
    <_>
      <internalNodes>
        0 -1 11114 1.6665297152940184e-05</internalNodes>
      <leafValues>
        -2.1235503256320953e-01 1.8191656470298767e-01</leafValues></_>
    <_>
      <internalNodes>
        0 -1 94607 -1.9499681890010834e-02</internalNodes>
      <leafValues>
        3.8118672370910645e-01 -9.7073063254356384e-02</leafValues></_>
    <_>
      <internalNodes>
        0 -1 11101 -3.2687531784176826e-03</internalNodes>
      <leafValues>
        -5.3867846727371216e-01 6.9502271711826324e-02</leafValues></_>
    <_>
      <internalNodes>
        0 -1 11134 1.0971545707434416e-03</internalNodes>
      <leafValues>
        1.3174472749233246e-01 -3.2170680165290833e-01</leafValues></_>
    <_>
      <internalNodes>
        0 -1 9040 3.1511981040239334e-02</internalNodes>
      <leafValues>
        -5.6038148701190948e-02 7.9419785737991333e-01</leafValues></_>
    <_>
      <internalNodes>
        0 -1 10072 -5.2164038643240929e-03</internalNodes>
      <leafValues>
        2.8415939211845398e-01 -1.3895773887634277e-01</leafValues></_>
    <_>
      <internalNodes>
        0 -1 0 -3.4562783548608422e-04</internalNodes>
      <leafValues>
        -4.3028011918067932e-01 1.0825590789318085e-01</leafValues></_>
    <_>
      <internalNodes>
        0 -1 2 2.0770280389115214e-04</internalNodes>
      <leafValues>
        1.1600802093744278e-01 -3.2491469383239746e-01</leafValues></_>
    <_>
      <internalNodes>
        0 -1 146978 2.2304896265268326e-02</internalNodes>
      <leafValues>
        -1.0549857467412949e-01 3.2980066537857056e-01</leafValues></_>
    <_>
      <internalNodes>
        0 -1 145830 -5.6973058730363846e-02</internalNodes>
      <leafValues>
        4.4405707716941833e-01 -7.9349011182785034e-02</leafValues></_>
    <_>
      <internalNodes>
        0 -1 77130 -1.2485275045037270e-02</internalNodes>
      <leafValues>
        1.8072640895843506e-01 -1.9792093336582184e-01</leafValues></_>
    <_>
      <internalNodes>
        0 -1 112183 1.6726467758417130e-02</internalNodes>
      <leafValues>
        -6.1445966362953186e-02 6.1289459466934204e-01</leafValues></_>
    <_>
      <internalNodes>
        0 -1 18288 -2.6272201910614967e-02</internalNodes>
      <leafValues>
        2.9326841235160828e-01 -1.2206562608480453e-01</leafValues></_>
    <_>
      <internalNodes>
        0 -1 110118 7.2576012462377548e-04</internalNodes>
      <leafValues>
        8.7327763438224792e-02 -4.3493828177452087e-01</leafValues></_>
    <_>
      <internalNodes>
        0 -1 3509 6.7031309008598328e-02</internalNodes>
      <leafValues>
        -1.1292357742786407e-01 3.2719707489013672e-01</leafValues></_>
    <_>
      <internalNodes>
        0 -1 119596 6.8851967807859182e-04</internalNodes>
      <leafValues>
        1.0418158024549484e-01 -3.9001432061195374e-01</leafValues></_>
    <_>
      <internalNodes>
        0 -1 4253 1.7022334039211273e-02</internalNodes>
      <leafValues>
        -1.1610580980777740e-01 3.4013959765434265e-01</leafValues></_>
    <_>
      <internalNodes>
        0 -1 36280 -1.3910291272622999e-05</internalNodes>
      <leafValues>
        1.8987822532653809e-01 -2.2362869977951050e-01</leafValues></_>
    <_>
      <internalNodes>
        0 -1 105751 -1.5830948948860168e-02</internalNodes>
      <leafValues>
        2.3136337101459503e-01 -1.4764586091041565e-01</leafValues></_>
    <_>
      <internalNodes>
        0 -1 31189 1.7913836985826492e-02</internalNodes>
      <leafValues>
        -6.3465215265750885e-02 5.1798415184020996e-01</leafValues></_>
    <_>
      <internalNodes>
        0 -1 132860 4.1053116321563721e-02</internalNodes>
      <leafValues>
        -5.1205985248088837e-02 6.3856917619705200e-01</leafValues></_>
    <_>
      <internalNodes>
        0 -1 11481 -6.2121991068124771e-02</internalNodes>
      <leafValues>
        2.9580602049827576e-01 -1.1757662892341614e-01</leafValues></_>
    <_>
      <internalNodes>
        0 -1 159739 8.1419304478913546e-04</internalNodes>
      <leafValues>
        1.0200205445289612e-01 -3.4324467182159424e-01</leafValues></_>
    <_>
      <internalNodes>
        0 -1 138686 -1.0521028190851212e-02</internalNodes>
      <leafValues>
        2.5307098031044006e-01 -1.2791836261749268e-01</leafValues></_>
    <_>
      <internalNodes>
        0 -1 22753 3.0830469913780689e-03</internalNodes>
      <leafValues>
        6.8031668663024902e-02 -4.9106961488723755e-01</leafValues></_>
    <_>
      <internalNodes>
        0 -1 52289 -5.0296120345592499e-02</internalNodes>
      <leafValues>
        3.5852631926536560e-01 -9.3507178127765656e-02</leafValues></_>
    <_>
      <internalNodes>
        0 -1 96791 -4.0309631731361151e-04</internalNodes>
      <leafValues>
        -3.0406329035758972e-01 1.1419827491044998e-01</leafValues></_>
    <_>
      <internalNodes>
        0 -1 11494 -1.3040001249464694e-05</internalNodes>
      <leafValues>
        1.7466159164905548e-01 -1.9151334464550018e-01</leafValues></_>
    <_>
      <internalNodes>
        0 -1 158949 1.1325348168611526e-03</internalNodes>
      <leafValues>
        -1.5250949561595917e-01 2.1916781365871429e-01</leafValues></_>
    <_>
      <internalNodes>
        0 -1 160603 2.2122287191450596e-03</internalNodes>
      <leafValues>
        8.4705822169780731e-02 -4.0505841374397278e-01</leafValues></_>
    <_>
      <internalNodes>
        0 -1 134382 1.5503996983170509e-02</internalNodes>
      <leafValues>
        -1.1070735007524490e-01 3.1629338860511780e-01</leafValues></_></weakClassifiers></stage3>
</opencv_storage>
