<?xml version="1.0"?>
<opencv_storage>
<stage0>
  <maxWeakCount>23</maxWeakCount>
  <stageThreshold>-1.4430829286575317e+00</stageThreshold>
  <weakClassifiers>
    <_>
      <internalNodes>
        0 -1 90372 -3.2041132450103760e-02</internalNodes>
      <leafValues>
        4.2857143282890320e-01 -4.8717948794364929e-01</leafValues></_>
    <_>
      <internalNodes>
        0 -1 109491 3.0673099681735039e-02</internalNodes>
      <leafValues>
        -2.0993369817733765e-01 6.0409426689147949e-01</leafValues></_>
    <_>
      <internalNodes>
        0 -1 111326 5.9038415551185608e-02</internalNodes>
      <leafValues>
        -2.1090798079967499e-01 5.9174883365631104e-01</leafValues></_>
    <_>
      <internalNodes>
        0 -1 2444 -3.8594555109739304e-02</internalNodes>
      <leafValues>
        6.5485990047454834e-01 -1.2586282193660736e-01</leafValues></_>
    <_>
      <internalNodes>
        0 -1 81295 -5.3893987089395523e-02</internalNodes>
      <leafValues>
        5.9288620948791504e-01 -1.8518826365470886e-01</leafValues></_>
    <_>
      <internalNodes>
        0 -1 44258 -6.0760483145713806e-02</internalNodes>
      <leafValues>
        4.0849071741104126e-01 -2.2463124990463257e-01</leafValues></_>
    <_>
      <internalNodes>
        0 -1 11281 -2.9857404530048370e-02</internalNodes>
      <leafValues>
        5.0366228818893433e-01 -1.6986326873302460e-01</leafValues></_>
    <_>
      <internalNodes>
        0 -1 115868 1.8255509436130524e-02</internalNodes>
      <leafValues>
        -1.1869221180677414e-01 5.8501398563385010e-01</leafValues></_>
    <_>
      <internalNodes>
        0 -1 29877 -5.3987000137567520e-02</internalNodes>
      <leafValues>
        5.1982408761978149e-01 -1.2359253317117691e-01</leafValues></_>
    <_>
      <internalNodes>
        0 -1 78139 1.0926735401153564e-01</internalNodes>
      <leafValues>
        -8.3496473729610443e-02 7.2424942255020142e-01</leafValues></_>
    <_>
      <internalNodes>
        0 -1 105025 -5.2664343267679214e-02</internalNodes>
      <leafValues>
        4.3199887871742249e-01 -1.3164921104907990e-01</leafValues></_>
    <_>
      <internalNodes>
        0 -1 41639 1.4776989817619324e-02</internalNodes>
      <leafValues>
        -1.1977797746658325e-01 5.5935394763946533e-01</leafValues></_>
    <_>
      <internalNodes>
        0 -1 153688 2.1493420004844666e-02</internalNodes>
      <leafValues>
        -1.5478897094726562e-01 3.8798475265502930e-01</leafValues></_>
    <_>
      <internalNodes>
        0 -1 114363 -8.7993044871836901e-04</internalNodes>
      <leafValues>
        -4.5278212428092957e-01 1.2651543319225311e-01</leafValues></_>
    <_>
      <internalNodes>
        0 -1 127711 -1.7533054575324059e-02</internalNodes>
      <leafValues>
        5.1415151357650757e-01 -1.1275339126586914e-01</leafValues></_>
    <_>
      <internalNodes>
        0 -1 52901 -4.4577233493328094e-03</internalNodes>
      <leafValues>
        3.5845938324928284e-01 -1.4883400499820709e-01</leafValues></_>
    <_>
      <internalNodes>
        0 -1 41629 8.4330132231116295e-03</internalNodes>
      <leafValues>
        -1.1829919368028641e-01 4.9727696180343628e-01</leafValues></_>
    <_>
      <internalNodes>
        0 -1 91243 -3.6442861892282963e-03</internalNodes>
      <leafValues>
        3.5914739966392517e-01 -1.6778312623500824e-01</leafValues></_>
    <_>
      <internalNodes>
        0 -1 99061 8.9899301528930664e-03</internalNodes>
      <leafValues>
        -1.4369349181652069e-01 3.9069646596908569e-01</leafValues></_>
    <_>
      <internalNodes>
        0 -1 99209 -1.8789492547512054e-02</internalNodes>
      <leafValues>
        4.1967502236366272e-01 -1.7501717805862427e-01</leafValues></_>
    <_>
      <internalNodes>
        0 -1 128951 -9.0233416995033622e-04</internalNodes>
      <leafValues>
        -5.6668400764465332e-01 9.9106915295124054e-02</leafValues></_>
    <_>
      <internalNodes>
        0 -1 6045 -4.5422792434692383e-02</internalNodes>
      <leafValues>
        5.7865309715270996e-01 -1.0462209582328796e-01</leafValues></_>
    <_>
      <internalNodes>
        0 -1 143678 -9.4658229500055313e-03</internalNodes>
      <leafValues>
        5.0245231389999390e-01 -9.3571342527866364e-02</leafValues></_></weakClassifiers></stage0>
</opencv_storage>
