<?xml version="1.0"?>
<opencv_storage>
<stage16>
  <maxWeakCount>100</maxWeakCount>
  <stageThreshold>-1.2783625125885010e+00</stageThreshold>
  <weakClassifiers>
    <_>
      <internalNodes>
        0 -1 52651 5.4814084433019161e-04</internalNodes>
      <leafValues>
        1.6716802120208740e-01 -1.7614166438579559e-01</leafValues></_>
    <_>
      <internalNodes>
        0 -1 52932 -2.9073003679513931e-04</internalNodes>
      <leafValues>
        -2.2692522406578064e-01 1.1179872602224350e-01</leafValues></_>
    <_>
      <internalNodes>
        0 -1 52476 -3.1578015536069870e-02</internalNodes>
      <leafValues>
        3.2591956853866577e-01 -6.1767939478158951e-02</leafValues></_>
    <_>
      <internalNodes>
        0 -1 49187 2.9230999643914402e-04</internalNodes>
      <leafValues>
        5.0491996109485626e-02 -2.3743139207363129e-01</leafValues></_>
    <_>
      <internalNodes>
        0 -1 55010 7.9632119741290808e-04</internalNodes>
      <leafValues>
        6.4100652933120728e-02 -2.6350283622741699e-01</leafValues></_>
    <_>
      <internalNodes>
        0 -1 6080 -2.8936946764588356e-03</internalNodes>
      <leafValues>
        2.2200192511081696e-01 -7.0113621652126312e-02</leafValues></_>
    <_>
      <internalNodes>
        0 -1 48759 -2.3234216496348381e-03</internalNodes>
      <leafValues>
        1.2834472954273224e-01 -1.5025790035724640e-01</leafValues></_>
    <_>
      <internalNodes>
        0 -1 33148 1.6868453472852707e-02</internalNodes>
      <leafValues>
        -8.3307184278964996e-02 2.0793105661869049e-01</leafValues></_>
    <_>
      <internalNodes>
        0 -1 20881 -3.7533980503212661e-05</internalNodes>
      <leafValues>
        1.3686774671077728e-01 -1.5793919563293457e-01</leafValues></_>
    <_>
      <internalNodes>
        0 -1 7543 6.8210210883989930e-04</internalNodes>
      <leafValues>
        7.3584772646427155e-02 -2.4506974220275879e-01</leafValues></_>
    <_>
      <internalNodes>
        0 -1 7543 2.0053397747687995e-05</internalNodes>
      <leafValues>
        -9.6226148307323456e-02 1.6213892400264740e-01</leafValues></_>
    <_>
      <internalNodes>
        0 -1 20620 1.1767732212319970e-03</internalNodes>
      <leafValues>
        2.5239571928977966e-02 -2.9356989264488220e-01</leafValues></_>
    <_>
      <internalNodes>
        0 -1 58434 1.0796539718285203e-03</internalNodes>
      <leafValues>
        7.8454807400703430e-02 -2.4044358730316162e-01</leafValues></_>
    <_>
      <internalNodes>
        0 -1 28662 4.8831747844815254e-03</internalNodes>
      <leafValues>
        -5.6904815137386322e-02 3.0853632092475891e-01</leafValues></_>
    <_>
      <internalNodes>
        0 -1 61933 2.9298549634404480e-04</internalNodes>
      <leafValues>
        9.0846061706542969e-02 -1.6699631512165070e-01</leafValues></_>
    <_>
      <internalNodes>
        0 -1 28474 1.8151826225221157e-03</internalNodes>
      <leafValues>
        7.8463532030582428e-02 -1.6460762917995453e-01</leafValues></_>
    <_>
      <internalNodes>
        0 -1 534 -4.2293304577469826e-03</internalNodes>
      <leafValues>
        -1.4262127876281738e-01 1.1185695230960846e-01</leafValues></_>
    <_>
      <internalNodes>
        0 -1 5724 4.7660069540143013e-03</internalNodes>
      <leafValues>
        3.3226215746253729e-03 -5.9994089603424072e-01</leafValues></_>
    <_>
      <internalNodes>
        0 -1 62477 4.2532095685601234e-03</internalNodes>
      <leafValues>
        -7.8485518693923950e-02 1.7875435948371887e-01</leafValues></_>
    <_>
      <internalNodes>
        0 -1 62742 -4.7740917652845383e-03</internalNodes>
      <leafValues>
        1.9728940725326538e-01 -8.1812195479869843e-02</leafValues></_>
    <_>
      <internalNodes>
        0 -1 37850 3.7845306098461151e-02</internalNodes>
      <leafValues>
        -3.6569967865943909e-02 4.8480623960494995e-01</leafValues></_>
    <_>
      <internalNodes>
        0 -1 78412 -1.2540328316390514e-03</internalNodes>
      <leafValues>
        -3.2506105303764343e-01 4.5430500060319901e-02</leafValues></_>
    <_>
      <internalNodes>
        0 -1 13669 3.6660805344581604e-03</internalNodes>
      <leafValues>
        -8.3360537886619568e-02 1.7534789443016052e-01</leafValues></_>
    <_>
      <internalNodes>
        0 -1 5875 -1.1221337318420410e-01</internalNodes>
      <leafValues>
        -7.1262603998184204e-01 2.6211403310298920e-02</leafValues></_>
    <_>
      <internalNodes>
        0 -1 14694 -1.9528049961081706e-05</internalNodes>
      <leafValues>
        1.1154805123806000e-01 -1.2714980542659760e-01</leafValues></_>
    <_>
      <internalNodes>
        0 -1 7163 2.4088555946946144e-03</internalNodes>
      <leafValues>
        -1.0101394355297089e-01 1.5934969484806061e-01</leafValues></_>
    <_>
      <internalNodes>
        0 -1 65327 4.2804109398275614e-04</internalNodes>
      <leafValues>
        7.0689976215362549e-02 -2.1662561595439911e-01</leafValues></_>
    <_>
      <internalNodes>
        0 -1 52719 -1.6073595732450485e-02</internalNodes>
      <leafValues>
        2.3308305442333221e-01 -6.6999949514865875e-02</leafValues></_>
    <_>
      <internalNodes>
        0 -1 54044 2.7832807973027229e-04</internalNodes>
      <leafValues>
        8.8558852672576904e-02 -1.7235551774501801e-01</leafValues></_>
    <_>
      <internalNodes>
        0 -1 65270 4.9410559237003326e-02</internalNodes>
      <leafValues>
        -3.7971831858158112e-02 4.5530700683593750e-01</leafValues></_>
    <_>
      <internalNodes>
        0 -1 63035 9.5300172688439488e-04</internalNodes>
      <leafValues>
        6.0195136815309525e-02 -2.3103232681751251e-01</leafValues></_>
    <_>
      <internalNodes>
        0 -1 69796 2.7349703013896942e-03</internalNodes>
      <leafValues>
        -3.1971536576747894e-02 4.1352918744087219e-01</leafValues></_>
    <_>
      <internalNodes>
        0 -1 58774 -3.2842211425304413e-02</internalNodes>
      <leafValues>
        1.6498798131942749e-01 -9.5262743532657623e-02</leafValues></_>
    <_>
      <internalNodes>
        0 -1 31817 7.1529321372509003e-02</internalNodes>
      <leafValues>
        -6.5312087535858154e-02 2.6456782221794128e-01</leafValues></_>
    <_>
      <internalNodes>
        0 -1 6441 5.8313729241490364e-03</internalNodes>
      <leafValues>
        -6.5751329064369202e-02 2.3594129085540771e-01</leafValues></_>
    <_>
      <internalNodes>
        0 -1 73525 7.6752656605094671e-04</internalNodes>
      <leafValues>
        5.1555138081312180e-02 -3.0639597773551941e-01</leafValues></_>
    <_>
      <internalNodes>
        0 -1 20648 -2.3704294289927930e-04</internalNodes>
      <leafValues>
        9.9884338676929474e-02 -1.4872179925441742e-01</leafValues></_>
    <_>
      <internalNodes>
        0 -1 63035 -5.7574023958295584e-04</internalNodes>
      <leafValues>
        -2.0961518585681915e-01 6.5923042595386505e-02</leafValues></_>
    <_>
      <internalNodes>
        0 -1 65923 -1.3639301061630249e-02</internalNodes>
      <leafValues>
        4.8324674367904663e-01 -2.9974319040775299e-02</leafValues></_>
    <_>
      <internalNodes>
        0 -1 40180 1.5207552909851074e-01</internalNodes>
      <leafValues>
        -1.6053209081292152e-02 7.0280778408050537e-01</leafValues></_>
    <_>
      <internalNodes>
        0 -1 71177 -6.5380427986383438e-04</internalNodes>
      <leafValues>
        -1.6858315467834473e-01 8.7036460638046265e-02</leafValues></_>
    <_>
      <internalNodes>
        0 -1 71095 -2.0597735783667304e-05</internalNodes>
      <leafValues>
        1.2315456569194794e-01 -1.2325417995452881e-01</leafValues></_>
    <_>
      <internalNodes>
        0 -1 72132 -3.4234542399644852e-02</internalNodes>
      <leafValues>
        1.8826881051063538e-01 -7.0332653820514679e-02</leafValues></_>
    <_>
      <internalNodes>
        0 -1 61656 -2.1446832761284895e-05</internalNodes>
      <leafValues>
        1.0652818530797958e-01 -1.3106743991374969e-01</leafValues></_>
    <_>
      <internalNodes>
        0 -1 8624 -2.2112287580966949e-02</internalNodes>
      <leafValues>
        4.8025587201118469e-01 -2.6761028915643692e-02</leafValues></_>
    <_>
      <internalNodes>
        0 -1 25381 -2.3881536908447742e-03</internalNodes>
      <leafValues>
        4.0097734332084656e-01 -3.1936313956975937e-02</leafValues></_>
    <_>
      <internalNodes>
        0 -1 65441 2.3568794131278992e-03</internalNodes>
      <leafValues>
        -7.5389176607131958e-02 1.9970077276229858e-01</leafValues></_>
    <_>
      <internalNodes>
        0 -1 17333 -1.8327191472053528e-02</internalNodes>
      <leafValues>
        2.2910803556442261e-01 -6.3087113201618195e-02</leafValues></_>
    <_>
      <internalNodes>
        0 -1 43814 -7.7951699495315552e-04</internalNodes>
      <leafValues>
        -1.9724424183368683e-01 7.8763298690319061e-02</leafValues></_>
    <_>
      <internalNodes>
        0 -1 17892 9.9562164396047592e-03</internalNodes>
      <leafValues>
        -8.1218548119068146e-02 1.8920481204986572e-01</leafValues></_>
    <_>
      <internalNodes>
        0 -1 7373 2.5259669870138168e-02</internalNodes>
      <leafValues>
        -6.1647366732358932e-02 2.5405582785606384e-01</leafValues></_>
    <_>
      <internalNodes>
        0 -1 34180 1.0841801995411515e-03</internalNodes>
      <leafValues>
        7.9120852053165436e-02 -1.8182560801506042e-01</leafValues></_>
    <_>
      <internalNodes>
        0 -1 9605 2.4712169542908669e-03</internalNodes>
      <leafValues>
        -3.0544932931661606e-02 4.6236360073089600e-01</leafValues></_>
    <_>
      <internalNodes>
        0 -1 37766 -1.7401316761970520e-01</internalNodes>
      <leafValues>
        2.7553546428680420e-01 -4.7419425100088120e-02</leafValues></_>
    <_>
      <internalNodes>
        0 -1 1400 -2.3002964258193970e-01</internalNodes>
      <leafValues>
        1.5084023773670197e-01 -1.1039084196090698e-01</leafValues></_>
    <_>
      <internalNodes>
        0 -1 65548 -5.3921196376904845e-04</internalNodes>
      <leafValues>
        1.4920048415660858e-01 -8.9911386370658875e-02</leafValues></_>
    <_>
      <internalNodes>
        0 -1 42909 -7.7736866660416126e-03</internalNodes>
      <leafValues>
        5.5205619335174561e-01 -2.4246044456958771e-02</leafValues></_>
    <_>
      <internalNodes>
        0 -1 44816 -5.3388753440231085e-04</internalNodes>
      <leafValues>
        -1.9128067791461945e-01 7.2216510772705078e-02</leafValues></_>
    <_>
      <internalNodes>
        0 -1 991 -9.3736834824085236e-03</internalNodes>
      <leafValues>
        -3.3003690838813782e-01 3.9066333323717117e-02</leafValues></_>
    <_>
      <internalNodes>
        0 -1 41855 3.6704861558973789e-03</internalNodes>
      <leafValues>
        -9.4374522566795349e-02 1.3644638657569885e-01</leafValues></_>
    <_>
      <internalNodes>
        0 -1 55731 7.5789768015965819e-04</internalNodes>
      <leafValues>
        8.4018647670745850e-02 -2.0017510652542114e-01</leafValues></_>
    <_>
      <internalNodes>
        0 -1 14003 -4.8766106367111206e-02</internalNodes>
      <leafValues>
        1.3778609037399292e-01 -1.0303136706352234e-01</leafValues></_>
    <_>
      <internalNodes>
        0 -1 38916 1.0654717683792114e-02</internalNodes>
      <leafValues>
        -5.5044494569301605e-02 2.3375204205513000e-01</leafValues></_>
    <_>
      <internalNodes>
        0 -1 44222 -1.0769360233098269e-03</internalNodes>
      <leafValues>
        1.3193471729755402e-01 -1.2647022306919098e-01</leafValues></_>
    <_>
      <internalNodes>
        0 -1 48980 -1.8354825442656875e-04</internalNodes>
      <leafValues>
        -1.7482829093933105e-01 8.1828653812408447e-02</leafValues></_>
    <_>
      <internalNodes>
        0 -1 43543 -4.2417632357683033e-05</internalNodes>
      <leafValues>
        1.3742877542972565e-01 -1.0987997055053711e-01</leafValues></_>
    <_>
      <internalNodes>
        0 -1 76206 1.1457644868642092e-03</internalNodes>
      <leafValues>
        -5.3999986499547958e-02 2.6234632730484009e-01</leafValues></_>
    <_>
      <internalNodes>
        0 -1 42408 -1.4689639210700989e-01</internalNodes>
      <leafValues>
        -4.9336716532707214e-01 2.9624259099364281e-02</leafValues></_>
    <_>
      <internalNodes>
        0 -1 77291 2.4512693285942078e-02</internalNodes>
      <leafValues>
        5.3179301321506500e-02 -2.7101060748100281e-01</leafValues></_>
    <_>
      <internalNodes>
        0 -1 77091 -3.1250365078449249e-02</internalNodes>
      <leafValues>
        -2.0923385024070740e-01 7.2151869535446167e-02</leafValues></_>
    <_>
      <internalNodes>
        0 -1 61254 4.3317151721566916e-04</internalNodes>
      <leafValues>
        8.3167038857936859e-02 -1.6661849617958069e-01</leafValues></_>
    <_>
      <internalNodes>
        0 -1 1938 -1.7916247248649597e-01</internalNodes>
      <leafValues>
        -2.3882967233657837e-01 5.8632727712392807e-02</leafValues></_>
    <_>
      <internalNodes>
        0 -1 31507 -1.2560768052935600e-02</internalNodes>
      <leafValues>
        2.5462210178375244e-01 -5.6749083101749420e-02</leafValues></_>
    <_>
      <internalNodes>
        0 -1 66766 -4.5269340276718140e-02</internalNodes>
      <leafValues>
        -4.8759964108467102e-01 2.9272396117448807e-02</leafValues></_>
    <_>
      <internalNodes>
        0 -1 52051 5.1221204921603203e-03</internalNodes>
      <leafValues>
        -8.6612492799758911e-02 1.7317476868629456e-01</leafValues></_>
    <_>
      <internalNodes>
        0 -1 43225 2.2860866738483310e-04</internalNodes>
      <leafValues>
        8.6388140916824341e-02 -1.5804544091224670e-01</leafValues></_>
    <_>
      <internalNodes>
        0 -1 43811 -2.0770698029082268e-05</internalNodes>
      <leafValues>
        1.3882692158222198e-01 -1.1338821053504944e-01</leafValues></_>
    <_>
      <internalNodes>
        0 -1 54214 -9.4763599336147308e-03</internalNodes>
      <leafValues>
        7.0397758483886719e-01 -1.6328852623701096e-02</leafValues></_>
    <_>
      <internalNodes>
        0 -1 76659 1.3018938479945064e-03</internalNodes>
      <leafValues>
        6.0089532285928726e-02 -2.4175731837749481e-01</leafValues></_>
    <_>
      <internalNodes>
        0 -1 13882 2.0230590962455608e-05</internalNodes>
      <leafValues>
        -9.8746746778488159e-02 1.2993676960468292e-01</leafValues></_>
    <_>
      <internalNodes>
        0 -1 38700 -5.8773206546902657e-04</internalNodes>
      <leafValues>
        -1.6899545490741730e-01 7.4640430510044098e-02</leafValues></_>
    <_>
      <internalNodes>
        0 -1 38426 7.7816064003854990e-04</internalNodes>
      <leafValues>
        -9.1265767812728882e-02 1.7571789026260376e-01</leafValues></_>
    <_>
      <internalNodes>
        0 -1 6001 2.7177992463111877e-01</internalNodes>
      <leafValues>
        1.7803242430090904e-02 -8.0410349369049072e-01</leafValues></_>
    <_>
      <internalNodes>
        0 -1 54044 -6.2310346402227879e-04</internalNodes>
      <leafValues>
        -2.2232624888420105e-01 5.6809727102518082e-02</leafValues></_>
    <_>
      <internalNodes>
        0 -1 11229 -1.7785914242267609e-01</internalNodes>
      <leafValues>
        -8.3991241455078125e-01 1.3670592568814754e-02</leafValues></_>
    <_>
      <internalNodes>
        0 -1 167 1.2336602807044983e-01</internalNodes>
      <leafValues>
        1.0434518568217754e-02 -8.2834571599960327e-01</leafValues></_>
    <_>
      <internalNodes>
        0 -1 56899 4.0407575666904449e-02</internalNodes>
      <leafValues>
        1.1425570584833622e-02 -8.5369819402694702e-01</leafValues></_>
    <_>
      <internalNodes>
        0 -1 61354 1.5215978026390076e-02</internalNodes>
      <leafValues>
        -3.1771857291460037e-02 4.4865542650222778e-01</leafValues></_>
    <_>
      <internalNodes>
        0 -1 14695 1.8378796812612563e-04</internalNodes>
      <leafValues>
        9.4720378518104553e-02 -1.3526219129562378e-01</leafValues></_>
    <_>
      <internalNodes>
        0 -1 6912 -4.9639105796813965e-02</internalNodes>
      <leafValues>
        1.8237541615962982e-01 -6.8753018975257874e-02</leafValues></_>
    <_>
      <internalNodes>
        0 -1 56043 -5.4862955585122108e-04</internalNodes>
      <leafValues>
        -2.2002251446247101e-01 6.0042295604944229e-02</leafValues></_>
    <_>
      <internalNodes>
        0 -1 35990 -1.3987911865115166e-02</internalNodes>
      <leafValues>
        1.6735516488552094e-01 -8.5327953100204468e-02</leafValues></_>
    <_>
      <internalNodes>
        0 -1 58435 -1.6396478749811649e-03</internalNodes>
      <leafValues>
        1.9770944118499756e-01 -6.9498226046562195e-02</leafValues></_>
    <_>
      <internalNodes>
        0 -1 20104 1.2610614299774170e-01</internalNodes>
      <leafValues>
        1.7860408872365952e-02 -7.1152174472808838e-01</leafValues></_>
    <_>
      <internalNodes>
        0 -1 564 -2.0289131999015808e-01</internalNodes>
      <leafValues>
        -2.9020133614540100e-01 4.1969824582338333e-02</leafValues></_>
    <_>
      <internalNodes>
        0 -1 54593 1.4416909834835678e-04</internalNodes>
      <leafValues>
        -1.3088133931159973e-01 9.8834030330181122e-02</leafValues></_>
    <_>
      <internalNodes>
        0 -1 42637 3.0967079102993011e-02</internalNodes>
      <leafValues>
        1.6230983659625053e-02 -8.4663569927215576e-01</leafValues></_>
    <_>
      <internalNodes>
        0 -1 77168 -6.5582338720560074e-03</internalNodes>
      <leafValues>
        -8.8009196519851685e-01 1.0021916590631008e-02</leafValues></_>
    <_>
      <internalNodes>
        0 -1 28652 -2.7024920564144850e-03</internalNodes>
      <leafValues>
        4.6915927529335022e-01 -2.8508719056844711e-02</leafValues></_>
    <_>
      <internalNodes>
        0 -1 77406 2.1242583898128942e-05</internalNodes>
      <leafValues>
        -1.2349860370159149e-01 1.0550364851951599e-01</leafValues></_></weakClassifiers></stage16>
</opencv_storage>
