<?xml version="1.0"?>
<opencv_storage>
<stage17>
  <maxWeakCount>100</maxWeakCount>
  <stageThreshold>-1.0899230241775513e+00</stageThreshold>
  <weakClassifiers>
    <_>
      <internalNodes>
        0 -1 52930 4.1007040999829769e-04</internalNodes>
      <leafValues>
        1.5196850895881653e-01 -2.1627907454967499e-01</leafValues></_>
    <_>
      <internalNodes>
        0 -1 31865 2.3293754458427429e-01</internalNodes>
      <leafValues>
        -3.4828647971153259e-02 6.9614690542221069e-01</leafValues></_>
    <_>
      <internalNodes>
        0 -1 49968 -2.3222321760840714e-04</internalNodes>
      <leafValues>
        -2.2310578823089600e-01 8.3071544766426086e-02</leafValues></_>
    <_>
      <internalNodes>
        0 -1 6675 7.7564746607095003e-04</internalNodes>
      <leafValues>
        8.2989111542701721e-02 -2.2643081843852997e-01</leafValues></_>
    <_>
      <internalNodes>
        0 -1 6697 -1.0569537989795208e-03</internalNodes>
      <leafValues>
        -2.1793177723884583e-01 1.3016144931316376e-01</leafValues></_>
    <_>
      <internalNodes>
        0 -1 49968 3.4625790431164205e-04</internalNodes>
      <leafValues>
        8.5108846426010132e-02 -2.3520594835281372e-01</leafValues></_>
    <_>
      <internalNodes>
        0 -1 48218 2.0657255663536489e-04</internalNodes>
      <leafValues>
        9.6062339842319489e-02 -1.8056523799896240e-01</leafValues></_>
    <_>
      <internalNodes>
        0 -1 34366 1.6356393694877625e-02</internalNodes>
      <leafValues>
        -1.5660040080547333e-01 1.1332961916923523e-01</leafValues></_>
    <_>
      <internalNodes>
        0 -1 2363 -5.4101847112178802e-02</internalNodes>
      <leafValues>
        1.9252304732799530e-01 -1.0592888295650482e-01</leafValues></_>
    <_>
      <internalNodes>
        0 -1 9172 2.2611387073993683e-02</internalNodes>
      <leafValues>
        -8.0796375870704651e-02 1.9290815293788910e-01</leafValues></_>
    <_>
      <internalNodes>
        0 -1 60530 -3.2890471629798412e-04</internalNodes>
      <leafValues>
        -1.9756197929382324e-01 8.8453844189643860e-02</leafValues></_>
    <_>
      <internalNodes>
        0 -1 37166 1.4516713097691536e-02</internalNodes>
      <leafValues>
        -8.5599705576896667e-02 2.0834119617938995e-01</leafValues></_>
    <_>
      <internalNodes>
        0 -1 71671 -6.5767578780651093e-03</internalNodes>
      <leafValues>
        2.3772756755352020e-01 -7.5543634593486786e-02</leafValues></_>
    <_>
      <internalNodes>
        0 -1 71466 3.0800001695752144e-03</internalNodes>
      <leafValues>
        -1.0745782405138016e-01 2.1055966615676880e-01</leafValues></_>
    <_>
      <internalNodes>
        0 -1 12673 1.2680675834417343e-02</internalNodes>
      <leafValues>
        4.8516467213630676e-02 -3.7422367930412292e-01</leafValues></_>
    <_>
      <internalNodes>
        0 -1 5969 1.3974577188491821e-01</internalNodes>
      <leafValues>
        3.9729673415422440e-02 -5.9391683340072632e-01</leafValues></_>
    <_>
      <internalNodes>
        0 -1 27854 5.0858187023550272e-04</internalNodes>
      <leafValues>
        -1.4723969995975494e-01 1.2104871869087219e-01</leafValues></_>
    <_>
      <internalNodes>
        0 -1 21061 2.1265283226966858e-02</internalNodes>
      <leafValues>
        -9.8000444471836090e-02 2.2832675278186798e-01</leafValues></_>
    <_>
      <internalNodes>
        0 -1 27452 -2.2768212482333183e-02</internalNodes>
      <leafValues>
        1.8257242441177368e-01 -1.1449728906154633e-01</leafValues></_>
    <_>
      <internalNodes>
        0 -1 14605 1.4005649136379361e-03</internalNodes>
      <leafValues>
        5.8575063943862915e-02 -2.8596267104148865e-01</leafValues></_>
    <_>
      <internalNodes>
        0 -1 31587 -2.0430400036275387e-03</internalNodes>
      <leafValues>
        3.7531092762947083e-01 -4.1824657469987869e-02</leafValues></_>
    <_>
      <internalNodes>
        0 -1 65066 7.4024754576385021e-04</internalNodes>
      <leafValues>
        7.5554355978965759e-02 -2.1181547641754150e-01</leafValues></_>
    <_>
      <internalNodes>
        0 -1 53345 -7.7341660857200623e-02</internalNodes>
      <leafValues>
        1.8803541362285614e-01 -8.5916720330715179e-02</leafValues></_>
    <_>
      <internalNodes>
        0 -1 64907 -1.5183009672909975e-03</internalNodes>
      <leafValues>
        -2.4223904311656952e-01 6.8921625614166260e-02</leafValues></_>
    <_>
      <internalNodes>
        0 -1 78403 6.7189120454713702e-04</internalNodes>
      <leafValues>
        7.3364026844501495e-02 -2.0631971955299377e-01</leafValues></_>
    <_>
      <internalNodes>
        0 -1 78403 -6.0071260668337345e-04</internalNodes>
      <leafValues>
        -2.0480352640151978e-01 7.6830603182315826e-02</leafValues></_>
    <_>
      <internalNodes>
        0 -1 44291 1.9774568499997258e-04</internalNodes>
      <leafValues>
        8.9797236025333405e-02 -1.7322148382663727e-01</leafValues></_>
    <_>
      <internalNodes>
        0 -1 37694 4.7409404069185257e-02</internalNodes>
      <leafValues>
        -4.2819082736968994e-02 3.6722865700721741e-01</leafValues></_>
    <_>
      <internalNodes>
        0 -1 12991 -2.7179613243788481e-03</internalNodes>
      <leafValues>
        -3.0170378088951111e-01 4.7268323600292206e-02</leafValues></_>
    <_>
      <internalNodes>
        0 -1 5313 -6.7019369453191757e-03</internalNodes>
      <leafValues>
        6.3831186294555664e-01 -2.4663435295224190e-02</leafValues></_>
    <_>
      <internalNodes>
        0 -1 22363 2.6444563991390169e-04</internalNodes>
      <leafValues>
        9.1426804661750793e-02 -1.6829416155815125e-01</leafValues></_>
    <_>
      <internalNodes>
        0 -1 6051 4.2444914579391479e-01</internalNodes>
      <leafValues>
        1.9117571413516998e-02 -7.9206568002700806e-01</leafValues></_>
    <_>
      <internalNodes>
        0 -1 24608 -6.9754710420966148e-03</internalNodes>
      <leafValues>
        1.3155710697174072e-01 -1.1546552926301956e-01</leafValues></_>
    <_>
      <internalNodes>
        0 -1 1985 -2.9117101430892944e-01</internalNodes>
      <leafValues>
        -7.7822816371917725e-01 2.1439509466290474e-02</leafValues></_>
    <_>
      <internalNodes>
        0 -1 43235 7.8014098107814789e-04</internalNodes>
      <leafValues>
        7.8139059245586395e-02 -1.9196492433547974e-01</leafValues></_>
    <_>
      <internalNodes>
        0 -1 43546 8.6048450320959091e-03</internalNodes>
      <leafValues>
        -2.2807313129305840e-02 6.8701171875000000e-01</leafValues></_>
    <_>
      <internalNodes>
        0 -1 78436 -2.0215897166053765e-05</internalNodes>
      <leafValues>
        1.3125510513782501e-01 -1.1505851894617081e-01</leafValues></_>
    <_>
      <internalNodes>
        0 -1 1947 2.3825070261955261e-01</internalNodes>
      <leafValues>
        2.6701295748353004e-02 -5.3740721940994263e-01</leafValues></_>
    <_>
      <internalNodes>
        0 -1 31458 1.6893953084945679e-01</internalNodes>
      <leafValues>
        -4.2341478168964386e-02 4.0526890754699707e-01</leafValues></_>
    <_>
      <internalNodes>
        0 -1 72033 4.1188308387063444e-05</internalNodes>
      <leafValues>
        -1.0874733328819275e-01 1.3980737328529358e-01</leafValues></_>
    <_>
      <internalNodes>
        0 -1 22366 4.0806239121593535e-04</internalNodes>
      <leafValues>
        8.3715997636318207e-02 -1.6962626576423645e-01</leafValues></_>
    <_>
      <internalNodes>
        0 -1 55772 2.8480678796768188e-02</internalNodes>
      <leafValues>
        -1.7845932394266129e-02 7.8566730022430420e-01</leafValues></_>
    <_>
      <internalNodes>
        0 -1 43128 1.7375469207763672e-02</internalNodes>
      <leafValues>
        -3.5377938300371170e-02 3.7166401743888855e-01</leafValues></_>
    <_>
      <internalNodes>
        0 -1 56911 5.8969989186152816e-04</internalNodes>
      <leafValues>
        7.3013767600059509e-02 -2.1501897275447845e-01</leafValues></_>
    <_>
      <internalNodes>
        0 -1 5306 -3.2748691737651825e-03</internalNodes>
      <leafValues>
        4.0114915370941162e-01 -3.8899239152669907e-02</leafValues></_>
    <_>
      <internalNodes>
        0 -1 56643 -1.8810445908457041e-04</internalNodes>
      <leafValues>
        -1.6951690614223480e-01 9.4771571457386017e-02</leafValues></_>
    <_>
      <internalNodes>
        0 -1 16357 -1.8952205777168274e-01</internalNodes>
      <leafValues>
        -8.7117391824722290e-01 1.7078321427106857e-02</leafValues></_>
    <_>
      <internalNodes>
        0 -1 75239 -1.4225631020963192e-03</internalNodes>
      <leafValues>
        -2.3668897151947021e-01 5.8255188167095184e-02</leafValues></_>
    <_>
      <internalNodes>
        0 -1 57114 -6.3589675119146705e-04</internalNodes>
      <leafValues>
        1.1151640862226486e-01 -1.2538211047649384e-01</leafValues></_>
    <_>
      <internalNodes>
        0 -1 33625 3.6946865293430164e-05</internalNodes>
      <leafValues>
        -1.0826393216848373e-01 1.3128036260604858e-01</leafValues></_>
    <_>
      <internalNodes>
        0 -1 52147 7.0075364783406258e-03</internalNodes>
      <leafValues>
        -6.2670379877090454e-02 2.3202122747898102e-01</leafValues></_>
    <_>
      <internalNodes>
        0 -1 77485 1.4606950571760535e-03</internalNodes>
      <leafValues>
        6.8424567580223083e-02 -2.0681373775005341e-01</leafValues></_>
    <_>
      <internalNodes>
        0 -1 70523 1.8528372049331665e-02</internalNodes>
      <leafValues>
        -8.4854938089847565e-02 1.9384461641311646e-01</leafValues></_>
    <_>
      <internalNodes>
        0 -1 53085 5.6121662259101868e-02</internalNodes>
      <leafValues>
        -6.2762603163719177e-02 2.9963904619216919e-01</leafValues></_>
    <_>
      <internalNodes>
        0 -1 22349 1.4744212850928307e-02</internalNodes>
      <leafValues>
        -9.1919742524623871e-02 1.6125717759132385e-01</leafValues></_>
    <_>
      <internalNodes>
        0 -1 28523 -7.4100084602832794e-03</internalNodes>
      <leafValues>
        1.9084401428699493e-01 -8.1476464867591858e-02</leafValues></_>
    <_>
      <internalNodes>
        0 -1 47824 -1.0051196813583374e-01</internalNodes>
      <leafValues>
        -4.0077769756317139e-01 4.2120829224586487e-02</leafValues></_>
    <_>
      <internalNodes>
        0 -1 35262 9.5741003751754761e-03</internalNodes>
      <leafValues>
        2.6322098448872566e-02 -6.0493028163909912e-01</leafValues></_>
    <_>
      <internalNodes>
        0 -1 23526 -6.3489633612334728e-03</internalNodes>
      <leafValues>
        2.1124073863029480e-01 -7.4306495487689972e-02</leafValues></_>
    <_>
      <internalNodes>
        0 -1 5744 -3.0903462320566177e-03</internalNodes>
      <leafValues>
        1.3794928789138794e-01 -1.0957782715559006e-01</leafValues></_>
    <_>
      <internalNodes>
        0 -1 740 -6.3366093672811985e-04</internalNodes>
      <leafValues>
        -2.7527558803558350e-01 6.0250751674175262e-02</leafValues></_>
    <_>
      <internalNodes>
        0 -1 76742 7.0461139082908630e-02</internalNodes>
      <leafValues>
        2.0932450890541077e-02 -7.5682920217514038e-01</leafValues></_>
    <_>
      <internalNodes>
        0 -1 68805 -3.3003866672515869e-02</internalNodes>
      <leafValues>
        -4.5329040288925171e-01 3.0228778719902039e-02</leafValues></_>
    <_>
      <internalNodes>
        0 -1 75262 4.3427050113677979e-03</internalNodes>
      <leafValues>
        -1.4236082136631012e-01 1.0056495666503906e-01</leafValues></_>
    <_>
      <internalNodes>
        0 -1 39259 -2.2739970684051514e-01</internalNodes>
      <leafValues>
        -7.3327326774597168e-01 1.7751822248101234e-02</leafValues></_>
    <_>
      <internalNodes>
        0 -1 49769 -1.7489488527644426e-05</internalNodes>
      <leafValues>
        1.0127187520265579e-01 -1.3875168561935425e-01</leafValues></_>
    <_>
      <internalNodes>
        0 -1 49860 -8.2544289762154222e-04</internalNodes>
      <leafValues>
        -2.0353914797306061e-01 8.0747835338115692e-02</leafValues></_>
    <_>
      <internalNodes>
        0 -1 57659 -9.3812756240367889e-03</internalNodes>
      <leafValues>
        3.8793474435806274e-01 -3.7623420357704163e-02</leafValues></_>
    <_>
      <internalNodes>
        0 -1 2202 1.6068952158093452e-02</internalNodes>
      <leafValues>
        -6.9961495697498322e-02 2.0653896033763885e-01</leafValues></_>
    <_>
      <internalNodes>
        0 -1 7726 -1.3261601328849792e-02</internalNodes>
      <leafValues>
        1.9104465842247009e-01 -1.0008548945188522e-01</leafValues></_>
    <_>
      <internalNodes>
        0 -1 78268 1.8983779227710329e-05</internalNodes>
      <leafValues>
        -1.1316152662038803e-01 1.2184367328882217e-01</leafValues></_>
    <_>
      <internalNodes>
        0 -1 32388 -3.1892769038677216e-02</internalNodes>
      <leafValues>
        3.9289876818656921e-01 -3.8037855178117752e-02</leafValues></_>
    <_>
      <internalNodes>
        0 -1 26248 2.2220856408239342e-05</internalNodes>
      <leafValues>
        -1.2082374095916748e-01 1.2252718955278397e-01</leafValues></_>
    <_>
      <internalNodes>
        0 -1 53310 -4.6810954809188843e-02</internalNodes>
      <leafValues>
        2.2564195096492767e-01 -6.4257912337779999e-02</leafValues></_>
    <_>
      <internalNodes>
        0 -1 57959 2.4987524375319481e-04</internalNodes>
      <leafValues>
        9.7431130707263947e-02 -1.6899237036705017e-01</leafValues></_>
    <_>
      <internalNodes>
        0 -1 61477 -2.0198989659547806e-05</internalNodes>
      <leafValues>
        1.3239358365535736e-01 -1.2814095616340637e-01</leafValues></_>
    <_>
      <internalNodes>
        0 -1 58969 4.0220731170848012e-04</internalNodes>
      <leafValues>
        7.4439741671085358e-02 -2.1039158105850220e-01</leafValues></_>
    <_>
      <internalNodes>
        0 -1 49956 3.1589443096891046e-04</internalNodes>
      <leafValues>
        7.0280656218528748e-02 -2.0772282779216766e-01</leafValues></_>
    <_>
      <internalNodes>
        0 -1 48992 3.2066911808215082e-04</internalNodes>
      <leafValues>
        9.5387563109397888e-02 -1.5092915296554565e-01</leafValues></_>
    <_>
      <internalNodes>
        0 -1 34745 7.8481237869709730e-04</internalNodes>
      <leafValues>
        8.9885845780372620e-02 -1.6102841496467590e-01</leafValues></_>
    <_>
      <internalNodes>
        0 -1 44091 8.6107378592714667e-04</internalNodes>
      <leafValues>
        -9.1469362378120422e-02 1.6282141208648682e-01</leafValues></_>
    <_>
      <internalNodes>
        0 -1 55343 -8.0518104135990143e-02</internalNodes>
      <leafValues>
        -6.3605153560638428e-01 2.4627184495329857e-02</leafValues></_>
    <_>
      <internalNodes>
        0 -1 59945 -2.7053472585976124e-03</internalNodes>
      <leafValues>
        1.5302371978759766e-01 -1.0049483180046082e-01</leafValues></_>
    <_>
      <internalNodes>
        0 -1 61936 -1.9382498066988774e-05</internalNodes>
      <leafValues>
        1.2968860566616058e-01 -1.2330342084169388e-01</leafValues></_>
    <_>
      <internalNodes>
        0 -1 54044 2.0258198492228985e-04</internalNodes>
      <leafValues>
        1.0549017041921616e-01 -1.9669388234615326e-01</leafValues></_>
    <_>
      <internalNodes>
        0 -1 50677 9.2662379145622253e-02</internalNodes>
      <leafValues>
        -2.2998405620455742e-02 6.7272955179214478e-01</leafValues></_>
    <_>
      <internalNodes>
        0 -1 8193 -2.8972202539443970e-01</internalNodes>
      <leafValues>
        -9.8445051908493042e-01 1.8826916813850403e-02</leafValues></_>
    <_>
      <internalNodes>
        0 -1 14832 6.1928112991154194e-03</internalNodes>
      <leafValues>
        -8.1853240728378296e-02 1.8215337395668030e-01</leafValues></_>
    <_>
      <internalNodes>
        0 -1 38135 3.4234025515615940e-03</internalNodes>
      <leafValues>
        -3.0911006033420563e-02 4.9156254529953003e-01</leafValues></_>
    <_>
      <internalNodes>
        0 -1 38138 5.3918425692245364e-04</internalNodes>
      <leafValues>
        9.4110101461410522e-02 -1.9065791368484497e-01</leafValues></_>
    <_>
      <internalNodes>
        0 -1 71144 1.8889262719312683e-05</internalNodes>
      <leafValues>
        -9.5593743026256561e-02 1.4400744438171387e-01</leafValues></_>
    <_>
      <internalNodes>
        0 -1 54557 3.3459169790148735e-03</internalNodes>
      <leafValues>
        -9.8848044872283936e-02 1.5360124409198761e-01</leafValues></_>
    <_>
      <internalNodes>
        0 -1 75175 1.3104772660881281e-03</internalNodes>
      <leafValues>
        5.4293211549520493e-02 -2.7337646484375000e-01</leafValues></_>
    <_>
      <internalNodes>
        0 -1 34983 4.5254241675138474e-02</internalNodes>
      <leafValues>
        -1.0225159674882889e-01 1.4598461985588074e-01</leafValues></_>
    <_>
      <internalNodes>
        0 -1 44754 -1.6730146307963878e-04</internalNodes>
      <leafValues>
        1.3691189885139465e-01 -1.1200308799743652e-01</leafValues></_>
    <_>
      <internalNodes>
        0 -1 34440 -9.6487313508987427e-02</internalNodes>
      <leafValues>
        4.0605142712593079e-01 -3.7592243403196335e-02</leafValues></_>
    <_>
      <internalNodes>
        0 -1 56909 -6.8580079823732376e-04</internalNodes>
      <leafValues>
        -2.2490073740482330e-01 7.0275530219078064e-02</leafValues></_>
    <_>
      <internalNodes>
        0 -1 58348 -4.1230319766327739e-05</internalNodes>
      <leafValues>
        1.2541317939758301e-01 -1.2385887652635574e-01</leafValues></_>
    <_>
      <internalNodes>
        0 -1 75235 7.6369177550077438e-03</internalNodes>
      <leafValues>
        -6.2291774898767471e-02 2.2607058286666870e-01</leafValues></_>
    <_>
      <internalNodes>
        0 -1 69406 3.9702318608760834e-03</internalNodes>
      <leafValues>
        -4.4209744781255722e-02 3.0710956454277039e-01</leafValues></_></weakClassifiers></stage17>
</opencv_storage>
