<?xml version="1.0"?>
<opencv_storage>
<stage11>
  <maxWeakCount>85</maxWeakCount>
  <stageThreshold>-1.0472302436828613e+00</stageThreshold>
  <weakClassifiers>
    <_>
      <internalNodes>
        0 -1 22643 4.4395141303539276e-02</internalNodes>
      <leafValues>
        -1.5055079758167267e-01 2.5254812836647034e-01</leafValues></_>
    <_>
      <internalNodes>
        0 -1 65255 -3.7611366715282202e-03</internalNodes>
      <leafValues>
        2.0630580186843872e-01 -1.4627711474895477e-01</leafValues></_>
    <_>
      <internalNodes>
        0 -1 43451 1.3479265570640564e-01</internalNodes>
      <leafValues>
        -3.9964806288480759e-02 5.3012716770172119e-01</leafValues></_>
    <_>
      <internalNodes>
        0 -1 4357 -5.6802794337272644e-02</internalNodes>
      <leafValues>
        1.3830843567848206e-01 -1.8963527679443359e-01</leafValues></_>
    <_>
      <internalNodes>
        0 -1 69344 -1.0491924360394478e-02</internalNodes>
      <leafValues>
        1.8245196342468262e-01 -1.4238163828849792e-01</leafValues></_>
    <_>
      <internalNodes>
        0 -1 5704 3.9020949043333530e-03</internalNodes>
      <leafValues>
        -6.3912414014339447e-02 3.3508244156837463e-01</leafValues></_>
    <_>
      <internalNodes>
        0 -1 76429 3.4744194708764553e-03</internalNodes>
      <leafValues>
        -9.0147882699966431e-02 2.8195899724960327e-01</leafValues></_>
    <_>
      <internalNodes>
        0 -1 25138 -5.7115382514894009e-03</internalNodes>
      <leafValues>
        2.1438543498516083e-01 -1.2631750106811523e-01</leafValues></_>
    <_>
      <internalNodes>
        0 -1 75046 -2.4824014399200678e-03</internalNodes>
      <leafValues>
        2.1059376001358032e-01 -1.1227533966302872e-01</leafValues></_>
    <_>
      <internalNodes>
        0 -1 75967 2.2556953132152557e-02</internalNodes>
      <leafValues>
        8.3974331617355347e-02 -4.4988974928855896e-01</leafValues></_>
    <_>
      <internalNodes>
        0 -1 14322 -1.3184870476834476e-04</internalNodes>
      <leafValues>
        1.1203528940677643e-01 -1.8875613808631897e-01</leafValues></_>
    <_>
      <internalNodes>
        0 -1 54445 -3.3302097581326962e-03</internalNodes>
      <leafValues>
        2.6533424854278564e-01 -6.7750923335552216e-02</leafValues></_>
    <_>
      <internalNodes>
        0 -1 39783 2.3959381505846977e-03</internalNodes>
      <leafValues>
        -1.6222706437110901e-01 1.8291270732879639e-01</leafValues></_>
    <_>
      <internalNodes>
        0 -1 77931 -1.6893213614821434e-02</internalNodes>
      <leafValues>
        -3.2804188132286072e-01 6.4709067344665527e-02</leafValues></_>
    <_>
      <internalNodes>
        0 -1 39801 -1.9382498066988774e-05</internalNodes>
      <leafValues>
        1.3839235901832581e-01 -1.4275713264942169e-01</leafValues></_>
    <_>
      <internalNodes>
        0 -1 15012 6.6218033432960510e-02</internalNodes>
      <leafValues>
        -1.0671956837177277e-01 2.0890748500823975e-01</leafValues></_>
    <_>
      <internalNodes>
        0 -1 16145 -2.4639987386763096e-03</internalNodes>
      <leafValues>
        3.2026928663253784e-01 -5.3435988724231720e-02</leafValues></_>
    <_>
      <internalNodes>
        0 -1 7724 -5.7546272873878479e-02</internalNodes>
      <leafValues>
        -7.3683881759643555e-01 1.9432831555604935e-02</leafValues></_>
    <_>
      <internalNodes>
        0 -1 14321 -3.2076216302812099e-04</internalNodes>
      <leafValues>
        2.0145982503890991e-01 -9.4466172158718109e-02</leafValues></_>
    <_>
      <internalNodes>
        0 -1 72429 -6.3849752768874168e-04</internalNodes>
      <leafValues>
        1.9377593696117401e-01 -8.7906666100025177e-02</leafValues></_>
    <_>
      <internalNodes>
        0 -1 65635 -4.2127342894673347e-03</internalNodes>
      <leafValues>
        1.5898713469505310e-01 -1.2058646231889725e-01</leafValues></_>
    <_>
      <internalNodes>
        0 -1 14585 2.4643442593514919e-03</internalNodes>
      <leafValues>
        -1.1773355305194855e-01 1.6504982113838196e-01</leafValues></_>
    <_>
      <internalNodes>
        0 -1 69901 5.3123845718801022e-03</internalNodes>
      <leafValues>
        -1.2142217904329300e-01 1.5891957283020020e-01</leafValues></_>
    <_>
      <internalNodes>
        0 -1 74371 -2.9333331622183323e-03</internalNodes>
      <leafValues>
        3.3269599080085754e-01 -6.0536235570907593e-02</leafValues></_>
    <_>
      <internalNodes>
        0 -1 70512 -4.6501639299094677e-03</internalNodes>
      <leafValues>
        -3.7020975351333618e-01 5.4083574563264847e-02</leafValues></_>
    <_>
      <internalNodes>
        0 -1 4184 -7.6947137713432312e-02</internalNodes>
      <leafValues>
        -7.3698633909225464e-01 2.0858705043792725e-02</leafValues></_>
    <_>
      <internalNodes>
        0 -1 76123 4.0382407605648041e-03</internalNodes>
      <leafValues>
        -5.2389714866876602e-02 3.7104535102844238e-01</leafValues></_>
    <_>
      <internalNodes>
        0 -1 72928 1.5972597524523735e-02</internalNodes>
      <leafValues>
        3.1968466937541962e-02 -6.9051641225814819e-01</leafValues></_>
    <_>
      <internalNodes>
        0 -1 48982 -6.7006796598434448e-04</internalNodes>
      <leafValues>
        -2.5345656275749207e-01 6.1236694455146790e-02</leafValues></_>
    <_>
      <internalNodes>
        0 -1 10205 -3.4911178052425385e-02</internalNodes>
      <leafValues>
        6.0075032711029053e-01 -3.1707756221294403e-02</leafValues></_>
    <_>
      <internalNodes>
        0 -1 13634 -1.8502380698919296e-03</internalNodes>
      <leafValues>
        2.0161814987659454e-01 -9.8583206534385681e-02</leafValues></_>
    <_>
      <internalNodes>
        0 -1 6436 2.9626446776092052e-03</internalNodes>
      <leafValues>
        -8.0626629292964935e-02 2.4841693043708801e-01</leafValues></_>
    <_>
      <internalNodes>
        0 -1 5013 5.2198823541402817e-03</internalNodes>
      <leafValues>
        4.7403044998645782e-02 -3.7742078304290771e-01</leafValues></_>
    <_>
      <internalNodes>
        0 -1 52200 -1.2398096919059753e-01</internalNodes>
      <leafValues>
        5.6145823001861572e-01 -3.6345262080430984e-02</leafValues></_>
    <_>
      <internalNodes>
        0 -1 26969 -1.6936707543209195e-03</internalNodes>
      <leafValues>
        1.6357715427875519e-01 -1.2561120092868805e-01</leafValues></_>
    <_>
      <internalNodes>
        0 -1 21736 -1.9984747268608771e-05</internalNodes>
      <leafValues>
        1.4155746996402740e-01 -1.3586623966693878e-01</leafValues></_>
    <_>
      <internalNodes>
        0 -1 21810 -4.3503288179636002e-02</internalNodes>
      <leafValues>
        -8.4955239295959473e-01 1.7452668398618698e-02</leafValues></_>
    <_>
      <internalNodes>
        0 -1 24543 3.0107762664556503e-02</internalNodes>
      <leafValues>
        2.5835487991571426e-02 -6.6070479154586792e-01</leafValues></_>
    <_>
      <internalNodes>
        0 -1 46062 -1.1949124746024609e-03</internalNodes>
      <leafValues>
        1.7689062654972076e-01 -1.0582067817449570e-01</leafValues></_>
    <_>
      <internalNodes>
        0 -1 39998 1.7791666090488434e-02</internalNodes>
      <leafValues>
        -7.4057660996913910e-02 2.5313073396682739e-01</leafValues></_>
    <_>
      <internalNodes>
        0 -1 6453 1.0642755776643753e-02</internalNodes>
      <leafValues>
        -9.5364391803741455e-02 1.7743711173534393e-01</leafValues></_>
    <_>
      <internalNodes>
        0 -1 65327 2.3762005730532110e-04</internalNodes>
      <leafValues>
        9.2387802898883820e-02 -2.0124062895774841e-01</leafValues></_>
    <_>
      <internalNodes>
        0 -1 11735 -4.0405073377769440e-05</internalNodes>
      <leafValues>
        1.3787063956260681e-01 -1.2966902554035187e-01</leafValues></_>
    <_>
      <internalNodes>
        0 -1 26719 -1.0095721483230591e-01</internalNodes>
      <leafValues>
        4.0999683737754822e-01 -4.0829330682754517e-02</leafValues></_>
    <_>
      <internalNodes>
        0 -1 54643 -6.1053456738591194e-03</internalNodes>
      <leafValues>
        1.4218805730342865e-01 -1.3730610907077789e-01</leafValues></_>
    <_>
      <internalNodes>
        0 -1 51269 1.9713651388883591e-02</internalNodes>
      <leafValues>
        -4.3559499084949493e-02 4.0672856569290161e-01</leafValues></_>
    <_>
      <internalNodes>
        0 -1 4906 4.6869581565260887e-03</internalNodes>
      <leafValues>
        -8.6187146604061127e-02 2.0518383383750916e-01</leafValues></_>
    <_>
      <internalNodes>
        0 -1 5345 -6.6392230801284313e-03</internalNodes>
      <leafValues>
        -3.4387028217315674e-01 5.8555517345666885e-02</leafValues></_>
    <_>
      <internalNodes>
        0 -1 21104 1.7489488527644426e-05</internalNodes>
      <leafValues>
        -1.4247126877307892e-01 1.3082310557365417e-01</leafValues></_>
    <_>
      <internalNodes>
        0 -1 44496 8.6956040468066931e-04</internalNodes>
      <leafValues>
        7.0000998675823212e-02 -2.3934470117092133e-01</leafValues></_>
    <_>
      <internalNodes>
        0 -1 71064 2.3112385533750057e-03</internalNodes>
      <leafValues>
        -8.8076964020729065e-02 2.1048901975154877e-01</leafValues></_>
    <_>
      <internalNodes>
        0 -1 71110 -8.6386583279818296e-04</internalNodes>
      <leafValues>
        1.9087380170822144e-01 -1.0168211907148361e-01</leafValues></_>
    <_>
      <internalNodes>
        0 -1 77352 -8.0213278532028198e-02</internalNodes>
      <leafValues>
        -6.6623771190643311e-01 3.1002484261989594e-02</leafValues></_>
    <_>
      <internalNodes>
        0 -1 6078 -6.6135548986494541e-03</internalNodes>
      <leafValues>
        3.3111113309860229e-01 -4.9521472305059433e-02</leafValues></_>
    <_>
      <internalNodes>
        0 -1 6914 -3.8564721762668341e-05</internalNodes>
      <leafValues>
        1.2252337485551834e-01 -1.3200691342353821e-01</leafValues></_>
    <_>
      <internalNodes>
        0 -1 43853 4.6299643814563751e-02</internalNodes>
      <leafValues>
        -2.8089310973882675e-02 6.1780464649200439e-01</leafValues></_>
    <_>
      <internalNodes>
        0 -1 62323 -4.1050923755392432e-05</internalNodes>
      <leafValues>
        1.2786626815795898e-01 -1.3087022304534912e-01</leafValues></_>
    <_>
      <internalNodes>
        0 -1 65670 3.5284378100186586e-04</internalNodes>
      <leafValues>
        9.5953792333602905e-02 -1.7390652000904083e-01</leafValues></_>
    <_>
      <internalNodes>
        0 -1 21622 -4.9476642161607742e-03</internalNodes>
      <leafValues>
        1.3933528959751129e-01 -1.3805805146694183e-01</leafValues></_>
    <_>
      <internalNodes>
        0 -1 61446 -9.5130095724016428e-04</internalNodes>
      <leafValues>
        1.6224525868892670e-01 -1.0450460016727448e-01</leafValues></_>
    <_>
      <internalNodes>
        0 -1 6661 -6.3011661171913147e-02</internalNodes>
      <leafValues>
        -8.9069926738739014e-01 1.9377453252673149e-02</leafValues></_>
    <_>
      <internalNodes>
        0 -1 65269 1.9744053483009338e-02</internalNodes>
      <leafValues>
        -7.2422526776790619e-02 2.4427361786365509e-01</leafValues></_>
    <_>
      <internalNodes>
        0 -1 74908 -1.9958853954449296e-05</internalNodes>
      <leafValues>
        1.4232595264911652e-01 -1.3052725791931152e-01</leafValues></_>
    <_>
      <internalNodes>
        0 -1 74968 -4.2062067223014310e-05</internalNodes>
      <leafValues>
        1.4607609808444977e-01 -1.3029752671718597e-01</leafValues></_>
    <_>
      <internalNodes>
        0 -1 71777 -1.2771776877343655e-02</internalNodes>
      <leafValues>
        1.2176507711410522e-01 -1.7596045136451721e-01</leafValues></_>
    <_>
      <internalNodes>
        0 -1 53603 1.2416678480803967e-02</internalNodes>
      <leafValues>
        -8.9006721973419189e-02 1.9060195982456207e-01</leafValues></_>
    <_>
      <internalNodes>
        0 -1 58053 3.9090815931558609e-02</internalNodes>
      <leafValues>
        -3.3919654786586761e-02 5.2116620540618896e-01</leafValues></_>
    <_>
      <internalNodes>
        0 -1 72894 2.8248061425983906e-03</internalNodes>
      <leafValues>
        -1.1013109236955643e-01 1.6555587947368622e-01</leafValues></_>
    <_>
      <internalNodes>
        0 -1 69868 -1.0498727671802044e-02</internalNodes>
      <leafValues>
        1.7562738060951233e-01 -1.1212166398763657e-01</leafValues></_>
    <_>
      <internalNodes>
        0 -1 74247 1.7032235627993941e-03</internalNodes>
      <leafValues>
        -4.6090859919786453e-02 3.7654954195022583e-01</leafValues></_>
    <_>
      <internalNodes>
        0 -1 64204 -5.3844422101974487e-02</internalNodes>
      <leafValues>
        -4.5812740921974182e-01 3.9239328354597092e-02</leafValues></_>
    <_>
      <internalNodes>
        0 -1 65931 1.3244051486253738e-02</internalNodes>
      <leafValues>
        -7.6883725821971893e-02 2.1917417645454407e-01</leafValues></_>
    <_>
      <internalNodes>
        0 -1 7562 3.3550255000591278e-02</internalNodes>
      <leafValues>
        -2.2435817867517471e-02 7.3469048738479614e-01</leafValues></_>
    <_>
      <internalNodes>
        0 -1 24511 3.9087356999516487e-03</internalNodes>
      <leafValues>
        -5.2652783691883087e-02 2.8103321790695190e-01</leafValues></_>
    <_>
      <internalNodes>
        0 -1 75642 -9.3256065156310797e-04</internalNodes>
      <leafValues>
        1.4781475067138672e-01 -1.1866049468517303e-01</leafValues></_>
    <_>
      <internalNodes>
        0 -1 77677 -2.2751679643988609e-03</internalNodes>
      <leafValues>
        -2.7497977018356323e-01 6.4071044325828552e-02</leafValues></_>
    <_>
      <internalNodes>
        0 -1 33428 6.2295747920870781e-04</internalNodes>
      <leafValues>
        7.9524666070938110e-02 -2.3032207787036896e-01</leafValues></_>
    <_>
      <internalNodes>
        0 -1 43752 -2.3033008910715580e-03</internalNodes>
      <leafValues>
        1.5682515501976013e-01 -1.0838419198989868e-01</leafValues></_>
    <_>
      <internalNodes>
        0 -1 14651 2.4900116026401520e-02</internalNodes>
      <leafValues>
        -2.4895861744880676e-02 6.6486293077468872e-01</leafValues></_>
    <_>
      <internalNodes>
        0 -1 14642 -3.4138974733650684e-03</internalNodes>
      <leafValues>
        2.3933327198028564e-01 -7.0687167346477509e-02</leafValues></_>
    <_>
      <internalNodes>
        0 -1 75240 3.3887666650116444e-03</internalNodes>
      <leafValues>
        7.5191460549831390e-02 -2.5929519534111023e-01</leafValues></_>
    <_>
      <internalNodes>
        0 -1 73606 -9.9716102704405785e-03</internalNodes>
      <leafValues>
        2.4371086061000824e-01 -6.8678013980388641e-02</leafValues></_>
    <_>
      <internalNodes>
        0 -1 75866 -2.0970554032828659e-05</internalNodes>
      <leafValues>
        1.2630794942378998e-01 -1.5176534652709961e-01</leafValues></_>
    <_>
      <internalNodes>
        0 -1 78300 2.2603338584303856e-03</internalNodes>
      <leafValues>
        7.8687839210033417e-02 -2.3794659972190857e-01</leafValues></_>
    <_>
      <internalNodes>
        0 -1 10743 1.6900163609534502e-03</internalNodes>
      <leafValues>
        -7.7680148184299469e-02 2.3123629391193390e-01</leafValues></_></weakClassifiers></stage11>
</opencv_storage>
