<?xml version="1.0"?>
<opencv_storage>
<stage13>
  <maxWeakCount>87</maxWeakCount>
  <stageThreshold>-1.0863461494445801e+00</stageThreshold>
  <weakClassifiers>
    <_>
      <internalNodes>
        0 -1 56354 -6.4051710069179535e-04</internalNodes>
      <leafValues>
        -3.3886584639549255e-01 1.6623085737228394e-01</leafValues></_>
    <_>
      <internalNodes>
        0 -1 56359 8.4739481098949909e-04</internalNodes>
      <leafValues>
        1.2244475632905960e-01 -3.7735226750373840e-01</leafValues></_>
    <_>
      <internalNodes>
        0 -1 44066 -4.1711793164722621e-04</internalNodes>
      <leafValues>
        -2.9154285788536072e-01 1.1824521422386169e-01</leafValues></_>
    <_>
      <internalNodes>
        0 -1 44071 5.5068952497094870e-04</internalNodes>
      <leafValues>
        1.7292827367782593e-01 -2.4901911616325378e-01</leafValues></_>
    <_>
      <internalNodes>
        0 -1 59314 6.7332928301766515e-04</internalNodes>
      <leafValues>
        5.3597122430801392e-02 -3.3703359961509705e-01</leafValues></_>
    <_>
      <internalNodes>
        0 -1 59314 -2.6659667491912842e-04</internalNodes>
      <leafValues>
        -2.8053915500640869e-01 2.0027604699134827e-01</leafValues></_>
    <_>
      <internalNodes>
        0 -1 52520 -5.3150173276662827e-02</internalNodes>
      <leafValues>
        4.1332632303237915e-01 -1.0681861639022827e-01</leafValues></_>
    <_>
      <internalNodes>
        0 -1 65736 3.1543773366138339e-04</internalNodes>
      <leafValues>
        7.8751571476459503e-02 -2.5585028529167175e-01</leafValues></_>
    <_>
      <internalNodes>
        0 -1 44291 -3.0587625224143267e-04</internalNodes>
      <leafValues>
        -1.7029157280921936e-01 1.3752135634422302e-01</leafValues></_>
    <_>
      <internalNodes>
        0 -1 22365 3.1929725082591176e-04</internalNodes>
      <leafValues>
        7.6428420841693878e-02 -2.2486452758312225e-01</leafValues></_>
    <_>
      <internalNodes>
        0 -1 68672 1.1384498793631792e-03</internalNodes>
      <leafValues>
        -1.5327908098697662e-01 1.3627876341342926e-01</leafValues></_>
    <_>
      <internalNodes>
        0 -1 68676 3.7773378426209092e-04</internalNodes>
      <leafValues>
        1.2037209421396255e-01 -2.0066082477569580e-01</leafValues></_>
    <_>
      <internalNodes>
        0 -1 29602 1.2107922881841660e-01</internalNodes>
      <leafValues>
        -4.5836932957172394e-02 5.9705543518066406e-01</leafValues></_>
    <_>
      <internalNodes>
        0 -1 7622 2.8854759875684977e-04</internalNodes>
      <leafValues>
        1.1164464801549911e-01 -1.9772489368915558e-01</leafValues></_>
    <_>
      <internalNodes>
        0 -1 73521 6.8640965037047863e-04</internalNodes>
      <leafValues>
        5.0920873880386353e-02 -2.7285245060920715e-01</leafValues></_>
    <_>
      <internalNodes>
        0 -1 73521 -3.7489333772100508e-04</internalNodes>
      <leafValues>
        -2.0048543810844421e-01 1.3281910121440887e-01</leafValues></_>
    <_>
      <internalNodes>
        0 -1 22280 -5.0779545307159424e-01</internalNodes>
      <leafValues>
        -8.6185050010681152e-01 2.4996347725391388e-02</leafValues></_>
    <_>
      <internalNodes>
        0 -1 5259 -1.3556365668773651e-01</internalNodes>
      <leafValues>
        2.8720924258232117e-01 -7.3256701231002808e-02</leafValues></_>
    <_>
      <internalNodes>
        0 -1 54574 3.0197337036952376e-04</internalNodes>
      <leafValues>
        9.5084220170974731e-02 -2.1062605082988739e-01</leafValues></_>
    <_>
      <internalNodes>
        0 -1 54426 -4.5211953693069518e-04</internalNodes>
      <leafValues>
        -2.2773039340972900e-01 9.1265887022018433e-02</leafValues></_>
    <_>
      <internalNodes>
        0 -1 69979 -4.3445797637104988e-03</internalNodes>
      <leafValues>
        3.4889665246009827e-01 -5.0836086273193359e-02</leafValues></_>
    <_>
      <internalNodes>
        0 -1 58413 2.2755580022931099e-02</internalNodes>
      <leafValues>
        -8.3063215017318726e-02 2.2259598970413208e-01</leafValues></_>
    <_>
      <internalNodes>
        0 -1 57784 4.9189776182174683e-03</internalNodes>
      <leafValues>
        -3.1898912042379379e-02 6.6879028081893921e-01</leafValues></_>
    <_>
      <internalNodes>
        0 -1 740 -3.5884074168279767e-04</internalNodes>
      <leafValues>
        -2.3632350564002991e-01 8.6001098155975342e-02</leafValues></_>
    <_>
      <internalNodes>
        0 -1 78403 -1.4233954716473818e-03</internalNodes>
      <leafValues>
        -3.8159447908401489e-01 5.6091364473104477e-02</leafValues></_>
    <_>
      <internalNodes>
        0 -1 740 3.6095944233238697e-04</internalNodes>
      <leafValues>
        8.9727900922298431e-02 -1.9732555747032166e-01</leafValues></_>
    <_>
      <internalNodes>
        0 -1 53372 1.5449393540620804e-02</internalNodes>
      <leafValues>
        -4.6269092708826065e-02 4.5317113399505615e-01</leafValues></_>
    <_>
      <internalNodes>
        0 -1 9087 -6.3038906082510948e-03</internalNodes>
      <leafValues>
        2.2169895470142365e-01 -8.0044664442539215e-02</leafValues></_>
    <_>
      <internalNodes>
        0 -1 77601 -1.7612415831536055e-03</internalNodes>
      <leafValues>
        -3.0484271049499512e-01 5.6950934231281281e-02</leafValues></_>
    <_>
      <internalNodes>
        0 -1 63033 -2.3564188450109214e-04</internalNodes>
      <leafValues>
        -1.7139674723148346e-01 1.0312458127737045e-01</leafValues></_>
    <_>
      <internalNodes>
        0 -1 46878 -1.7797296866774559e-02</internalNodes>
      <leafValues>
        7.3926824331283569e-01 -2.3289028555154800e-02</leafValues></_>
    <_>
      <internalNodes>
        0 -1 77598 1.9830908058793284e-05</internalNodes>
      <leafValues>
        -1.4437381923198700e-01 1.2394691258668900e-01</leafValues></_>
    <_>
      <internalNodes>
        0 -1 21104 3.8909172872081399e-05</internalNodes>
      <leafValues>
        -1.4346738159656525e-01 1.1888948082923889e-01</leafValues></_>
    <_>
      <internalNodes>
        0 -1 6809 4.6622984111309052e-02</internalNodes>
      <leafValues>
        3.4902073442935944e-02 -5.6729197502136230e-01</leafValues></_>
    <_>
      <internalNodes>
        0 -1 65749 1.4690606622025371e-03</internalNodes>
      <leafValues>
        6.2191352248191833e-02 -2.5991013646125793e-01</leafValues></_>
    <_>
      <internalNodes>
        0 -1 74361 1.8117938190698624e-02</internalNodes>
      <leafValues>
        -1.1436269432306290e-01 1.6110481321811676e-01</leafValues></_>
    <_>
      <internalNodes>
        0 -1 64743 -1.1446822900325060e-03</internalNodes>
      <leafValues>
        -1.9097779691219330e-01 9.8345719277858734e-02</leafValues></_>
    <_>
      <internalNodes>
        0 -1 7949 -2.9036030173301697e-01</internalNodes>
      <leafValues>
        -4.8346814513206482e-01 3.7831291556358337e-02</leafValues></_>
    <_>
      <internalNodes>
        0 -1 65749 -7.5112085323780775e-04</internalNodes>
      <leafValues>
        -2.0386883616447449e-01 7.8182555735111237e-02</leafValues></_>
    <_>
      <internalNodes>
        0 -1 59359 1.4368761330842972e-02</internalNodes>
      <leafValues>
        -4.1782435029745102e-02 4.0517777204513550e-01</leafValues></_>
    <_>
      <internalNodes>
        0 -1 46207 -7.9434789717197418e-02</internalNodes>
      <leafValues>
        -7.0930898189544678e-01 2.3806819692254066e-02</leafValues></_>
    <_>
      <internalNodes>
        0 -1 36868 -6.0549270361661911e-02</internalNodes>
      <leafValues>
        5.0839364528656006e-01 -3.9139706641435623e-02</leafValues></_>
    <_>
      <internalNodes>
        0 -1 48225 -8.6555583402514458e-03</internalNodes>
      <leafValues>
        7.3338788747787476e-01 -2.2545363754034042e-02</leafValues></_>
    <_>
      <internalNodes>
        0 -1 16274 -3.8640487939119339e-02</internalNodes>
      <leafValues>
        -3.4714770317077637e-01 5.5206023156642914e-02</leafValues></_>
    <_>
      <internalNodes>
        0 -1 2022 -7.8419297933578491e-03</internalNodes>
      <leafValues>
        2.0803341269493103e-01 -8.0339007079601288e-02</leafValues></_>
    <_>
      <internalNodes>
        0 -1 16039 1.8073160201311111e-02</internalNodes>
      <leafValues>
        -1.1719461530447006e-01 1.4596644043922424e-01</leafValues></_>
    <_>
      <internalNodes>
        0 -1 74487 -1.1603162623941898e-02</internalNodes>
      <leafValues>
        7.6213943958282471e-01 -2.4657504633069038e-02</leafValues></_>
    <_>
      <internalNodes>
        0 -1 29135 -1.3304244726896286e-02</internalNodes>
      <leafValues>
        1.9898793101310730e-01 -8.1034772098064423e-02</leafValues></_>
    <_>
      <internalNodes>
        0 -1 78213 1.4315288281068206e-03</internalNodes>
      <leafValues>
        7.2198458015918732e-02 -2.4168327450752258e-01</leafValues></_>
    <_>
      <internalNodes>
        0 -1 3802 -2.0475870370864868e-01</internalNodes>
      <leafValues>
        -7.6848465204238892e-01 2.0845342427492142e-02</leafValues></_>
    <_>
      <internalNodes>
        0 -1 39342 -1.8116438295692205e-03</internalNodes>
      <leafValues>
        -2.3036649823188782e-01 7.0704840123653412e-02</leafValues></_>
    <_>
      <internalNodes>
        0 -1 53444 2.1341242245398462e-04</internalNodes>
      <leafValues>
        9.4182282686233521e-02 -1.6986770927906036e-01</leafValues></_>
    <_>
      <internalNodes>
        0 -1 53444 -4.9937999574467540e-04</internalNodes>
      <leafValues>
        -2.3123601078987122e-01 8.4088720381259918e-02</leafValues></_>
    <_>
      <internalNodes>
        0 -1 57392 -5.4241633042693138e-03</internalNodes>
      <leafValues>
        5.4281359910964966e-01 -3.0248336493968964e-02</leafValues></_>
    <_>
      <internalNodes>
        0 -1 54426 -4.1213956137653440e-05</internalNodes>
      <leafValues>
        1.2618519365787506e-01 -1.3277953863143921e-01</leafValues></_>
    <_>
      <internalNodes>
        0 -1 39049 8.5757933557033539e-03</internalNodes>
      <leafValues>
        -8.4724687039852142e-02 2.1430838108062744e-01</leafValues></_>
    <_>
      <internalNodes>
        0 -1 76463 -4.1292989626526833e-03</internalNodes>
      <leafValues>
        -2.5954666733741760e-01 6.4718984067440033e-02</leafValues></_>
    <_>
      <internalNodes>
        0 -1 48759 2.2395871579647064e-02</internalNodes>
      <leafValues>
        -3.4337557852268219e-02 5.4119795560836792e-01</leafValues></_>
    <_>
      <internalNodes>
        0 -1 24132 -1.7774488776922226e-02</internalNodes>
      <leafValues>
        2.0460659265518188e-01 -8.6477972567081451e-02</leafValues></_>
    <_>
      <internalNodes>
        0 -1 51276 5.0770556554198265e-03</internalNodes>
      <leafValues>
        5.2471764385700226e-02 -3.3807054162025452e-01</leafValues></_>
    <_>
      <internalNodes>
        0 -1 28274 4.5826129615306854e-02</internalNodes>
      <leafValues>
        -5.4066736251115799e-02 3.2015946507453918e-01</leafValues></_>
    <_>
      <internalNodes>
        0 -1 77399 -3.4479750320315361e-03</internalNodes>
      <leafValues>
        -3.1144142150878906e-01 5.2519395947456360e-02</leafValues></_>
    <_>
      <internalNodes>
        0 -1 57946 4.7720884904265404e-03</internalNodes>
      <leafValues>
        -8.4277711808681488e-02 2.0738525688648224e-01</leafValues></_>
    <_>
      <internalNodes>
        0 -1 51630 -3.2735877903178334e-04</internalNodes>
      <leafValues>
        -2.1161578595638275e-01 8.1182688474655151e-02</leafValues></_>
    <_>
      <internalNodes>
        0 -1 57068 1.0157456621527672e-02</internalNodes>
      <leafValues>
        -9.2065170407295227e-02 2.1271704137325287e-01</leafValues></_>
    <_>
      <internalNodes>
        0 -1 55758 7.4514849111437798e-03</internalNodes>
      <leafValues>
        6.2595076858997345e-02 -2.9945516586303711e-01</leafValues></_>
    <_>
      <internalNodes>
        0 -1 20565 5.6523270905017853e-02</internalNodes>
      <leafValues>
        -7.6909042894840240e-02 2.5914186239242554e-01</leafValues></_>
    <_>
      <internalNodes>
        0 -1 28827 3.5239405930042267e-02</internalNodes>
      <leafValues>
        -9.6763931214809418e-02 1.8254442512989044e-01</leafValues></_>
    <_>
      <internalNodes>
        0 -1 22012 2.5605031847953796e-01</internalNodes>
      <leafValues>
        2.9139243066310883e-02 -6.0131680965423584e-01</leafValues></_>
    <_>
      <internalNodes>
        0 -1 63739 -5.3564358502626419e-02</internalNodes>
      <leafValues>
        2.1573768556118011e-01 -7.7681981027126312e-02</leafValues></_>
    <_>
      <internalNodes>
        0 -1 72453 5.5441446602344513e-02</internalNodes>
      <leafValues>
        2.2149082273244858e-02 -7.6874935626983643e-01</leafValues></_>
    <_>
      <internalNodes>
        0 -1 45136 2.3117018281482160e-04</internalNodes>
      <leafValues>
        8.4713503718376160e-02 -2.1420475840568542e-01</leafValues></_>
    <_>
      <internalNodes>
        0 -1 16 9.7997598350048065e-03</internalNodes>
      <leafValues>
        -6.0930822044610977e-02 2.7356931567192078e-01</leafValues></_>
    <_>
      <internalNodes>
        0 -1 2180 -9.1249204706400633e-04</internalNodes>
      <leafValues>
        1.3698452711105347e-01 -1.2446960061788559e-01</leafValues></_>
    <_>
      <internalNodes>
        0 -1 4858 6.7065567709505558e-03</internalNodes>
      <leafValues>
        3.2046388834714890e-02 -5.3851258754730225e-01</leafValues></_>
    <_>
      <internalNodes>
        0 -1 74865 -1.3352690439205617e-04</internalNodes>
      <leafValues>
        1.3377678394317627e-01 -1.2231385707855225e-01</leafValues></_>
    <_>
      <internalNodes>
        0 -1 45136 -7.3236180469393730e-04</internalNodes>
      <leafValues>
        -2.4185113608837128e-01 7.1956656873226166e-02</leafValues></_>
    <_>
      <internalNodes>
        0 -1 20225 4.4019848108291626e-02</internalNodes>
      <leafValues>
        2.0623458549380302e-02 -8.0819082260131836e-01</leafValues></_>
    <_>
      <internalNodes>
        0 -1 49185 -2.5956769241020083e-04</internalNodes>
      <leafValues>
        -2.0513787865638733e-01 8.1193983554840088e-02</leafValues></_>
    <_>
      <internalNodes>
        0 -1 33990 3.5616192035377026e-03</internalNodes>
      <leafValues>
        -1.3264565169811249e-01 1.4121393859386444e-01</leafValues></_>
    <_>
      <internalNodes>
        0 -1 44743 3.3595268614590168e-03</internalNodes>
      <leafValues>
        -1.0641746222972870e-01 1.9152781367301941e-01</leafValues></_>
    <_>
      <internalNodes>
        0 -1 64319 -1.3860684633255005e-01</internalNodes>
      <leafValues>
        5.6091892719268799e-01 -3.6061190068721771e-02</leafValues></_>
    <_>
      <internalNodes>
        0 -1 54606 1.3048009714111686e-04</internalNodes>
      <leafValues>
        -1.5282417833805084e-01 1.1443290859460831e-01</leafValues></_>
    <_>
      <internalNodes>
        0 -1 77782 4.1978497756645083e-04</internalNodes>
      <leafValues>
        7.8947767615318298e-02 -2.1755634248256683e-01</leafValues></_>
    <_>
      <internalNodes>
        0 -1 52425 -1.4959722757339478e-02</internalNodes>
      <leafValues>
        5.8542209863662720e-01 -2.9138345271348953e-02</leafValues></_>
    <_>
      <internalNodes>
        0 -1 52881 -8.9010726660490036e-03</internalNodes>
      <leafValues>
        2.3725546896457672e-01 -6.4511448144912720e-02</leafValues></_>
    <_>
      <internalNodes>
        0 -1 57389 -2.5914466823451221e-04</internalNodes>
      <leafValues>
        -1.9340705871582031e-01 9.1946586966514587e-02</leafValues></_></weakClassifiers></stage13>
</opencv_storage>
