<?xml version="1.0"?>
<opencv_storage>
<stage15>
  <maxWeakCount>97</maxWeakCount>
  <stageThreshold>-1.0453927516937256e+00</stageThreshold>
  <weakClassifiers>
    <_>
      <internalNodes>
        0 -1 1103 2.2319599986076355e-01</internalNodes>
      <leafValues>
        -4.6979866921901703e-02 3.6793541908264160e-01</leafValues></_>
    <_>
      <internalNodes>
        0 -1 40670 1.0162788629531860e-01</internalNodes>
      <leafValues>
        -5.1458593457937241e-02 3.9976537227630615e-01</leafValues></_>
    <_>
      <internalNodes>
        0 -1 77413 -2.0607840269804001e-03</internalNodes>
      <leafValues>
        2.5740814208984375e-01 -8.9046560227870941e-02</leafValues></_>
    <_>
      <internalNodes>
        0 -1 77457 2.4643964134156704e-03</internalNodes>
      <leafValues>
        -1.0846913605928421e-01 4.0035855770111084e-01</leafValues></_>
    <_>
      <internalNodes>
        0 -1 29601 -2.2652775049209595e-02</internalNodes>
      <leafValues>
        2.0898920297622681e-01 -1.0733658820390701e-01</leafValues></_>
    <_>
      <internalNodes>
        0 -1 36557 2.3470822721719742e-02</internalNodes>
      <leafValues>
        -1.0188684612512589e-01 2.6186531782150269e-01</leafValues></_>
    <_>
      <internalNodes>
        0 -1 7542 -1.9490960767143406e-05</internalNodes>
      <leafValues>
        1.4479510486125946e-01 -1.3123016059398651e-01</leafValues></_>
    <_>
      <internalNodes>
        0 -1 22465 -1.4747408218681812e-02</internalNodes>
      <leafValues>
        2.0267373323440552e-01 -8.0480873584747314e-02</leafValues></_>
    <_>
      <internalNodes>
        0 -1 5308 4.0910199459176511e-05</internalNodes>
      <leafValues>
        -1.1233183741569519e-01 1.5383861958980560e-01</leafValues></_>
    <_>
      <internalNodes>
        0 -1 5308 -1.9942726794397458e-05</internalNodes>
      <leafValues>
        1.7716477811336517e-01 -1.3552118837833405e-01</leafValues></_>
    <_>
      <internalNodes>
        0 -1 5308 4.0910199459176511e-05</internalNodes>
      <leafValues>
        -1.2156991660594940e-01 1.5927977859973907e-01</leafValues></_>
    <_>
      <internalNodes>
        0 -1 7293 -2.6181410998106003e-02</internalNodes>
      <leafValues>
        2.5655245780944824e-01 -5.8200288563966751e-02</leafValues></_>
    <_>
      <internalNodes>
        0 -1 27469 -3.9484861190430820e-05</internalNodes>
      <leafValues>
        1.0722082108259201e-01 -1.5770590305328369e-01</leafValues></_>
    <_>
      <internalNodes>
        0 -1 53868 2.2765874746255577e-04</internalNodes>
      <leafValues>
        8.4495812654495239e-02 -1.9084265828132629e-01</leafValues></_>
    <_>
      <internalNodes>
        0 -1 9779 -5.4108828306198120e-02</internalNodes>
      <leafValues>
        -4.9732789397239685e-01 4.2230661958456039e-02</leafValues></_>
    <_>
      <internalNodes>
        0 -1 28088 3.5448111593723297e-03</internalNodes>
      <leafValues>
        -7.8849539160728455e-02 2.1353539824485779e-01</leafValues></_>
    <_>
      <internalNodes>
        0 -1 33434 -3.3141218591481447e-04</internalNodes>
      <leafValues>
        1.3481929898262024e-01 -1.2933535873889923e-01</leafValues></_>
    <_>
      <internalNodes>
        0 -1 69976 -1.3730041682720184e-03</internalNodes>
      <leafValues>
        3.0370661616325378e-01 -6.0202665627002716e-02</leafValues></_>
    <_>
      <internalNodes>
        0 -1 63859 -3.4233956830576062e-04</internalNodes>
      <leafValues>
        -1.7043158411979675e-01 9.9691174924373627e-02</leafValues></_>
    <_>
      <internalNodes>
        0 -1 71144 -3.8411395507864654e-05</internalNodes>
      <leafValues>
        1.4414992928504944e-01 -1.1750189960002899e-01</leafValues></_>
    <_>
      <internalNodes>
        0 -1 65060 -4.6287532313726842e-05</internalNodes>
      <leafValues>
        1.2421121448278427e-01 -1.2454853206872940e-01</leafValues></_>
    <_>
      <internalNodes>
        0 -1 8228 -9.4535231590270996e-02</internalNodes>
      <leafValues>
        1.1954848468303680e-01 -1.3762605190277100e-01</leafValues></_>
    <_>
      <internalNodes>
        0 -1 30580 -8.6068406701087952e-02</internalNodes>
      <leafValues>
        1.9453525543212891e-01 -1.1261324584484100e-01</leafValues></_>
    <_>
      <internalNodes>
        0 -1 17343 -6.8763028830289841e-03</internalNodes>
      <leafValues>
        1.7411643266677856e-01 -1.1781162768602371e-01</leafValues></_>
    <_>
      <internalNodes>
        0 -1 24499 2.4097966961562634e-03</internalNodes>
      <leafValues>
        -4.8306412994861603e-02 3.5691058635711670e-01</leafValues></_>
    <_>
      <internalNodes>
        0 -1 50323 -9.5838215202093124e-03</internalNodes>
      <leafValues>
        3.3070161938667297e-01 -4.7785241156816483e-02</leafValues></_>
    <_>
      <internalNodes>
        0 -1 43237 7.0212245918810368e-04</internalNodes>
      <leafValues>
        8.9813940227031708e-02 -1.8570004403591156e-01</leafValues></_>
    <_>
      <internalNodes>
        0 -1 48747 -8.8633343693800271e-05</internalNodes>
      <leafValues>
        1.2488956004381180e-01 -1.2059785425662994e-01</leafValues></_>
    <_>
      <internalNodes>
        0 -1 53903 -5.0736339762806892e-03</internalNodes>
      <leafValues>
        1.7316681146621704e-01 -1.0227399319410324e-01</leafValues></_>
    <_>
      <internalNodes>
        0 -1 27654 5.7490352541208267e-02</internalNodes>
      <leafValues>
        -6.6310018301010132e-02 3.1864693760871887e-01</leafValues></_>
    <_>
      <internalNodes>
        0 -1 6695 -1.1935586808249354e-03</internalNodes>
      <leafValues>
        -2.9001051187515259e-01 6.9698125123977661e-02</leafValues></_>
    <_>
      <internalNodes>
        0 -1 36376 -1.2308587320148945e-03</internalNodes>
      <leafValues>
        1.7155006527900696e-01 -9.5774523913860321e-02</leafValues></_>
    <_>
      <internalNodes>
        0 -1 2389 5.7934150099754333e-02</internalNodes>
      <leafValues>
        -2.5144176557660103e-02 5.3192687034606934e-01</leafValues></_>
    <_>
      <internalNodes>
        0 -1 55179 6.8577587604522705e-02</internalNodes>
      <leafValues>
        -5.1039900630712509e-02 3.1630432605743408e-01</leafValues></_>
    <_>
      <internalNodes>
        0 -1 56366 -1.2621663045138121e-03</internalNodes>
      <leafValues>
        -2.3057354986667633e-01 6.7389130592346191e-02</leafValues></_>
    <_>
      <internalNodes>
        0 -1 58558 -2.5113946758210659e-03</internalNodes>
      <leafValues>
        5.8009415864944458e-01 -2.8050545603036880e-02</leafValues></_>
    <_>
      <internalNodes>
        0 -1 7141 4.1037957998923957e-05</internalNodes>
      <leafValues>
        -1.2280638515949249e-01 1.2736244499683380e-01</leafValues></_>
    <_>
      <internalNodes>
        0 -1 45353 -1.0596064850687981e-02</internalNodes>
      <leafValues>
        2.2663205862045288e-01 -7.1301408112049103e-02</leafValues></_>
    <_>
      <internalNodes>
        0 -1 535 5.4734747391194105e-04</internalNodes>
      <leafValues>
        -1.3708432018756866e-01 1.3323085010051727e-01</leafValues></_>
    <_>
      <internalNodes>
        0 -1 51081 -1.3893243670463562e-01</internalNodes>
      <leafValues>
        2.1580062806606293e-01 -7.4333064258098602e-02</leafValues></_>
    <_>
      <internalNodes>
        0 -1 76327 3.3741168677806854e-02</internalNodes>
      <leafValues>
        -3.4461554139852524e-02 5.0938671827316284e-01</leafValues></_>
    <_>
      <internalNodes>
        0 -1 0 -3.4215379855595529e-04</internalNodes>
      <leafValues>
        -2.3588889837265015e-01 7.1729905903339386e-02</leafValues></_>
    <_>
      <internalNodes>
        0 -1 0 2.1624950750265270e-04</internalNodes>
      <leafValues>
        1.0831723362207413e-01 -2.2121410071849823e-01</leafValues></_>
    <_>
      <internalNodes>
        0 -1 4 -3.6854456993751228e-05</internalNodes>
      <leafValues>
        1.4955571293830872e-01 -1.2326955795288086e-01</leafValues></_>
    <_>
      <internalNodes>
        0 -1 77617 -4.4850701669929549e-05</internalNodes>
      <leafValues>
        1.2779656052589417e-01 -1.2551613152027130e-01</leafValues></_>
    <_>
      <internalNodes>
        0 -1 7092 8.2281939685344696e-02</internalNodes>
      <leafValues>
        2.3571165278553963e-02 -7.0660036802291870e-01</leafValues></_>
    <_>
      <internalNodes>
        0 -1 56827 1.0925852507352829e-01</internalNodes>
      <leafValues>
        1.9225686788558960e-02 -7.3435962200164795e-01</leafValues></_>
    <_>
      <internalNodes>
        0 -1 24680 -2.7102015912532806e-02</internalNodes>
      <leafValues>
        2.0805592834949493e-01 -9.2414371669292450e-02</leafValues></_>
    <_>
      <internalNodes>
        0 -1 33391 -1.3770940713584423e-02</internalNodes>
      <leafValues>
        2.7906167507171631e-01 -5.8117780834436417e-02</leafValues></_>
    <_>
      <internalNodes>
        0 -1 19221 -2.3104237698134966e-05</internalNodes>
      <leafValues>
        1.1162348091602325e-01 -1.4432922005653381e-01</leafValues></_>
    <_>
      <internalNodes>
        0 -1 4938 -6.6944253630936146e-03</internalNodes>
      <leafValues>
        -2.2884067893028259e-01 7.5233682990074158e-02</leafValues></_>
    <_>
      <internalNodes>
        0 -1 11746 9.3862833455204964e-03</internalNodes>
      <leafValues>
        -2.8228541836142540e-02 6.3439297676086426e-01</leafValues></_>
    <_>
      <internalNodes>
        0 -1 49773 -1.4896888751536608e-03</internalNodes>
      <leafValues>
        -2.1420329809188843e-01 7.8077077865600586e-02</leafValues></_>
    <_>
      <internalNodes>
        0 -1 27726 -2.1819327026605606e-02</internalNodes>
      <leafValues>
        1.3688310980796814e-01 -1.2418837100267410e-01</leafValues></_>
    <_>
      <internalNodes>
        0 -1 51889 -1.3654103875160217e-01</internalNodes>
      <leafValues>
        6.0058414936065674e-01 -2.6633312925696373e-02</leafValues></_>
    <_>
      <internalNodes>
        0 -1 48382 -3.1496612355113029e-03</internalNodes>
      <leafValues>
        1.3769008219242096e-01 -1.2549021840095520e-01</leafValues></_>
    <_>
      <internalNodes>
        0 -1 46953 1.5046844258904457e-02</internalNodes>
      <leafValues>
        5.2753750234842300e-02 -3.1064653396606445e-01</leafValues></_>
    <_>
      <internalNodes>
        0 -1 27130 -8.5261464118957520e-02</internalNodes>
      <leafValues>
        -4.3710777163505554e-01 3.9148353040218353e-02</leafValues></_>
    <_>
      <internalNodes>
        0 -1 66048 -9.0494379401206970e-04</internalNodes>
      <leafValues>
        1.2920115888118744e-01 -1.2815691530704498e-01</leafValues></_>
    <_>
      <internalNodes>
        0 -1 64014 -1.0155260562896729e-02</internalNodes>
      <leafValues>
        1.5282192826271057e-01 -1.2231142073869705e-01</leafValues></_>
    <_>
      <internalNodes>
        0 -1 24952 -2.8786570765078068e-03</internalNodes>
      <leafValues>
        4.1956070065498352e-01 -3.8767591118812561e-02</leafValues></_>
    <_>
      <internalNodes>
        0 -1 76116 2.8284373693168163e-03</internalNodes>
      <leafValues>
        -4.0863249450922012e-02 3.9980331063270569e-01</leafValues></_>
    <_>
      <internalNodes>
        0 -1 38134 4.5392839238047600e-03</internalNodes>
      <leafValues>
        -2.0402293652296066e-02 7.2258383035659790e-01</leafValues></_>
    <_>
      <internalNodes>
        0 -1 78403 -1.9887676899088547e-05</internalNodes>
      <leafValues>
        1.3719673454761505e-01 -1.1607681214809418e-01</leafValues></_>
    <_>
      <internalNodes>
        0 -1 77346 -2.9196650721132755e-03</internalNodes>
      <leafValues>
        -2.9928773641586304e-01 5.6305482983589172e-02</leafValues></_>
    <_>
      <internalNodes>
        0 -1 74118 9.1975886607542634e-04</internalNodes>
      <leafValues>
        -6.6447965800762177e-02 2.6742461323738098e-01</leafValues></_>
    <_>
      <internalNodes>
        0 -1 76116 -4.0938306483440101e-05</internalNodes>
      <leafValues>
        1.2876613438129425e-01 -1.2794524431228638e-01</leafValues></_>
    <_>
      <internalNodes>
        0 -1 77917 5.0243129953742027e-03</internalNodes>
      <leafValues>
        -7.9022020101547241e-02 2.2407031059265137e-01</leafValues></_>
    <_>
      <internalNodes>
        0 -1 77893 1.7489488527644426e-05</internalNodes>
      <leafValues>
        -1.4345644414424896e-01 1.3763132691383362e-01</leafValues></_>
    <_>
      <internalNodes>
        0 -1 44933 4.2375777848064899e-03</internalNodes>
      <leafValues>
        -4.4639907777309418e-02 3.8380327820777893e-01</leafValues></_>
    <_>
      <internalNodes>
        0 -1 16150 8.6918445304036140e-03</internalNodes>
      <leafValues>
        -4.5576710253953934e-02 3.6396545171737671e-01</leafValues></_>
    <_>
      <internalNodes>
        0 -1 65072 1.1891033500432968e-02</internalNodes>
      <leafValues>
        -5.6925151497125626e-02 3.1335189938545227e-01</leafValues></_>
    <_>
      <internalNodes>
        0 -1 46873 -5.0462549552321434e-03</internalNodes>
      <leafValues>
        5.5446505546569824e-01 -2.8521876782178879e-02</leafValues></_>
    <_>
      <internalNodes>
        0 -1 62133 -3.8424000144004822e-02</internalNodes>
      <leafValues>
        4.4221988320350647e-01 -3.2568626105785370e-02</leafValues></_>
    <_>
      <internalNodes>
        0 -1 34182 -8.6996791651472449e-05</internalNodes>
      <leafValues>
        1.2388484179973602e-01 -1.4232547581195831e-01</leafValues></_>
    <_>
      <internalNodes>
        0 -1 77362 -9.7663491033017635e-05</internalNodes>
      <leafValues>
        1.3998132944107056e-01 -1.2088369578123093e-01</leafValues></_>
    <_>
      <internalNodes>
        0 -1 28652 2.5869708042591810e-03</internalNodes>
      <leafValues>
        -2.9096469283103943e-02 5.3517854213714600e-01</leafValues></_>
    <_>
      <internalNodes>
        0 -1 76650 -5.8035145048052073e-04</internalNodes>
      <leafValues>
        -2.0974054932594299e-01 7.6067455112934113e-02</leafValues></_>
    <_>
      <internalNodes>
        0 -1 58602 -1.1050566099584103e-03</internalNodes>
      <leafValues>
        -2.6159280538558960e-01 6.1601322144269943e-02</leafValues></_>
    <_>
      <internalNodes>
        0 -1 58602 6.3768145628273487e-04</internalNodes>
      <leafValues>
        8.8066264986991882e-02 -2.2410079836845398e-01</leafValues></_>
    <_>
      <internalNodes>
        0 -1 55728 -2.2438415326178074e-03</internalNodes>
      <leafValues>
        5.1409769058227539e-01 -3.7598960101604462e-02</leafValues></_>
    <_>
      <internalNodes>
        0 -1 76134 1.4729358954355121e-03</internalNodes>
      <leafValues>
        -1.1244689673185349e-01 1.4124278724193573e-01</leafValues></_>
    <_>
      <internalNodes>
        0 -1 58705 -2.4456914514303207e-02</internalNodes>
      <leafValues>
        2.6160266995429993e-01 -6.2335647642612457e-02</leafValues></_>
    <_>
      <internalNodes>
        0 -1 61256 -2.0256435163901187e-05</internalNodes>
      <leafValues>
        1.3766176998615265e-01 -1.2407329678535461e-01</leafValues></_>
    <_>
      <internalNodes>
        0 -1 64105 -1.3038374017924070e-03</internalNodes>
      <leafValues>
        -2.1019259095191956e-01 7.3139570653438568e-02</leafValues></_>
    <_>
      <internalNodes>
        0 -1 47844 1.5246769413352013e-02</internalNodes>
      <leafValues>
        -4.9619793891906738e-02 3.2087960839271545e-01</leafValues></_>
    <_>
      <internalNodes>
        0 -1 74819 -6.4865788444876671e-03</internalNodes>
      <leafValues>
        -4.8239421844482422e-01 3.4790392965078354e-02</leafValues></_>
    <_>
      <internalNodes>
        0 -1 74789 -4.3777232349384576e-05</internalNodes>
      <leafValues>
        1.2498086690902710e-01 -1.3715139031410217e-01</leafValues></_>
    <_>
      <internalNodes>
        0 -1 31637 -2.9891628772020340e-02</internalNodes>
      <leafValues>
        5.8453094959259033e-01 -2.6011087000370026e-02</leafValues></_>
    <_>
      <internalNodes>
        0 -1 78206 -4.4287322089076042e-03</internalNodes>
      <leafValues>
        3.5934919118881226e-01 -3.9609953761100769e-02</leafValues></_>
    <_>
      <internalNodes>
        0 -1 67203 -6.6114896908402443e-03</internalNodes>
      <leafValues>
        1.4641533792018890e-01 -1.0898143053054810e-01</leafValues></_>
    <_>
      <internalNodes>
        0 -1 75500 -4.6999347396194935e-03</internalNodes>
      <leafValues>
        1.6972915828227997e-01 -1.0250053554773331e-01</leafValues></_>
    <_>
      <internalNodes>
        0 -1 77447 5.7463408447802067e-03</internalNodes>
      <leafValues>
        3.1153386458754539e-02 -5.4090583324432373e-01</leafValues></_>
    <_>
      <internalNodes>
        0 -1 49831 -5.2808795124292374e-02</internalNodes>
      <leafValues>
        5.7660162448883057e-01 -2.9955031350255013e-02</leafValues></_>
    <_>
      <internalNodes>
        0 -1 38413 -1.6644114628434181e-02</internalNodes>
      <leafValues>
        3.0346718430519104e-01 -4.9002576619386673e-02</leafValues></_>
    <_>
      <internalNodes>
        0 -1 57591 -2.0132345525780693e-05</internalNodes>
      <leafValues>
        1.3128612935543060e-01 -1.4713710546493530e-01</leafValues></_>
    <_>
      <internalNodes>
        0 -1 7969 -1.1500395089387894e-01</internalNodes>
      <leafValues>
        4.5942911505699158e-01 -3.5090439021587372e-02</leafValues></_></weakClassifiers></stage15>
</opencv_storage>
