<?xml version="1.0"?>
<opencv_storage>
<stage19>
  <maxWeakCount>100</maxWeakCount>
  <stageThreshold>-9.1411185264587402e-01</stageThreshold>
  <weakClassifiers>
    <_>
      <internalNodes>
        0 -1 37724 1.9384804368019104e-01</internalNodes>
      <leafValues>
        1.2448132969439030e-02 6.0299623012542725e-01</leafValues></_>
    <_>
      <internalNodes>
        0 -1 37724 1.9182410836219788e-01</internalNodes>
      <leafValues>
        9.7978382837027311e-04 -9.8061567544937134e-01</leafValues></_>
    <_>
      <internalNodes>
        0 -1 37724 1.9084122776985168e-01</internalNodes>
      <leafValues>
        -3.1555665191262960e-04 1.</leafValues></_>
    <_>
      <internalNodes>
        0 -1 37724 1.9003447890281677e-01</internalNodes>
      <leafValues>
        3.2414909219369292e-04 -1.</leafValues></_>
    <_>
      <internalNodes>
        0 -1 37724 1.8972459435462952e-01</internalNodes>
      <leafValues>
        -3.1575621687807143e-04 1.</leafValues></_>
    <_>
      <internalNodes>
        0 -1 37724 1.8874225020408630e-01</internalNodes>
      <leafValues>
        6.4892927184700966e-04 -1.</leafValues></_>
    <_>
      <internalNodes>
        0 -1 37724 1.8796806037425995e-01</internalNodes>
      <leafValues>
        -6.3211115775629878e-04 1.</leafValues></_>
    <_>
      <internalNodes>
        0 -1 37724 1.8754117190837860e-01</internalNodes>
      <leafValues>
        3.2478067441843450e-04 -1.</leafValues></_>
    <_>
      <internalNodes>
        0 -1 37724 1.8697574734687805e-01</internalNodes>
      <leafValues>
        -3.1635558116249740e-04 1.</leafValues></_>
    <_>
      <internalNodes>
        0 -1 37724 1.8662816286087036e-01</internalNodes>
      <leafValues>
        3.2499185181222856e-04 -1.</leafValues></_>
    <_>
      <internalNodes>
        0 -1 37724 1.8557199835777283e-01</internalNodes>
      <leafValues>
        -6.3331221463158727e-04 1.</leafValues></_>
    <_>
      <internalNodes>
        0 -1 37724 1.8453568220138550e-01</internalNodes>
      <leafValues>
        6.5061799250543118e-04 -1.</leafValues></_>
    <_>
      <internalNodes>
        0 -1 37724 1.8406562507152557e-01</internalNodes>
      <leafValues>
        -6.3411530572921038e-04 1.</leafValues></_>
    <_>
      <internalNodes>
        0 -1 37724 1.8361929059028625e-01</internalNodes>
      <leafValues>
        3.2562675187364221e-04 -1.</leafValues></_>
    <_>
      <internalNodes>
        0 -1 37724 1.8310001492500305e-01</internalNodes>
      <leafValues>
        -3.1735954689793289e-04 1.</leafValues></_>
    <_>
      <internalNodes>
        0 -1 37724 1.8232710659503937e-01</internalNodes>
      <leafValues>
        6.5189047018066049e-04 -1.</leafValues></_>
    <_>
      <internalNodes>
        0 -1 37724 1.7959775030612946e-01</internalNodes>
      <leafValues>
        -1.8934104591608047e-03 9.8781102895736694e-01</leafValues></_>
    <_>
      <internalNodes>
        0 -1 31897 2.0728120207786560e-01</internalNodes>
      <leafValues>
        4.1631576605141163e-03 -9.7046619653701782e-01</leafValues></_>
    <_>
      <internalNodes>
        0 -1 31897 2.0485170185565948e-01</internalNodes>
      <leafValues>
        -6.3936214428395033e-04 1.</leafValues></_>
    <_>
      <internalNodes>
        0 -1 31897 2.0402705669403076e-01</internalNodes>
      <leafValues>
        3.2984407152980566e-04 -1.</leafValues></_>
    <_>
      <internalNodes>
        0 -1 31887 1.8994006514549255e-01</internalNodes>
      <leafValues>
        -1.2693299213424325e-03 9.9351692199707031e-01</leafValues></_>
    <_>
      <internalNodes>
        0 -1 31887 1.8873456120491028e-01</internalNodes>
      <leafValues>
        1.2199678458273411e-03 -1.</leafValues></_>
    <_>
      <internalNodes>
        0 -1 31887 1.8987300992012024e-01</internalNodes>
      <leafValues>
        -3.2708205981180072e-04 9.9360013008117676e-01</leafValues></_>
    <_>
      <internalNodes>
        0 -1 31887 1.8873456120491028e-01</internalNodes>
      <leafValues>
        3.2708264188840985e-04 -1.</leafValues></_>
    <_>
      <internalNodes>
        0 -1 31887 1.8809349834918976e-01</internalNodes>
      <leafValues>
        -3.2102726981975138e-04 9.9370068311691284e-01</leafValues></_>
    <_>
      <internalNodes>
        0 -1 31887 1.8570888042449951e-01</internalNodes>
      <leafValues>
        6.5878848545253277e-04 -1.</leafValues></_>
    <_>
      <internalNodes>
        0 -1 31887 1.8525016307830811e-01</internalNodes>
      <leafValues>
        -3.2123344135470688e-04 9.9414640665054321e-01</leafValues></_>
    <_>
      <internalNodes>
        0 -1 31887 1.8443474173545837e-01</internalNodes>
      <leafValues>
        6.6327082458883524e-04 -1.</leafValues></_>
    <_>
      <internalNodes>
        0 -1 31887 1.8024133145809174e-01</internalNodes>
      <leafValues>
        -9.6494040917605162e-04 9.9430650472640991e-01</leafValues></_>
    <_>
      <internalNodes>
        0 -1 31887 1.7875814437866211e-01</internalNodes>
      <leafValues>
        6.6415150649845600e-04 -9.6940052509307861e-01</leafValues></_>
    <_>
      <internalNodes>
        0 -1 31887 1.7864520847797394e-01</internalNodes>
      <leafValues>
        -3.2206109608523548e-04 9.9377024173736572e-01</leafValues></_>
    <_>
      <internalNodes>
        0 -1 31887 1.7784629762172699e-01</internalNodes>
      <leafValues>
        3.3240707125514746e-04 -1.</leafValues></_>
    <_>
      <internalNodes>
        0 -1 31887 1.7697501182556152e-01</internalNodes>
      <leafValues>
        -6.4474530518054962e-04 9.9393159151077271e-01</leafValues></_>
    <_>
      <internalNodes>
        0 -1 31887 1.7624950408935547e-01</internalNodes>
      <leafValues>
        6.6547765163704753e-04 -1.</leafValues></_>
    <_>
      <internalNodes>
        0 -1 31887 1.7612820863723755e-01</internalNodes>
      <leafValues>
        -3.2268464565277100e-04 9.9402207136154175e-01</leafValues></_>
    <_>
      <internalNodes>
        0 -1 31887 1.7592489719390869e-01</internalNodes>
      <leafValues>
        3.3307133708149195e-04 -1.</leafValues></_>
    <_>
      <internalNodes>
        0 -1 31887 1.7183536291122437e-01</internalNodes>
      <leafValues>
        -2.2467595990747213e-03 9.8322361707687378e-01</leafValues></_>
    <_>
      <internalNodes>
        0 -1 31887 1.7165942490100861e-01</internalNodes>
      <leafValues>
        3.3373452606610954e-04 -9.5742249488830566e-01</leafValues></_>
    <_>
      <internalNodes>
        0 -1 31897 2.0366618037223816e-01</internalNodes>
      <leafValues>
        -1.0249713668599725e-03 1.</leafValues></_>
    <_>
      <internalNodes>
        0 -1 31897 2.0294594764709473e-01</internalNodes>
      <leafValues>
        6.6677603172138333e-04 -1.</leafValues></_>
    <_>
      <internalNodes>
        0 -1 31897 2.0209711790084839e-01</internalNodes>
      <leafValues>
        -3.2478067441843450e-04 1.</leafValues></_>
    <_>
      <internalNodes>
        0 -1 31897 2.0094789564609528e-01</internalNodes>
      <leafValues>
        3.3943197922781110e-04 -1.</leafValues></_>
    <_>
      <internalNodes>
        0 -1 31897 1.9801491498947144e-01</internalNodes>
      <leafValues>
        -9.7560975700616837e-04 1.</leafValues></_>
    <_>
      <internalNodes>
        0 -1 31897 1.9633463025093079e-01</internalNodes>
      <leafValues>
        3.3394838101230562e-04 -1.</leafValues></_>
    <_>
      <internalNodes>
        0 -1 31897 1.9561105966567993e-01</internalNodes>
      <leafValues>
        -6.5146578708663583e-04 1.</leafValues></_>
    <_>
      <internalNodes>
        0 -1 31897 1.9530358910560608e-01</internalNodes>
      <leafValues>
        6.6856708144769073e-04 -1.</leafValues></_>
    <_>
      <internalNodes>
        0 -1 31897 1.9416524469852448e-01</internalNodes>
      <leafValues>
        -6.5231561893597245e-04 1.</leafValues></_>
    <_>
      <internalNodes>
        0 -1 31897 1.9360932707786560e-01</internalNodes>
      <leafValues>
        3.4402569872327149e-04 -1.</leafValues></_>
    <_>
      <internalNodes>
        0 -1 31897 1.9291332364082336e-01</internalNodes>
      <leafValues>
        -3.2647728221490979e-04 1.</leafValues></_>
    <_>
      <internalNodes>
        0 -1 31897 1.9198092818260193e-01</internalNodes>
      <leafValues>
        9.0140261454507709e-04 -1.</leafValues></_>
    <_>
      <internalNodes>
        0 -1 31897 1.8764436244964600e-01</internalNodes>
      <leafValues>
        -1.6278976108878851e-03 9.8840552568435669e-01</leafValues></_>
    <_>
      <internalNodes>
        0 -1 31897 1.8202108144760132e-01</internalNodes>
      <leafValues>
        1.6983295790851116e-03 -9.7426944971084595e-01</leafValues></_>
    <_>
      <internalNodes>
        0 -1 31897 1.8160745501518250e-01</internalNodes>
      <leafValues>
        -3.2840558560565114e-04 9.8820817470550537e-01</leafValues></_>
    <_>
      <internalNodes>
        0 -1 31897 1.8140615522861481e-01</internalNodes>
      <leafValues>
        3.3726415131241083e-04 -1.</leafValues></_>
    <_>
      <internalNodes>
        0 -1 31897 1.7980837821960449e-01</internalNodes>
      <leafValues>
        -6.5746216569095850e-04 9.8854589462280273e-01</leafValues></_>
    <_>
      <internalNodes>
        0 -1 31897 1.7842739820480347e-01</internalNodes>
      <leafValues>
        3.3749171416275203e-04 -1.</leafValues></_>
    <_>
      <internalNodes>
        0 -1 31897 1.7814791202545166e-01</internalNodes>
      <leafValues>
        -3.2905559055507183e-04 9.8939555883407593e-01</leafValues></_>
    <_>
      <internalNodes>
        0 -1 31897 1.8711516261100769e-01</internalNodes>
      <leafValues>
        -1.3432634295895696e-03 -1.</leafValues></_>
    <_>
      <internalNodes>
        0 -1 31897 1.8621245026588440e-01</internalNodes>
      <leafValues>
        -6.6013302421197295e-04 9.9455821514129639e-01</leafValues></_>
    <_>
      <internalNodes>
        0 -1 31897 1.7787468433380127e-01</internalNodes>
      <leafValues>
        2.6790578849613667e-03 -9.7326809167861938e-01</leafValues></_>
    <_>
      <internalNodes>
        0 -1 31897 1.6667477786540985e-01</internalNodes>
      <leafValues>
        -4.9337809905409813e-03 9.6175199747085571e-01</leafValues></_>
    <_>
      <internalNodes>
        0 -1 31897 1.6096094250679016e-01</internalNodes>
      <leafValues>
        5.4722945205867290e-03 -9.1301292181015015e-01</leafValues></_>
    <_>
      <internalNodes>
        0 -1 31887 1.6588509082794189e-01</internalNodes>
      <leafValues>
        -1.8251728033646941e-03 1.</leafValues></_>
    <_>
      <internalNodes>
        0 -1 31887 1.6562837362289429e-01</internalNodes>
      <leafValues>
        6.3567096367478371e-03 -1.</leafValues></_>
    <_>
      <internalNodes>
        0 -1 31887 1.6498292982578278e-01</internalNodes>
      <leafValues>
        -6.3350885175168514e-03 1.</leafValues></_>
    <_>
      <internalNodes>
        0 -1 31887 1.6515478491783142e-01</internalNodes>
      <leafValues>
        5.3771710954606533e-03 -1.</leafValues></_>
    <_>
      <internalNodes>
        0 -1 31887 1.6523964703083038e-01</internalNodes>
      <leafValues>
        -5.3772036917507648e-03 1.</leafValues></_>
    <_>
      <internalNodes>
        0 -1 31887 1.6515478491783142e-01</internalNodes>
      <leafValues>
        5.3772036917507648e-03 -1.</leafValues></_>
    <_>
      <internalNodes>
        0 -1 31887 1.6523964703083038e-01</internalNodes>
      <leafValues>
        -5.3772036917507648e-03 1.</leafValues></_>
    <_>
      <internalNodes>
        0 -1 31887 1.6515478491783142e-01</internalNodes>
      <leafValues>
        5.3772036917507648e-03 -1.</leafValues></_>
    <_>
      <internalNodes>
        0 -1 31887 1.6523964703083038e-01</internalNodes>
      <leafValues>
        -5.3772036917507648e-03 1.</leafValues></_>
    <_>
      <internalNodes>
        0 -1 31887 1.6515478491783142e-01</internalNodes>
      <leafValues>
        5.3772036917507648e-03 -1.</leafValues></_>
    <_>
      <internalNodes>
        0 -1 31887 1.6523964703083038e-01</internalNodes>
      <leafValues>
        -5.3772036917507648e-03 1.</leafValues></_>
    <_>
      <internalNodes>
        0 -1 31887 1.6515478491783142e-01</internalNodes>
      <leafValues>
        5.3772036917507648e-03 -1.</leafValues></_>
    <_>
      <internalNodes>
        0 -1 31887 1.6523964703083038e-01</internalNodes>
      <leafValues>
        -5.3772036917507648e-03 1.</leafValues></_>
    <_>
      <internalNodes>
        0 -1 31887 1.6515478491783142e-01</internalNodes>
      <leafValues>
        5.3772036917507648e-03 -1.</leafValues></_>
    <_>
      <internalNodes>
        0 -1 31887 1.6523964703083038e-01</internalNodes>
      <leafValues>
        -5.3772036917507648e-03 1.</leafValues></_>
    <_>
      <internalNodes>
        0 -1 31887 1.6515478491783142e-01</internalNodes>
      <leafValues>
        5.3772036917507648e-03 -1.</leafValues></_>
    <_>
      <internalNodes>
        0 -1 31887 1.6523964703083038e-01</internalNodes>
      <leafValues>
        -5.3772036917507648e-03 1.</leafValues></_>
    <_>
      <internalNodes>
        0 -1 31887 1.6515478491783142e-01</internalNodes>
      <leafValues>
        5.3772036917507648e-03 -1.</leafValues></_>
    <_>
      <internalNodes>
        0 -1 31887 1.6523964703083038e-01</internalNodes>
      <leafValues>
        -5.3772036917507648e-03 1.</leafValues></_>
    <_>
      <internalNodes>
        0 -1 31887 1.6515478491783142e-01</internalNodes>
      <leafValues>
        5.3772036917507648e-03 -1.</leafValues></_>
    <_>
      <internalNodes>
        0 -1 31887 1.6523964703083038e-01</internalNodes>
      <leafValues>
        -5.3772036917507648e-03 1.</leafValues></_>
    <_>
      <internalNodes>
        0 -1 31887 1.6515478491783142e-01</internalNodes>
      <leafValues>
        5.3772036917507648e-03 -1.</leafValues></_>
    <_>
      <internalNodes>
        0 -1 31887 1.6523964703083038e-01</internalNodes>
      <leafValues>
        -5.3772036917507648e-03 1.</leafValues></_>
    <_>
      <internalNodes>
        0 -1 31887 1.6515478491783142e-01</internalNodes>
      <leafValues>
        5.3772036917507648e-03 -1.</leafValues></_>
    <_>
      <internalNodes>
        0 -1 31887 1.6523964703083038e-01</internalNodes>
      <leafValues>
        -5.3772036917507648e-03 1.</leafValues></_>
    <_>
      <internalNodes>
        0 -1 31887 1.6515478491783142e-01</internalNodes>
      <leafValues>
        5.3772036917507648e-03 -1.</leafValues></_>
    <_>
      <internalNodes>
        0 -1 31887 1.6523964703083038e-01</internalNodes>
      <leafValues>
        -5.3772036917507648e-03 1.</leafValues></_>
    <_>
      <internalNodes>
        0 -1 31887 1.6515478491783142e-01</internalNodes>
      <leafValues>
        5.3772036917507648e-03 -1.</leafValues></_>
    <_>
      <internalNodes>
        0 -1 31887 1.6523964703083038e-01</internalNodes>
      <leafValues>
        -5.3772036917507648e-03 1.</leafValues></_>
    <_>
      <internalNodes>
        0 -1 31887 1.6515478491783142e-01</internalNodes>
      <leafValues>
        5.3772036917507648e-03 -1.</leafValues></_>
    <_>
      <internalNodes>
        0 -1 31887 1.6523964703083038e-01</internalNodes>
      <leafValues>
        -5.3772036917507648e-03 1.</leafValues></_>
    <_>
      <internalNodes>
        0 -1 31887 1.6515478491783142e-01</internalNodes>
      <leafValues>
        5.3772036917507648e-03 -1.</leafValues></_>
    <_>
      <internalNodes>
        0 -1 31887 1.6523964703083038e-01</internalNodes>
      <leafValues>
        -5.3772036917507648e-03 1.</leafValues></_>
    <_>
      <internalNodes>
        0 -1 31887 1.6515478491783142e-01</internalNodes>
      <leafValues>
        5.3772036917507648e-03 -1.</leafValues></_>
    <_>
      <internalNodes>
        0 -1 31887 1.6523964703083038e-01</internalNodes>
      <leafValues>
        -5.3772036917507648e-03 1.</leafValues></_>
    <_>
      <internalNodes>
        0 -1 31887 1.6515478491783142e-01</internalNodes>
      <leafValues>
        5.3772036917507648e-03 -1.</leafValues></_>
    <_>
      <internalNodes>
        0 -1 31887 1.6523964703083038e-01</internalNodes>
      <leafValues>
        -5.3772036917507648e-03 1.</leafValues></_>
    <_>
      <internalNodes>
        0 -1 31887 1.6515478491783142e-01</internalNodes>
      <leafValues>
        5.3772036917507648e-03 -1.</leafValues></_></weakClassifiers></stage19>
</opencv_storage>
