<?xml version="1.0"?>
<opencv_storage>
<stage14>
  <maxWeakCount>100</maxWeakCount>
  <stageThreshold>-2.6403069496154785e-01</stageThreshold>
  <weakClassifiers>
    <_>
      <internalNodes>
        0 -1 52154 -8.8926434516906738e-02</internalNodes>
      <leafValues>
        5.6000000238418579e-01 1.3114754110574722e-03</leafValues></_>
    <_>
      <internalNodes>
        0 -1 52154 -8.8625483214855194e-02</internalNodes>
      <leafValues>
        -1. 6.5703096333891153e-04</leafValues></_>
    <_>
      <internalNodes>
        0 -1 52154 -8.8350325822830200e-02</internalNodes>
      <leafValues>
        1. -6.5530790016055107e-04</leafValues></_>
    <_>
      <internalNodes>
        0 -1 52154 -8.8057756423950195e-02</internalNodes>
      <leafValues>
        -1. 9.8716677166521549e-04</leafValues></_>
    <_>
      <internalNodes>
        0 -1 52154 -8.7303072214126587e-02</internalNodes>
      <leafValues>
        1. -1.6420357860624790e-03</leafValues></_>
    <_>
      <internalNodes>
        0 -1 52154 -8.7038710713386536e-02</internalNodes>
      <leafValues>
        -1. 3.2948781154118478e-04</leafValues></_>
    <_>
      <internalNodes>
        0 -1 52154 -8.6896166205406189e-02</internalNodes>
      <leafValues>
        1. -3.2905559055507183e-04</leafValues></_>
    <_>
      <internalNodes>
        0 -1 52154 -8.6698167026042938e-02</internalNodes>
      <leafValues>
        -1. 6.5963057568296790e-04</leafValues></_>
    <_>
      <internalNodes>
        0 -1 52154 -8.6616456508636475e-02</internalNodes>
      <leafValues>
        1. -3.2927221036516130e-04</leafValues></_>
    <_>
      <internalNodes>
        0 -1 52154 -8.6495816707611084e-02</internalNodes>
      <leafValues>
        -1. 3.3014194923453033e-04</leafValues></_>
    <_>
      <internalNodes>
        0 -1 52154 -8.6306154727935791e-02</internalNodes>
      <leafValues>
        1. -6.5919576445594430e-04</leafValues></_>
    <_>
      <internalNodes>
        0 -1 52154 -8.5651934146881104e-02</internalNodes>
      <leafValues>
        -1. 9.9173549097031355e-04</leafValues></_>
    <_>
      <internalNodes>
        0 -1 52154 -8.5471630096435547e-02</internalNodes>
      <leafValues>
        1. -3.2992378692142665e-04</leafValues></_>
    <_>
      <internalNodes>
        0 -1 52154 -8.5391014814376831e-02</internalNodes>
      <leafValues>
        -1. 3.3101619919762015e-04</leafValues></_>
    <_>
      <internalNodes>
        0 -1 52154 -8.4593296051025391e-02</internalNodes>
      <leafValues>
        9.9538278579711914e-01 -9.9064200185239315e-04</leafValues></_>
    <_>
      <internalNodes>
        0 -1 52154 -8.4532789885997772e-02</internalNodes>
      <leafValues>
        -1. 3.3145476481877267e-04</leafValues></_>
    <_>
      <internalNodes>
        0 -1 52154 -8.4331333637237549e-02</internalNodes>
      <leafValues>
        1. -6.6225166665390134e-04</leafValues></_>
    <_>
      <internalNodes>
        0 -1 52154 -8.3701610565185547e-02</internalNodes>
      <leafValues>
        -9.8717206716537476e-01 1.9949006382375956e-03</leafValues></_>
    <_>
      <internalNodes>
        0 -1 52154 -8.3533622324466705e-02</internalNodes>
      <leafValues>
        9.9527090787887573e-01 -9.9568266887217760e-04</leafValues></_>
    <_>
      <internalNodes>
        0 -1 52154 -8.3063401281833649e-02</internalNodes>
      <leafValues>
        -1. 1.0003331117331982e-03</leafValues></_>
    <_>
      <internalNodes>
        0 -1 52154 -8.2982316613197327e-02</internalNodes>
      <leafValues>
        9.9532622098922729e-01 -3.3233599970117211e-04</leafValues></_>
    <_>
      <internalNodes>
        0 -1 52154 -8.2594044506549835e-02</internalNodes>
      <leafValues>
        -9.8800367116928101e-01 1.0043414076790214e-03</leafValues></_>
    <_>
      <internalNodes>
        0 -1 52154 -8.2502529025077820e-02</internalNodes>
      <leafValues>
        9.9526518583297729e-01 -6.6577864345163107e-04</leafValues></_>
    <_>
      <internalNodes>
        0 -1 52154 -8.2247249782085419e-02</internalNodes>
      <leafValues>
        -1. 1.3404825003817677e-03</leafValues></_>
    <_>
      <internalNodes>
        0 -1 52154 -8.2048095762729645e-02</internalNodes>
      <leafValues>
        9.9536353349685669e-01 -6.6666584461927414e-04</leafValues></_>
    <_>
      <internalNodes>
        0 -1 52154 -8.1896692514419556e-02</internalNodes>
      <leafValues>
        -1. 1.3440859038382769e-03</leafValues></_>
    <_>
      <internalNodes>
        0 -1 52154 -8.1842824816703796e-02</internalNodes>
      <leafValues>
        9.9558752775192261e-01 -3.3366619027219713e-04</leafValues></_>
    <_>
      <internalNodes>
        0 -1 52154 -8.1826418638229370e-02</internalNodes>
      <leafValues>
        -9.7730529308319092e-01 3.3658699248917401e-04</leafValues></_>
    <_>
      <internalNodes>
        0 -1 52154 -8.1813901662826538e-02</internalNodes>
      <leafValues>
        9.9516904354095459e-01 -3.3388979500159621e-04</leafValues></_>
    <_>
      <internalNodes>
        0 -1 52154 -8.0878764390945435e-02</internalNodes>
      <leafValues>
        -9.8906785249710083e-01 1.0145051637664437e-03</leafValues></_>
    <_>
      <internalNodes>
        0 -1 52154 -8.0674022436141968e-02</internalNodes>
      <leafValues>
        9.9514091014862061e-01 -3.3433598582632840e-04</leafValues></_>
    <_>
      <internalNodes>
        0 -1 52154 -8.0307967960834503e-02</internalNodes>
      <leafValues>
        -9.8937398195266724e-01 1.0177054209634662e-03</leafValues></_>
    <_>
      <internalNodes>
        0 -1 52154 -7.9045303165912628e-02</internalNodes>
      <leafValues>
        9.8600769042968750e-01 -3.0174953863024712e-03</leafValues></_>
    <_>
      <internalNodes>
        0 -1 53866 -3.5871908767148852e-04</internalNodes>
      <leafValues>
        -2.7114248275756836e-01 7.2599917650222778e-02</leafValues></_>
    <_>
      <internalNodes>
        0 -1 52154 -7.8857913613319397e-02</internalNodes>
      <leafValues>
        -9.5275568962097168e-01 7.9626850783824921e-03</leafValues></_>
    <_>
      <internalNodes>
        0 -1 52154 -7.8694880008697510e-02</internalNodes>
      <leafValues>
        9.8768854141235352e-01 -6.2783516477793455e-04</leafValues></_>
    <_>
      <internalNodes>
        0 -1 52154 -7.8543260693550110e-02</internalNodes>
      <leafValues>
        -9.5646357536315918e-01 8.9716073125600815e-04</leafValues></_>
    <_>
      <internalNodes>
        0 -1 52154 -7.8457556664943695e-02</internalNodes>
      <leafValues>
        9.8692834377288818e-01 -3.1429756199941039e-04</leafValues></_>
    <_>
      <internalNodes>
        0 -1 52154 -7.8378081321716309e-02</internalNodes>
      <leafValues>
        -9.5920354127883911e-01 3.7147107650525868e-04</leafValues></_>
    <_>
      <internalNodes>
        0 -1 52154 -7.7738106250762939e-02</internalNodes>
      <leafValues>
        8.1990361213684082e-01 -1.2027114862576127e-03</leafValues></_>
    <_>
      <internalNodes>
        0 -1 52154 -7.7626392245292664e-02</internalNodes>
      <leafValues>
        -6.6307133436203003e-01 2.6377732865512371e-04</leafValues></_>
    <_>
      <internalNodes>
        0 -1 52154 -8.0016389489173889e-02</internalNodes>
      <leafValues>
        7.5868195295333862e-01 4.4578665983863175e-04</leafValues></_>
    <_>
      <internalNodes>
        0 -1 52154 -7.9660043120384216e-02</internalNodes>
      <leafValues>
        -9.5353728532791138e-01 2.3302037734538317e-03</leafValues></_>
    <_>
      <internalNodes>
        0 -1 52154 -7.9451203346252441e-02</internalNodes>
      <leafValues>
        9.9608755111694336e-01 -2.3410967551171780e-03</leafValues></_>
    <_>
      <internalNodes>
        0 -1 52154 -7.8879132866859436e-02</internalNodes>
      <leafValues>
        -9.5755004882812500e-01 4.7459424240514636e-04</leafValues></_>
    <_>
      <internalNodes>
        0 -1 52154 -7.7580161392688751e-02</internalNodes>
      <leafValues>
        8.2729005813598633e-01 -1.2249751016497612e-03</leafValues></_>
    <_>
      <internalNodes>
        0 -1 52154 -7.7551648020744324e-02</internalNodes>
      <leafValues>
        -6.3838529586791992e-01 3.7221965612843633e-04</leafValues></_>
    <_>
      <internalNodes>
        0 -1 52154 -7.8687749803066254e-02</internalNodes>
      <leafValues>
        7.4934184551239014e-01 -5.2682048408314586e-04</leafValues></_>
    <_>
      <internalNodes>
        0 -1 52154 -7.9387739300727844e-02</internalNodes>
      <leafValues>
        -9.5591598749160767e-01 1.2661296641454101e-03</leafValues></_>
    <_>
      <internalNodes>
        0 -1 52154 -7.8859657049179077e-02</internalNodes>
      <leafValues>
        9.9592113494873047e-01 -1.2661289656534791e-03</leafValues></_>
    <_>
      <internalNodes>
        0 -1 52154 -7.7891476452350616e-02</internalNodes>
      <leafValues>
        -9.5974308252334595e-01 5.2681978559121490e-04</leafValues></_>
    <_>
      <internalNodes>
        0 -1 52154 -7.7374592423439026e-02</internalNodes>
      <leafValues>
        8.2362234592437744e-01 -1.1296342127025127e-03</leafValues></_>
    <_>
      <internalNodes>
        0 -1 52154 -7.7342018485069275e-02</internalNodes>
      <leafValues>
        -6.4597308635711670e-01 2.6425282703712583e-04</leafValues></_>
    <_>
      <internalNodes>
        0 -1 52154 -7.7213883399963379e-02</internalNodes>
      <leafValues>
        7.4539637565612793e-01 -3.1656835926696658e-04</leafValues></_>
    <_>
      <internalNodes>
        0 -1 52154 -7.7027007937431335e-02</internalNodes>
      <leafValues>
        -7.4016761779785156e-01 3.7289154715836048e-04</leafValues></_>
    <_>
      <internalNodes>
        0 -1 52154 -7.5066104531288147e-02</internalNodes>
      <leafValues>
        7.3395794630050659e-01 -1.9772283267229795e-03</leafValues></_>
    <_>
      <internalNodes>
        0 -1 52154 -7.3675423860549927e-02</internalNodes>
      <leafValues>
        -7.4062508344650269e-01 2.5190094020217657e-03</leafValues></_>
    <_>
      <internalNodes>
        0 -1 52154 -7.0438116788864136e-02</internalNodes>
      <leafValues>
        7.1978700160980225e-01 -6.3150194473564625e-03</leafValues></_>
    <_>
      <internalNodes>
        0 -1 52154 -7.0301964879035950e-02</internalNodes>
      <leafValues>
        -7.5350922346115112e-01 2.6862634695135057e-04</leafValues></_>
    <_>
      <internalNodes>
        0 -1 52154 -7.0190861821174622e-02</internalNodes>
      <leafValues>
        7.4231570959091187e-01 -4.5900020631961524e-04</leafValues></_>
    <_>
      <internalNodes>
        0 -1 52154 -7.0134602487087250e-02</internalNodes>
      <leafValues>
        -7.4967390298843384e-01 3.7918490124866366e-04</leafValues></_>
    <_>
      <internalNodes>
        0 -1 52154 -7.0083960890769958e-02</internalNodes>
      <leafValues>
        7.4688088893890381e-01 -7.8545929864048958e-04</leafValues></_>
    <_>
      <internalNodes>
        0 -1 52154 -6.9661214947700500e-02</internalNodes>
      <leafValues>
        -7.3450905084609985e-01 1.6787726199254394e-03</leafValues></_>
    <_>
      <internalNodes>
        0 -1 52154 -6.8671122193336487e-02</internalNodes>
      <leafValues>
        7.3540848493576050e-01 -1.6358746215701103e-03</leafValues></_>
    <_>
      <internalNodes>
        0 -1 52154 -6.8656891584396362e-02</internalNodes>
      <leafValues>
        -7.1683180332183838e-01 3.8145043072290719e-04</leafValues></_>
    <_>
      <internalNodes>
        0 -1 52154 -6.8604856729507446e-02</internalNodes>
      <leafValues>
        7.2789824008941650e-01 -6.5606215503066778e-04</leafValues></_>
    <_>
      <internalNodes>
        0 -1 52154 -6.7672565579414368e-02</internalNodes>
      <leafValues>
        -7.3269039392471313e-01 1.6867335652932525e-03</leafValues></_>
    <_>
      <internalNodes>
        0 -1 52154 -6.7610234022140503e-02</internalNodes>
      <leafValues>
        7.3300117254257202e-01 -3.2878445927053690e-04</leafValues></_>
    <_>
      <internalNodes>
        0 -1 52154 -6.6837430000305176e-02</internalNodes>
      <leafValues>
        -7.0846039056777954e-01 1.5911887167021632e-03</leafValues></_>
    <_>
      <internalNodes>
        0 -1 52154 -6.6754534840583801e-02</internalNodes>
      <leafValues>
        7.1519172191619873e-01 -3.2965178252197802e-04</leafValues></_>
    <_>
      <internalNodes>
        0 -1 52154 -6.5995037555694580e-02</internalNodes>
      <leafValues>
        -7.1715950965881348e-01 1.6019503818824887e-03</leafValues></_>
    <_>
      <internalNodes>
        0 -1 52154 -6.5808728337287903e-02</internalNodes>
      <leafValues>
        7.2183263301849365e-01 -1.2639239430427551e-03</leafValues></_>
    <_>
      <internalNodes>
        0 -1 52154 -6.5137043595314026e-02</internalNodes>
      <leafValues>
        -7.1433228254318237e-01 2.7221832424402237e-03</leafValues></_>
    <_>
      <internalNodes>
        0 -1 52154 -6.4946778118610382e-02</internalNodes>
      <leafValues>
        7.2264361381530762e-01 -1.2688050046563148e-03</leafValues></_>
    <_>
      <internalNodes>
        0 -1 52154 -6.5137043595314026e-02</internalNodes>
      <leafValues>
        -7.1837848424911499e-01 4.5452985796146095e-04</leafValues></_>
    <_>
      <internalNodes>
        0 -1 52154 -6.5291769802570343e-02</internalNodes>
      <leafValues>
        7.1846967935562134e-01 -4.5453052734956145e-04</leafValues></_>
    <_>
      <internalNodes>
        0 -1 52154 -6.5225288271903992e-02</internalNodes>
      <leafValues>
        -7.1746593713760376e-01 4.5453052734956145e-04</leafValues></_>
    <_>
      <internalNodes>
        0 -1 52154 -6.5291769802570343e-02</internalNodes>
      <leafValues>
        7.1798372268676758e-01 -4.5453052734956145e-04</leafValues></_>
    <_>
      <internalNodes>
        0 -1 52154 -6.5225288271903992e-02</internalNodes>
      <leafValues>
        -7.1771705150604248e-01 4.5453052734956145e-04</leafValues></_>
    <_>
      <internalNodes>
        0 -1 52154 -6.5291769802570343e-02</internalNodes>
      <leafValues>
        7.1785449981689453e-01 -4.5453052734956145e-04</leafValues></_>
    <_>
      <internalNodes>
        0 -1 52154 -6.5225288271903992e-02</internalNodes>
      <leafValues>
        -7.1778368949890137e-01 4.5453052734956145e-04</leafValues></_>
    <_>
      <internalNodes>
        0 -1 52154 -6.5291769802570343e-02</internalNodes>
      <leafValues>
        7.1782016754150391e-01 -4.5453052734956145e-04</leafValues></_>
    <_>
      <internalNodes>
        0 -1 52154 -6.5225288271903992e-02</internalNodes>
      <leafValues>
        -7.1780139207839966e-01 4.5453052734956145e-04</leafValues></_>
    <_>
      <internalNodes>
        0 -1 52154 -6.5291769802570343e-02</internalNodes>
      <leafValues>
        7.1781104803085327e-01 -4.5453052734956145e-04</leafValues></_>
    <_>
      <internalNodes>
        0 -1 52154 -6.5225288271903992e-02</internalNodes>
      <leafValues>
        -7.1780610084533691e-01 4.5453052734956145e-04</leafValues></_>
    <_>
      <internalNodes>
        0 -1 52154 -6.5291769802570343e-02</internalNodes>
      <leafValues>
        7.1780866384506226e-01 -4.5453052734956145e-04</leafValues></_>
    <_>
      <internalNodes>
        0 -1 52154 -6.5225288271903992e-02</internalNodes>
      <leafValues>
        -7.1780735254287720e-01 4.5453052734956145e-04</leafValues></_>
    <_>
      <internalNodes>
        0 -1 52154 -6.5291769802570343e-02</internalNodes>
      <leafValues>
        7.1780800819396973e-01 -4.5453052734956145e-04</leafValues></_>
    <_>
      <internalNodes>
        0 -1 52154 -6.5225288271903992e-02</internalNodes>
      <leafValues>
        -7.1780765056610107e-01 4.5453052734956145e-04</leafValues></_>
    <_>
      <internalNodes>
        0 -1 52154 -6.5291769802570343e-02</internalNodes>
      <leafValues>
        7.1780782938003540e-01 -4.5453052734956145e-04</leafValues></_>
    <_>
      <internalNodes>
        0 -1 52154 -6.5225288271903992e-02</internalNodes>
      <leafValues>
        -7.1780776977539062e-01 4.5453052734956145e-04</leafValues></_>
    <_>
      <internalNodes>
        0 -1 52154 -6.5291769802570343e-02</internalNodes>
      <leafValues>
        7.1780776977539062e-01 -4.5453052734956145e-04</leafValues></_>
    <_>
      <internalNodes>
        0 -1 52154 -6.5225288271903992e-02</internalNodes>
      <leafValues>
        -7.1780776977539062e-01 4.5453052734956145e-04</leafValues></_>
    <_>
      <internalNodes>
        0 -1 52154 -6.5291769802570343e-02</internalNodes>
      <leafValues>
        7.1780776977539062e-01 -4.5453052734956145e-04</leafValues></_>
    <_>
      <internalNodes>
        0 -1 52154 -6.5225288271903992e-02</internalNodes>
      <leafValues>
        -7.1780776977539062e-01 4.5453052734956145e-04</leafValues></_>
    <_>
      <internalNodes>
        0 -1 52154 -6.5291769802570343e-02</internalNodes>
      <leafValues>
        7.1780776977539062e-01 -4.5453052734956145e-04</leafValues></_>
    <_>
      <internalNodes>
        0 -1 52154 -6.5225288271903992e-02</internalNodes>
      <leafValues>
        -7.1780776977539062e-01 4.5453052734956145e-04</leafValues></_>
    <_>
      <internalNodes>
        0 -1 52154 -6.5291769802570343e-02</internalNodes>
      <leafValues>
        7.1780776977539062e-01 -4.5453052734956145e-04</leafValues></_>
    <_>
      <internalNodes>
        0 -1 52154 -6.5225288271903992e-02</internalNodes>
      <leafValues>
        -7.1780776977539062e-01 4.5453052734956145e-04</leafValues></_>
    <_>
      <internalNodes>
        0 -1 52154 -6.5291769802570343e-02</internalNodes>
      <leafValues>
        7.1780776977539062e-01 -4.5453052734956145e-04</leafValues></_></weakClassifiers></stage14>
</opencv_storage>
