<?xml version="1.0"?>
<opencv_storage>
<stage12>
  <maxWeakCount>100</maxWeakCount>
  <stageThreshold>-1.2344214916229248e+00</stageThreshold>
  <weakClassifiers>
    <_>
      <internalNodes>
        0 -1 364 1.6832804307341576e-02</internalNodes>
      <leafValues>
        -1.4111262559890747e-01 2.1183800697326660e-01</leafValues></_>
    <_>
      <internalNodes>
        0 -1 33388 -7.5232416391372681e-02</internalNodes>
      <leafValues>
        4.0055865049362183e-01 -6.1354972422122955e-02</leafValues></_>
    <_>
      <internalNodes>
        0 -1 43587 -2.5302888825535774e-03</internalNodes>
      <leafValues>
        1.0918790847063065e-01 -2.3649074137210846e-01</leafValues></_>
    <_>
      <internalNodes>
        0 -1 77425 8.3209667354822159e-04</internalNodes>
      <leafValues>
        -1.1422091722488403e-01 1.9341698288917542e-01</leafValues></_>
    <_>
      <internalNodes>
        0 -1 77838 1.6002202173694968e-03</internalNodes>
      <leafValues>
        2.0572070032358170e-02 -4.2523601651191711e-01</leafValues></_>
    <_>
      <internalNodes>
        0 -1 12266 -1.9093558192253113e-02</internalNodes>
      <leafValues>
        2.4928887188434601e-01 -7.3578655719757080e-02</leafValues></_>
    <_>
      <internalNodes>
        0 -1 6505 -1.9893210381269455e-02</internalNodes>
      <leafValues>
        2.4114003777503967e-01 -8.3179816603660583e-02</leafValues></_>
    <_>
      <internalNodes>
        0 -1 51525 3.6985136568546295e-02</internalNodes>
      <leafValues>
        -1.0972985625267029e-01 2.0260013639926910e-01</leafValues></_>
    <_>
      <internalNodes>
        0 -1 78343 -4.2827545257750899e-05</internalNodes>
      <leafValues>
        1.4210529625415802e-01 -1.4834448695182800e-01</leafValues></_>
    <_>
      <internalNodes>
        0 -1 77811 1.3574224431067705e-03</internalNodes>
      <leafValues>
        -1.2972132861614227e-01 1.5169671177864075e-01</leafValues></_>
    <_>
      <internalNodes>
        0 -1 78371 -1.4510564506053925e-04</internalNodes>
      <leafValues>
        1.5153759717941284e-01 -1.4156034588813782e-01</leafValues></_>
    <_>
      <internalNodes>
        0 -1 75525 3.2541863620281219e-02</internalNodes>
      <leafValues>
        3.0111497268080711e-02 -6.9125264883041382e-01</leafValues></_>
    <_>
      <internalNodes>
        0 -1 0 -1.1996645480394363e-03</internalNodes>
      <leafValues>
        -3.8167983293533325e-01 4.7010261565446854e-02</leafValues></_>
    <_>
      <internalNodes>
        0 -1 69979 -2.0038504153490067e-03</internalNodes>
      <leafValues>
        2.3885217308998108e-01 -7.2426281869411469e-02</leafValues></_>
    <_>
      <internalNodes>
        0 -1 6746 -3.4950688481330872e-02</internalNodes>
      <leafValues>
        -6.0285013914108276e-01 1.7430061474442482e-02</leafValues></_>
    <_>
      <internalNodes>
        0 -1 69796 2.9187526088207960e-03</internalNodes>
      <leafValues>
        -3.1308747828006744e-02 4.9496310949325562e-01</leafValues></_>
    <_>
      <internalNodes>
        0 -1 15318 1.0607605800032616e-02</internalNodes>
      <leafValues>
        -7.0915423333644867e-02 2.7219340205192566e-01</leafValues></_>
    <_>
      <internalNodes>
        0 -1 5708 5.1367655396461487e-03</internalNodes>
      <leafValues>
        -6.7812837660312653e-02 2.6468226313591003e-01</leafValues></_>
    <_>
      <internalNodes>
        0 -1 13341 -5.8768228627741337e-03</internalNodes>
      <leafValues>
        -2.5792121887207031e-01 7.1481101214885712e-02</leafValues></_>
    <_>
      <internalNodes>
        0 -1 13115 -2.1292096376419067e-01</internalNodes>
      <leafValues>
        -8.5043609142303467e-01 2.4491950869560242e-02</leafValues></_>
    <_>
      <internalNodes>
        0 -1 38676 -1.2209144234657288e-01</internalNodes>
      <leafValues>
        2.8185391426086426e-01 -6.4997039735317230e-02</leafValues></_>
    <_>
      <internalNodes>
        0 -1 57880 6.8846434354782104e-02</internalNodes>
      <leafValues>
        -4.2048834264278412e-02 4.3822267651557922e-01</leafValues></_>
    <_>
      <internalNodes>
        0 -1 77184 -3.0224882066249847e-03</internalNodes>
      <leafValues>
        2.2667326033115387e-01 -7.0261739194393158e-02</leafValues></_>
    <_>
      <internalNodes>
        0 -1 71158 1.0814275592565536e-03</internalNodes>
      <leafValues>
        -1.3815587759017944e-01 1.3627210259437561e-01</leafValues></_>
    <_>
      <internalNodes>
        0 -1 62205 1.6910512000322342e-02</internalNodes>
      <leafValues>
        -6.2573119997978210e-02 2.7012136578559875e-01</leafValues></_>
    <_>
      <internalNodes>
        0 -1 50116 1.0057245939970016e-01</internalNodes>
      <leafValues>
        -3.4061267971992493e-02 4.6155068278312683e-01</leafValues></_>
    <_>
      <internalNodes>
        0 -1 63652 -8.6474581621587276e-04</internalNodes>
      <leafValues>
        1.4584711194038391e-01 -1.0681930184364319e-01</leafValues></_>
    <_>
      <internalNodes>
        0 -1 12169 -1.1979694664478302e-01</internalNodes>
      <leafValues>
        2.1298848092556000e-01 -8.6418181657791138e-02</leafValues></_>
    <_>
      <internalNodes>
        0 -1 56641 -1.0825612116605043e-03</internalNodes>
      <leafValues>
        -3.3951553702354431e-01 5.4763067513704300e-02</leafValues></_>
    <_>
      <internalNodes>
        0 -1 24028 -6.0870479792356491e-03</internalNodes>
      <leafValues>
        2.5541132688522339e-01 -7.2079628705978394e-02</leafValues></_>
    <_>
      <internalNodes>
        0 -1 60556 7.6358858495950699e-04</internalNodes>
      <leafValues>
        9.6388064324855804e-02 -1.6798444092273712e-01</leafValues></_>
    <_>
      <internalNodes>
        0 -1 2395 -5.0042636692523956e-02</internalNodes>
      <leafValues>
        -5.7606685161590576e-01 2.9091762378811836e-02</leafValues></_>
    <_>
      <internalNodes>
        0 -1 449 -1.1269574984908104e-02</internalNodes>
      <leafValues>
        1.8155397474765778e-01 -8.9323982596397400e-02</leafValues></_>
    <_>
      <internalNodes>
        0 -1 60537 -6.6705944482237101e-04</internalNodes>
      <leafValues>
        -1.9198586046695709e-01 8.9863955974578857e-02</leafValues></_>
    <_>
      <internalNodes>
        0 -1 58603 2.5671976618468761e-03</internalNodes>
      <leafValues>
        -1.0660739243030548e-01 1.4777044951915741e-01</leafValues></_>
    <_>
      <internalNodes>
        0 -1 61320 -3.1735179945826530e-03</internalNodes>
      <leafValues>
        2.1131643652915955e-01 -7.7751904726028442e-02</leafValues></_>
    <_>
      <internalNodes>
        0 -1 78429 -5.4681357141816989e-05</internalNodes>
      <leafValues>
        1.4014729857444763e-01 -1.2026657909154892e-01</leafValues></_>
    <_>
      <internalNodes>
        0 -1 78388 -2.6276024058461189e-02</internalNodes>
      <leafValues>
        -5.7055819034576416e-01 2.5791672989726067e-02</leafValues></_>
    <_>
      <internalNodes>
        0 -1 58365 6.9464193657040596e-03</internalNodes>
      <leafValues>
        -3.1070806086063385e-02 5.5554652214050293e-01</leafValues></_>
    <_>
      <internalNodes>
        0 -1 5797 -3.6386139690876007e-02</internalNodes>
      <leafValues>
        -6.1149811744689941e-01 2.8336953371763229e-02</leafValues></_>
    <_>
      <internalNodes>
        0 -1 78287 2.1148218365851790e-05</internalNodes>
      <leafValues>
        -1.3168141245841980e-01 1.1711876839399338e-01</leafValues></_>
    <_>
      <internalNodes>
        0 -1 13879 1.9942726794397458e-05</internalNodes>
      <leafValues>
        -1.3461863994598389e-01 1.2129856646060944e-01</leafValues></_>
    <_>
      <internalNodes>
        0 -1 16083 6.1123794876039028e-04</internalNodes>
      <leafValues>
        7.4538953602313995e-02 -2.1636962890625000e-01</leafValues></_>
    <_>
      <internalNodes>
        0 -1 36219 1.8357388908043504e-03</internalNodes>
      <leafValues>
        -4.2464271187782288e-02 3.6436712741851807e-01</leafValues></_>
    <_>
      <internalNodes>
        0 -1 55372 4.8065389273688197e-04</internalNodes>
      <leafValues>
        7.0283062756061554e-02 -2.2477187216281891e-01</leafValues></_>
    <_>
      <internalNodes>
        0 -1 63372 -2.4032082365010865e-05</internalNodes>
      <leafValues>
        1.2334942817687988e-01 -1.2852381169795990e-01</leafValues></_>
    <_>
      <internalNodes>
        0 -1 6393 -3.3981183078140020e-03</internalNodes>
      <leafValues>
        3.3036607503890991e-01 -5.1734060049057007e-02</leafValues></_>
    <_>
      <internalNodes>
        0 -1 7605 -5.3365266649052501e-04</internalNodes>
      <leafValues>
        -2.1699424088001251e-01 7.6493024826049805e-02</leafValues></_>
    <_>
      <internalNodes>
        0 -1 34535 1.5640307962894440e-01</internalNodes>
      <leafValues>
        -2.0928429439663887e-02 8.2967382669448853e-01</leafValues></_>
    <_>
      <internalNodes>
        0 -1 76057 1.2447765329852700e-03</internalNodes>
      <leafValues>
        -1.2751227617263794e-01 1.2458623945713043e-01</leafValues></_>
    <_>
      <internalNodes>
        0 -1 60704 4.6863034367561340e-02</internalNodes>
      <leafValues>
        3.2040435820817947e-02 -6.2935054302215576e-01</leafValues></_>
    <_>
      <internalNodes>
        0 -1 6394 -5.1037559751421213e-04</internalNodes>
      <leafValues>
        1.2294198572635651e-01 -1.2343769520521164e-01</leafValues></_>
    <_>
      <internalNodes>
        0 -1 57 4.1592000052332878e-03</internalNodes>
      <leafValues>
        -9.4124093651771545e-02 1.8769338726997375e-01</leafValues></_>
    <_>
      <internalNodes>
        0 -1 7620 -4.5217294245958328e-04</internalNodes>
      <leafValues>
        -2.5717070698738098e-01 6.9166436791419983e-02</leafValues></_>
    <_>
      <internalNodes>
        0 -1 7627 3.1451106769964099e-04</internalNodes>
      <leafValues>
        9.2101812362670898e-02 -2.0122353732585907e-01</leafValues></_>
    <_>
      <internalNodes>
        0 -1 32044 9.0161394327878952e-03</internalNodes>
      <leafValues>
        -3.9972838014364243e-02 4.7397461533546448e-01</leafValues></_>
    <_>
      <internalNodes>
        0 -1 10284 -5.6955823674798012e-04</internalNodes>
      <leafValues>
        1.5810389816761017e-01 -1.0296175628900528e-01</leafValues></_>
    <_>
      <internalNodes>
        0 -1 4946 6.1902590095996857e-03</internalNodes>
      <leafValues>
        -8.4422200918197632e-02 1.9207812845706940e-01</leafValues></_>
    <_>
      <internalNodes>
        0 -1 64947 3.5866096615791321e-02</internalNodes>
      <leafValues>
        2.3413460701704025e-02 -6.6011875867843628e-01</leafValues></_>
    <_>
      <internalNodes>
        0 -1 78253 -4.2389752343297005e-03</internalNodes>
      <leafValues>
        -4.7609344124794006e-01 3.2656170427799225e-02</leafValues></_>
    <_>
      <internalNodes>
        0 -1 78405 -1.6782544844318181e-04</internalNodes>
      <leafValues>
        1.3625493645668030e-01 -1.2525729835033417e-01</leafValues></_>
    <_>
      <internalNodes>
        0 -1 76448 -1.2069199001416564e-03</internalNodes>
      <leafValues>
        1.2564566731452942e-01 -1.2295033037662506e-01</leafValues></_>
    <_>
      <internalNodes>
        0 -1 65307 -2.3561466485261917e-02</internalNodes>
      <leafValues>
        2.3965117335319519e-01 -7.0538140833377838e-02</leafValues></_>
    <_>
      <internalNodes>
        0 -1 26125 -4.4186212122440338e-02</internalNodes>
      <leafValues>
        1.2112759798765182e-01 -1.4298549294471741e-01</leafValues></_>
    <_>
      <internalNodes>
        0 -1 66649 -7.3656298220157623e-02</internalNodes>
      <leafValues>
        -4.9177604913711548e-01 3.5241249948740005e-02</leafValues></_>
    <_>
      <internalNodes>
        0 -1 69806 2.2041639313101768e-03</internalNodes>
      <leafValues>
        -8.6710929870605469e-02 1.8586795032024384e-01</leafValues></_>
    <_>
      <internalNodes>
        0 -1 74964 -3.8048412650823593e-02</internalNodes>
      <leafValues>
        -4.4307726621627808e-01 3.6393698304891586e-02</leafValues></_>
    <_>
      <internalNodes>
        0 -1 34387 1.7749045789241791e-01</internalNodes>
      <leafValues>
        2.3745166137814522e-02 -5.9491515159606934e-01</leafValues></_>
    <_>
      <internalNodes>
        0 -1 55377 -6.1601691413670778e-04</internalNodes>
      <leafValues>
        -2.1889516711235046e-01 7.0733807981014252e-02</leafValues></_>
    <_>
      <internalNodes>
        0 -1 78392 -1.0537812340771779e-04</internalNodes>
      <leafValues>
        1.4560855925083160e-01 -1.1141659319400787e-01</leafValues></_>
    <_>
      <internalNodes>
        0 -1 73966 1.3725842535495758e-01</internalNodes>
      <leafValues>
        -3.2457828521728516e-02 4.8560884594917297e-01</leafValues></_>
    <_>
      <internalNodes>
        0 -1 62057 -3.9397466025548056e-05</internalNodes>
      <leafValues>
        1.2313822656869888e-01 -1.2552432715892792e-01</leafValues></_>
    <_>
      <internalNodes>
        0 -1 28218 1.4037868939340115e-02</internalNodes>
      <leafValues>
        -1.1793906986713409e-01 1.4116074144840240e-01</leafValues></_>
    <_>
      <internalNodes>
        0 -1 67085 7.0882341824471951e-03</internalNodes>
      <leafValues>
        -5.2045676857233047e-02 3.2057815790176392e-01</leafValues></_>
    <_>
      <internalNodes>
        0 -1 432 2.7612629532814026e-01</internalNodes>
      <leafValues>
        2.9738392680883408e-02 -5.6699603796005249e-01</leafValues></_>
    <_>
      <internalNodes>
        0 -1 62052 -2.2762620938010514e-04</internalNodes>
      <leafValues>
        -1.7119669914245605e-01 8.5629828274250031e-02</leafValues></_>
    <_>
      <internalNodes>
        0 -1 31368 8.8078171014785767e-02</internalNodes>
      <leafValues>
        -2.1594187244772911e-02 6.8849396705627441e-01</leafValues></_>
    <_>
      <internalNodes>
        0 -1 42788 -7.3161147534847260e-02</internalNodes>
      <leafValues>
        1.7847503721714020e-01 -8.0330155789852142e-02</leafValues></_>
    <_>
      <internalNodes>
        0 -1 58878 -2.8365921974182129e-01</internalNodes>
      <leafValues>
        -7.1504813432693481e-01 2.2040586918592453e-02</leafValues></_>
    <_>
      <internalNodes>
        0 -1 49189 1.7309575923718512e-04</internalNodes>
      <leafValues>
        8.5364446043968201e-02 -1.7784869670867920e-01</leafValues></_>
    <_>
      <internalNodes>
        0 -1 75702 1.8983779227710329e-05</internalNodes>
      <leafValues>
        -1.1648450791835785e-01 1.3744862377643585e-01</leafValues></_>
    <_>
      <internalNodes>
        0 -1 14513 -6.6341953352093697e-03</internalNodes>
      <leafValues>
        1.3967765867710114e-01 -1.0314459353685379e-01</leafValues></_>
    <_>
      <internalNodes>
        0 -1 39371 2.1103482140460983e-05</internalNodes>
      <leafValues>
        -1.3243837654590607e-01 1.1583251506090164e-01</leafValues></_>
    <_>
      <internalNodes>
        0 -1 49460 -1.3788638636469841e-02</internalNodes>
      <leafValues>
        2.3208954930305481e-01 -7.9048261046409607e-02</leafValues></_>
    <_>
      <internalNodes>
        0 -1 52265 -2.8571498394012451e-01</internalNodes>
      <leafValues>
        8.9725613594055176e-01 -1.8658723682165146e-02</leafValues></_>
    <_>
      <internalNodes>
        0 -1 77146 -2.9985405504703522e-02</internalNodes>
      <leafValues>
        -4.9058187007904053e-01 4.3403226882219315e-02</leafValues></_>
    <_>
      <internalNodes>
        0 -1 24645 -4.6164271770976484e-04</internalNodes>
      <leafValues>
        1.2011908739805222e-01 -1.2530486285686493e-01</leafValues></_>
    <_>
      <internalNodes>
        0 -1 48240 1.4294981956481934e-03</internalNodes>
      <leafValues>
        8.0490797758102417e-02 -1.8882231414318085e-01</leafValues></_>
    <_>
      <internalNodes>
        0 -1 48521 -1.1067534796893597e-03</internalNodes>
      <leafValues>
        -1.9079290330410004e-01 7.6973512768745422e-02</leafValues></_>
    <_>
      <internalNodes>
        0 -1 1355 -5.9218835830688477e-01</internalNodes>
      <leafValues>
        -6.6211611032485962e-01 1.7711365595459938e-02</leafValues></_>
    <_>
      <internalNodes>
        0 -1 21098 5.5223023518919945e-03</internalNodes>
      <leafValues>
        -8.9334048330783844e-02 1.7071942985057831e-01</leafValues></_>
    <_>
      <internalNodes>
        0 -1 3351 -2.8023021295666695e-03</internalNodes>
      <leafValues>
        1.6260391473770142e-01 -9.2128820717334747e-02</leafValues></_>
    <_>
      <internalNodes>
        0 -1 28119 -2.5146617554128170e-03</internalNodes>
      <leafValues>
        -3.2379868626594543e-01 4.8475340008735657e-02</leafValues></_>
    <_>
      <internalNodes>
        0 -1 6915 2.8921347111463547e-03</internalNodes>
      <leafValues>
        3.1460732221603394e-02 -5.0848394632339478e-01</leafValues></_>
    <_>
      <internalNodes>
        0 -1 9340 -1.1458590626716614e-01</internalNodes>
      <leafValues>
        3.5658541321754456e-01 -4.3079283088445663e-02</leafValues></_>
    <_>
      <internalNodes>
        0 -1 65101 -3.4601364284753799e-02</internalNodes>
      <leafValues>
        3.2857534289360046e-01 -4.1836362332105637e-02</leafValues></_>
    <_>
      <internalNodes>
        0 -1 45116 -5.0311395898461342e-03</internalNodes>
      <leafValues>
        1.3546933233737946e-01 -1.1410830914974213e-01</leafValues></_>
    <_>
      <internalNodes>
        0 -1 61878 -4.8555959016084671e-02</internalNodes>
      <leafValues>
        3.7558409571647644e-01 -4.4916082173585892e-02</leafValues></_>
    <_>
      <internalNodes>
        0 -1 76718 5.1670079119503498e-04</internalNodes>
      <leafValues>
        7.3756203055381775e-02 -2.0476725697517395e-01</leafValues></_>
    <_>
      <internalNodes>
        0 -1 53672 -1.9449595129117370e-05</internalNodes>
      <leafValues>
        1.4386029541492462e-01 -1.1111509799957275e-01</leafValues></_></weakClassifiers></stage12>
</opencv_storage>
