<?xml version="1.0"?>
<opencv_storage>
<stage10>
  <maxWeakCount>70</maxWeakCount>
  <stageThreshold>-1.1663796901702881e+00</stageThreshold>
  <weakClassifiers>
    <_>
      <internalNodes>
        0 -1 21983 1.6014346852898598e-02</internalNodes>
      <leafValues>
        -1.8757192790508270e-01 3.1648615002632141e-01</leafValues></_>
    <_>
      <internalNodes>
        0 -1 61959 -2.0966641604900360e-03</internalNodes>
      <leafValues>
        2.5753486156463623e-01 -1.5026727318763733e-01</leafValues></_>
    <_>
      <internalNodes>
        0 -1 24501 -6.3008849974721670e-04</internalNodes>
      <leafValues>
        3.3000946044921875e-01 -1.0488200187683105e-01</leafValues></_>
    <_>
      <internalNodes>
        0 -1 24013 4.8322748625651002e-04</internalNodes>
      <leafValues>
        -1.5744115412235260e-01 2.2407644987106323e-01</leafValues></_>
    <_>
      <internalNodes>
        0 -1 77305 1.3844398781657219e-03</internalNodes>
      <leafValues>
        -1.4889185130596161e-01 2.2632420063018799e-01</leafValues></_>
    <_>
      <internalNodes>
        0 -1 61256 -2.0170004063402303e-05</internalNodes>
      <leafValues>
        1.9240552186965942e-01 -1.5484753251075745e-01</leafValues></_>
    <_>
      <internalNodes>
        0 -1 71216 6.4045838080346584e-03</internalNodes>
      <leafValues>
        -2.8193769976496696e-02 4.5456323027610779e-01</leafValues></_>
    <_>
      <internalNodes>
        0 -1 71649 -9.4937870744615793e-04</internalNodes>
      <leafValues>
        2.1319420635700226e-01 -1.2279794365167618e-01</leafValues></_>
    <_>
      <internalNodes>
        0 -1 6069 1.9066683016717434e-03</internalNodes>
      <leafValues>
        -9.2243440449237823e-02 2.9485812783241272e-01</leafValues></_>
    <_>
      <internalNodes>
        0 -1 4407 -2.0206482149660587e-03</internalNodes>
      <leafValues>
        2.3495428264141083e-01 -1.1638110876083374e-01</leafValues></_>
    <_>
      <internalNodes>
        0 -1 4852 -2.0588933693943545e-05</internalNodes>
      <leafValues>
        1.8472883105278015e-01 -1.4120858907699585e-01</leafValues></_>
    <_>
      <internalNodes>
        0 -1 49769 -1.7489488527644426e-05</internalNodes>
      <leafValues>
        1.4656536281108856e-01 -1.6749231517314911e-01</leafValues></_>
    <_>
      <internalNodes>
        0 -1 49883 -1.5301719540730119e-03</internalNodes>
      <leafValues>
        2.4856938421726227e-01 -1.1510933935642242e-01</leafValues></_>
    <_>
      <internalNodes>
        0 -1 63172 2.6321575045585632e-02</internalNodes>
      <leafValues>
        -6.9037124514579773e-02 3.2450634241104126e-01</leafValues></_>
    <_>
      <internalNodes>
        0 -1 29787 -2.4210724979639053e-02</internalNodes>
      <leafValues>
        3.3714717626571655e-01 -6.7929580807685852e-02</leafValues></_>
    <_>
      <internalNodes>
        0 -1 5382 8.1771127879619598e-03</internalNodes>
      <leafValues>
        6.0099061578512192e-02 -3.6242541670799255e-01</leafValues></_>
    <_>
      <internalNodes>
        0 -1 67043 -3.1850305385887623e-03</internalNodes>
      <leafValues>
        3.8976290822029114e-01 -5.9073243290185928e-02</leafValues></_>
    <_>
      <internalNodes>
        0 -1 20324 1.9958853954449296e-05</internalNodes>
      <leafValues>
        -1.3034552335739136e-01 1.7489840090274811e-01</leafValues></_>
    <_>
      <internalNodes>
        0 -1 4945 -2.7253706008195877e-02</internalNodes>
      <leafValues>
        -2.9421326518058777e-01 7.6460555195808411e-02</leafValues></_>
    <_>
      <internalNodes>
        0 -1 7360 9.0468907728791237e-03</internalNodes>
      <leafValues>
        -1.1425659060478210e-01 2.0358154177665710e-01</leafValues></_>
    <_>
      <internalNodes>
        0 -1 21738 -4.7198664105962962e-05</internalNodes>
      <leafValues>
        1.3080406188964844e-01 -1.7383089661598206e-01</leafValues></_>
    <_>
      <internalNodes>
        0 -1 71004 -4.4685066677629948e-03</internalNodes>
      <leafValues>
        1.6500550508499146e-01 -1.2610058486461639e-01</leafValues></_>
    <_>
      <internalNodes>
        0 -1 74802 -1.5246178023517132e-02</internalNodes>
      <leafValues>
        3.4893974661827087e-01 -6.2844522297382355e-02</leafValues></_>
    <_>
      <internalNodes>
        0 -1 75411 7.5669690966606140e-02</internalNodes>
      <leafValues>
        3.8356833159923553e-02 -6.8372523784637451e-01</leafValues></_>
    <_>
      <internalNodes>
        0 -1 25470 1.6907073557376862e-02</internalNodes>
      <leafValues>
        -5.2958387881517410e-02 4.5144391059875488e-01</leafValues></_>
    <_>
      <internalNodes>
        0 -1 17264 -1.7489488527644426e-05</internalNodes>
      <leafValues>
        1.6198356449604034e-01 -1.4312650263309479e-01</leafValues></_>
    <_>
      <internalNodes>
        0 -1 77693 1.0895770043134689e-02</internalNodes>
      <leafValues>
        -7.5557045638561249e-02 3.0381879210472107e-01</leafValues></_>
    <_>
      <internalNodes>
        0 -1 66 -1.3523655943572521e-03</internalNodes>
      <leafValues>
        -2.7666682004928589e-01 8.4204979240894318e-02</leafValues></_>
    <_>
      <internalNodes>
        0 -1 28056 -3.0588486697524786e-03</internalNodes>
      <leafValues>
        7.9840183258056641e-01 -3.5024061799049377e-02</leafValues></_>
    <_>
      <internalNodes>
        0 -1 77495 -2.4778723716735840e-02</internalNodes>
      <leafValues>
        -5.2673256397247314e-01 5.0883218646049500e-02</leafValues></_>
    <_>
      <internalNodes>
        0 -1 73174 -2.3404095554724336e-04</internalNodes>
      <leafValues>
        1.7127802968025208e-01 -1.3621380925178528e-01</leafValues></_>
    <_>
      <internalNodes>
        0 -1 78186 -2.2897222079336643e-03</internalNodes>
      <leafValues>
        2.6716569066047668e-01 -8.7576769292354584e-02</leafValues></_>
    <_>
      <internalNodes>
        0 -1 74145 -8.5542183369398117e-03</internalNodes>
      <leafValues>
        3.6097684502601624e-01 -5.8095134794712067e-02</leafValues></_>
    <_>
      <internalNodes>
        0 -1 72929 -1.7232034355401993e-02</internalNodes>
      <leafValues>
        -3.5295760631561279e-01 6.2351480126380920e-02</leafValues></_>
    <_>
      <internalNodes>
        0 -1 21116 4.2225397191941738e-03</internalNodes>
      <leafValues>
        -6.5008774399757385e-02 3.5814285278320312e-01</leafValues></_>
    <_>
      <internalNodes>
        0 -1 51890 4.2562313377857208e-02</internalNodes>
      <leafValues>
        -7.9880468547344208e-02 2.6337754726409912e-01</leafValues></_>
    <_>
      <internalNodes>
        0 -1 67814 -1.1402400210499763e-02</internalNodes>
      <leafValues>
        5.1771444082260132e-01 -4.3057627975940704e-02</leafValues></_>
    <_>
      <internalNodes>
        0 -1 18007 -5.0425254739820957e-03</internalNodes>
      <leafValues>
        2.2705711424350739e-01 -9.9227398633956909e-02</leafValues></_>
    <_>
      <internalNodes>
        0 -1 24661 2.7116905897855759e-02</internalNodes>
      <leafValues>
        -1.1900024116039276e-01 2.2061257064342499e-01</leafValues></_>
    <_>
      <internalNodes>
        0 -1 23567 -6.1953892000019550e-03</internalNodes>
      <leafValues>
        2.0953173935413361e-01 -1.0533889383077621e-01</leafValues></_>
    <_>
      <internalNodes>
        0 -1 67648 -5.9535922482609749e-03</internalNodes>
      <leafValues>
        1.6558510065078735e-01 -1.3252168893814087e-01</leafValues></_>
    <_>
      <internalNodes>
        0 -1 53104 1.4057298004627228e-01</internalNodes>
      <leafValues>
        -4.2620088905096054e-02 6.2435418367385864e-01</leafValues></_>
    <_>
      <internalNodes>
        0 -1 41122 1.1204028129577637e-01</internalNodes>
      <leafValues>
        3.6145549267530441e-02 -6.6591244935989380e-01</leafValues></_>
    <_>
      <internalNodes>
        0 -1 18793 2.7271099388599396e-03</internalNodes>
      <leafValues>
        -7.1348592638969421e-02 3.3426862955093384e-01</leafValues></_>
    <_>
      <internalNodes>
        0 -1 66766 -5.2073195576667786e-02</internalNodes>
      <leafValues>
        -6.3775449991226196e-01 3.7456795573234558e-02</leafValues></_>
    <_>
      <internalNodes>
        0 -1 65888 -9.1668097302317619e-03</internalNodes>
      <leafValues>
        1.9260393083095551e-01 -1.3115796446800232e-01</leafValues></_>
    <_>
      <internalNodes>
        0 -1 72922 -1.2820297852158546e-03</internalNodes>
      <leafValues>
        1.5725290775299072e-01 -1.4245858788490295e-01</leafValues></_>
    <_>
      <internalNodes>
        0 -1 57500 3.9052806794643402e-02</internalNodes>
      <leafValues>
        -4.3790273368358612e-02 4.6030098199844360e-01</leafValues></_>
    <_>
      <internalNodes>
        0 -1 7864 1.9080016016960144e-01</internalNodes>
      <leafValues>
        2.4234611541032791e-02 -9.0130698680877686e-01</leafValues></_>
    <_>
      <internalNodes>
        0 -1 32499 -2.9277244582772255e-02</internalNodes>
      <leafValues>
        5.3838008642196655e-01 -4.4942937791347504e-02</leafValues></_>
    <_>
      <internalNodes>
        0 -1 60787 -3.4465146018192172e-04</internalNodes>
      <leafValues>
        -2.0588949322700500e-01 1.0838966816663742e-01</leafValues></_>
    <_>
      <internalNodes>
        0 -1 70976 4.9808840267360210e-03</internalNodes>
      <leafValues>
        -4.3084979057312012e-02 5.3234314918518066e-01</leafValues></_>
    <_>
      <internalNodes>
        0 -1 47792 -1.4763853978365660e-03</internalNodes>
      <leafValues>
        1.0518198460340500e-01 -2.1994721889495850e-01</leafValues></_>
    <_>
      <internalNodes>
        0 -1 74667 -5.2823834121227264e-02</internalNodes>
      <leafValues>
        -4.7936943173408508e-01 4.6544644981622696e-02</leafValues></_>
    <_>
      <internalNodes>
        0 -1 77332 -4.1281417943537235e-03</internalNodes>
      <leafValues>
        2.0425678789615631e-01 -9.8245032131671906e-02</leafValues></_>
    <_>
      <internalNodes>
        0 -1 1498 -3.5246585030108690e-03</internalNodes>
      <leafValues>
        4.2750489711761475e-01 -4.5947227627038956e-02</leafValues></_>
    <_>
      <internalNodes>
        0 -1 4476 -3.4029617905616760e-02</internalNodes>
      <leafValues>
        -6.9905018806457520e-01 3.1996153295040131e-02</leafValues></_>
    <_>
      <internalNodes>
        0 -1 62411 1.5112852270249277e-04</internalNodes>
      <leafValues>
        -1.4825128018856049e-01 1.3996616005897522e-01</leafValues></_>
    <_>
      <internalNodes>
        0 -1 13305 1.7489488527644426e-05</internalNodes>
      <leafValues>
        -1.4362393319606781e-01 1.5996399521827698e-01</leafValues></_>
    <_>
      <internalNodes>
        0 -1 5708 -7.4385413900017738e-03</internalNodes>
      <leafValues>
        4.3005895614624023e-01 -4.9698285758495331e-02</leafValues></_>
    <_>
      <internalNodes>
        0 -1 5703 -2.1515623666346073e-04</internalNodes>
      <leafValues>
        1.4969728887081146e-01 -1.3655534386634827e-01</leafValues></_>
    <_>
      <internalNodes>
        0 -1 6923 9.3694275710731745e-04</internalNodes>
      <leafValues>
        -1.0686182975769043e-01 2.2244140505790710e-01</leafValues></_>
    <_>
      <internalNodes>
        0 -1 21311 1.0389427188783884e-03</internalNodes>
      <leafValues>
        9.2871852219104767e-02 -3.1285145878791809e-01</leafValues></_>
    <_>
      <internalNodes>
        0 -1 24678 -1.3233780860900879e-01</internalNodes>
      <leafValues>
        -7.1263831853866577e-01 2.5640878826379776e-02</leafValues></_>
    <_>
      <internalNodes>
        0 -1 23628 -1.2744424864649773e-02</internalNodes>
      <leafValues>
        2.6807492971420288e-01 -8.9064925909042358e-02</leafValues></_>
    <_>
      <internalNodes>
        0 -1 36247 -9.5457099378108978e-03</internalNodes>
      <leafValues>
        3.1764617562294006e-01 -6.7002885043621063e-02</leafValues></_>
    <_>
      <internalNodes>
        0 -1 3984 -9.4996824860572815e-02</internalNodes>
      <leafValues>
        -6.6777706146240234e-01 3.4434333443641663e-02</leafValues></_>
    <_>
      <internalNodes>
        0 -1 7230 2.1963205188512802e-02</internalNodes>
      <leafValues>
        -4.1678275913000107e-02 5.7776165008544922e-01</leafValues></_>
    <_>
      <internalNodes>
        0 -1 44819 -2.0053963453392498e-05</internalNodes>
      <leafValues>
        1.3548171520233154e-01 -1.5563014149665833e-01</leafValues></_>
    <_>
      <internalNodes>
        0 -1 25379 -2.0813094452023506e-03</internalNodes>
      <leafValues>
        3.1037932634353638e-01 -6.0218546539545059e-02</leafValues></_></weakClassifiers></stage10>
</opencv_storage>
