<?xml version="1.0"?>
<opencv_storage>
<stage39>
  <maxWeakCount>100</maxWeakCount>
  <stageThreshold>-1.1538842916488647e+00</stageThreshold>
  <weakClassifiers>
    <_>
      <internalNodes>
        0 -1 26414 1.3479556143283844e-01</internalNodes>
      <leafValues>
        -3.3818060182966292e-04 4.5372459292411804e-01</leafValues></_>
    <_>
      <internalNodes>
        0 -1 62482 1.7047591973096132e-03</internalNodes>
      <leafValues>
        -9.9926173686981201e-02 1.5921506285667419e-01</leafValues></_>
    <_>
      <internalNodes>
        0 -1 9332 -1.2689635157585144e-02</internalNodes>
      <leafValues>
        1.3173374533653259e-01 -1.2906712293624878e-01</leafValues></_>
    <_>
      <internalNodes>
        0 -1 26414 1.2914776802062988e-01</internalNodes>
      <leafValues>
        3.1617410480976105e-02 -5.4432618618011475e-01</leafValues></_>
    <_>
      <internalNodes>
        0 -1 26414 1.3295017182826996e-01</internalNodes>
      <leafValues>
        -4.2416948825120926e-02 7.0664483308792114e-01</leafValues></_>
    <_>
      <internalNodes>
        0 -1 26414 1.3038112223148346e-01</internalNodes>
      <leafValues>
        4.2402051389217377e-02 -6.3322800397872925e-01</leafValues></_>
    <_>
      <internalNodes>
        0 -1 26398 9.6123673021793365e-02</internalNodes>
      <leafValues>
        -5.0172697752714157e-02 4.2984783649444580e-01</leafValues></_>
    <_>
      <internalNodes>
        0 -1 4108 -4.4597797095775604e-02</internalNodes>
      <leafValues>
        -4.9653306603431702e-01 4.0374044328927994e-02</leafValues></_>
    <_>
      <internalNodes>
        0 -1 14101 -1.1229789815843105e-02</internalNodes>
      <leafValues>
        2.0072558522224426e-01 -5.1304593682289124e-02</leafValues></_>
    <_>
      <internalNodes>
        0 -1 7621 4.1528881411068141e-05</internalNodes>
      <leafValues>
        -1.1487285047769547e-01 1.0117182880640030e-01</leafValues></_>
    <_>
      <internalNodes>
        0 -1 51921 -1.8293938040733337e-01</internalNodes>
      <leafValues>
        6.9877105951309204e-01 -5.3756562992930412e-03</leafValues></_>
    <_>
      <internalNodes>
        0 -1 38881 -3.0372375622391701e-03</internalNodes>
      <leafValues>
        1.3149884343147278e-01 -9.9749371409416199e-02</leafValues></_>
    <_>
      <internalNodes>
        0 -1 63835 -4.7059889882802963e-02</internalNodes>
      <leafValues>
        -3.7246379256248474e-01 3.5096552222967148e-02</leafValues></_>
    <_>
      <internalNodes>
        0 -1 52013 3.2561840489506721e-03</internalNodes>
      <leafValues>
        6.9441348314285278e-02 -2.2717541456222534e-01</leafValues></_>
    <_>
      <internalNodes>
        0 -1 49070 2.6998938992619514e-03</internalNodes>
      <leafValues>
        -8.4011614322662354e-02 1.6684861481189728e-01</leafValues></_>
    <_>
      <internalNodes>
        0 -1 16054 5.6048683822154999e-02</internalNodes>
      <leafValues>
        -4.8398051410913467e-02 2.1297694742679596e-01</leafValues></_>
    <_>
      <internalNodes>
        0 -1 23484 -9.2896632850170135e-03</internalNodes>
      <leafValues>
        1.7782813310623169e-01 -7.8278169035911560e-02</leafValues></_>
    <_>
      <internalNodes>
        0 -1 58610 9.7583141177892685e-04</internalNodes>
      <leafValues>
        7.5975969433784485e-02 -1.6955016553401947e-01</leafValues></_>
    <_>
      <internalNodes>
        0 -1 62719 -1.4824680052697659e-02</internalNodes>
      <leafValues>
        8.6650975048542023e-02 -1.3566023111343384e-01</leafValues></_>
    <_>
      <internalNodes>
        0 -1 30664 3.2939024269580841e-02</internalNodes>
      <leafValues>
        -6.0044396668672562e-02 2.1839781105518341e-01</leafValues></_>
    <_>
      <internalNodes>
        0 -1 53212 -6.3196953851729631e-04</internalNodes>
      <leafValues>
        9.7905665636062622e-02 -1.3178434967994690e-01</leafValues></_>
    <_>
      <internalNodes>
        0 -1 43421 1.1807244271039963e-02</internalNodes>
      <leafValues>
        -6.9074608385562897e-02 1.8459331989288330e-01</leafValues></_>
    <_>
      <internalNodes>
        0 -1 71200 -5.0740726292133331e-03</internalNodes>
      <leafValues>
        5.5535000562667847e-01 -2.3849818855524063e-02</leafValues></_>
    <_>
      <internalNodes>
        0 -1 18958 -2.0393464714288712e-02</internalNodes>
      <leafValues>
        -2.4020296335220337e-01 4.4453043490648270e-02</leafValues></_>
    <_>
      <internalNodes>
        0 -1 7306 3.3337541390210390e-04</internalNodes>
      <leafValues>
        -9.1005846858024597e-02 1.2053696811199188e-01</leafValues></_>
    <_>
      <internalNodes>
        0 -1 61137 3.0098389834165573e-03</internalNodes>
      <leafValues>
        1.0466003417968750e-01 -1.1523885279893875e-01</leafValues></_>
    <_>
      <internalNodes>
        0 -1 57985 6.6756061278283596e-04</internalNodes>
      <leafValues>
        8.5142545402050018e-02 -1.6897965967655182e-01</leafValues></_>
    <_>
      <internalNodes>
        0 -1 69271 7.8272707760334015e-03</internalNodes>
      <leafValues>
        -5.6053206324577332e-02 1.7819826304912567e-01</leafValues></_>
    <_>
      <internalNodes>
        0 -1 69474 -3.7257946096360683e-03</internalNodes>
      <leafValues>
        1.0058400034904480e-01 -1.2194371968507767e-01</leafValues></_>
    <_>
      <internalNodes>
        0 -1 72649 4.6888585202395916e-03</internalNodes>
      <leafValues>
        4.2831286787986755e-02 -3.0828443169593811e-01</leafValues></_>
    <_>
      <internalNodes>
        0 -1 64318 1.0366718284785748e-02</internalNodes>
      <leafValues>
        -7.9654574394226074e-02 1.8303073942661285e-01</leafValues></_>
    <_>
      <internalNodes>
        0 -1 77782 -1.4613105449825525e-03</internalNodes>
      <leafValues>
        -2.6821637153625488e-01 4.4457856565713882e-02</leafValues></_>
    <_>
      <internalNodes>
        0 -1 77782 -4.1163439163938165e-05</internalNodes>
      <leafValues>
        1.0034932941198349e-01 -1.1523105204105377e-01</leafValues></_>
    <_>
      <internalNodes>
        0 -1 2661 -1.2298130989074707e-01</internalNodes>
      <leafValues>
        -9.3566751480102539e-01 1.1918197385966778e-02</leafValues></_>
    <_>
      <internalNodes>
        0 -1 64429 -5.0182200968265533e-02</internalNodes>
      <leafValues>
        -3.5448151826858521e-01 2.9479602351784706e-02</leafValues></_>
    <_>
      <internalNodes>
        0 -1 53216 -3.1994213350117207e-04</internalNodes>
      <leafValues>
        -1.3130632042884827e-01 8.2447953522205353e-02</leafValues></_>
    <_>
      <internalNodes>
        0 -1 47993 3.1917057931423187e-03</internalNodes>
      <leafValues>
        9.4868868589401245e-02 -1.2339609861373901e-01</leafValues></_>
    <_>
      <internalNodes>
        0 -1 31319 3.1256575137376785e-02</internalNodes>
      <leafValues>
        -8.2745425403118134e-02 1.7142829298973083e-01</leafValues></_>
    <_>
      <internalNodes>
        0 -1 10981 -5.2738273516297340e-03</internalNodes>
      <leafValues>
        1.4565742015838623e-01 -7.4652604758739471e-02</leafValues></_>
    <_>
      <internalNodes>
        0 -1 9883 -9.2520579695701599e-02</internalNodes>
      <leafValues>
        -8.7559974193572998e-01 1.4999050647020340e-02</leafValues></_>
    <_>
      <internalNodes>
        0 -1 7171 3.6154128611087799e-03</internalNodes>
      <leafValues>
        4.0125913918018341e-02 -2.4087192118167877e-01</leafValues></_>
    <_>
      <internalNodes>
        0 -1 7141 4.1202372813131660e-05</internalNodes>
      <leafValues>
        -1.1420530080795288e-01 1.0124185681343079e-01</leafValues></_>
    <_>
      <internalNodes>
        0 -1 6685 4.5410534366965294e-03</internalNodes>
      <leafValues>
        -5.0330638885498047e-02 2.7594473958015442e-01</leafValues></_>
    <_>
      <internalNodes>
        0 -1 30828 -1.4973005745559931e-03</internalNodes>
      <leafValues>
        1.4002665877342224e-01 -8.0004207789897919e-02</leafValues></_>
    <_>
      <internalNodes>
        0 -1 50849 7.6185201760381460e-04</internalNodes>
      <leafValues>
        6.3803829252719879e-02 -1.6200089454650879e-01</leafValues></_>
    <_>
      <internalNodes>
        0 -1 72215 3.1871451064944267e-03</internalNodes>
      <leafValues>
        -2.9954271391034126e-02 4.3389612436294556e-01</leafValues></_>
    <_>
      <internalNodes>
        0 -1 44535 -1.2877688743174076e-02</internalNodes>
      <leafValues>
        -3.9120429754257202e-01 3.0018480494618416e-02</leafValues></_>
    <_>
      <internalNodes>
        0 -1 77168 -4.1366016375832260e-05</internalNodes>
      <leafValues>
        9.9921055138111115e-02 -1.0570144653320312e-01</leafValues></_>
    <_>
      <internalNodes>
        0 -1 76650 5.7298270985484123e-04</internalNodes>
      <leafValues>
        6.5558277070522308e-02 -1.6662789881229401e-01</leafValues></_>
    <_>
      <internalNodes>
        0 -1 31628 9.7348773851990700e-03</internalNodes>
      <leafValues>
        -2.5518782436847687e-02 4.7177478671073914e-01</leafValues></_>
    <_>
      <internalNodes>
        0 -1 71062 -7.2223122697323561e-04</internalNodes>
      <leafValues>
        1.4631871879100800e-01 -7.4471168220043182e-02</leafValues></_>
    <_>
      <internalNodes>
        0 -1 77627 -4.1548642911948264e-05</internalNodes>
      <leafValues>
        1.0194160789251328e-01 -1.1016545444726944e-01</leafValues></_>
    <_>
      <internalNodes>
        0 -1 71347 8.9060574769973755e-02</internalNodes>
      <leafValues>
        -2.9722554609179497e-02 3.8827732205390930e-01</leafValues></_>
    <_>
      <internalNodes>
        0 -1 2156 7.7387550845742226e-03</internalNodes>
      <leafValues>
        -4.9325674772262573e-02 1.8870823085308075e-01</leafValues></_>
    <_>
      <internalNodes>
        0 -1 6088 -8.4820063784718513e-04</internalNodes>
      <leafValues>
        1.2462073564529419e-01 -9.8881341516971588e-02</leafValues></_>
    <_>
      <internalNodes>
        0 -1 1436 2.4718162603676319e-04</internalNodes>
      <leafValues>
        7.1942910552024841e-02 -1.5126708149909973e-01</leafValues></_>
    <_>
      <internalNodes>
        0 -1 3328 -4.4372945558279753e-04</internalNodes>
      <leafValues>
        1.1859601736068726e-01 -1.0024981945753098e-01</leafValues></_>
    <_>
      <internalNodes>
        0 -1 9033 3.4374594688415527e-03</internalNodes>
      <leafValues>
        7.5107365846633911e-02 -1.4485016465187073e-01</leafValues></_>
    <_>
      <internalNodes>
        0 -1 4058 1.6248183324933052e-02</internalNodes>
      <leafValues>
        -2.7397468686103821e-02 4.3806076049804688e-01</leafValues></_>
    <_>
      <internalNodes>
        0 -1 47595 -1.6260275151580572e-03</internalNodes>
      <leafValues>
        -3.2718056440353394e-01 3.8305364549160004e-02</leafValues></_>
    <_>
      <internalNodes>
        0 -1 37661 -2.6549301110208035e-03</internalNodes>
      <leafValues>
        1.3442109525203705e-01 -8.8419891893863678e-02</leafValues></_>
    <_>
      <internalNodes>
        0 -1 76500 -3.7173549644649029e-03</internalNodes>
      <leafValues>
        1.2534211575984955e-01 -8.5777573287487030e-02</leafValues></_>
    <_>
      <internalNodes>
        0 -1 73520 1.6161011299118400e-03</internalNodes>
      <leafValues>
        3.4725829958915710e-02 -2.9298084974288940e-01</leafValues></_>
    <_>
      <internalNodes>
        0 -1 78259 -9.5481798052787781e-04</internalNodes>
      <leafValues>
        -2.0346125960350037e-01 5.1665846258401871e-02</leafValues></_>
    <_>
      <internalNodes>
        0 -1 34950 -3.9912201464176178e-02</internalNodes>
      <leafValues>
        1.7458978295326233e-01 -6.0934256762266159e-02</leafValues></_>
    <_>
      <internalNodes>
        0 -1 36860 -6.0235146433115005e-02</internalNodes>
      <leafValues>
        7.7841585874557495e-01 -1.0725040920078754e-02</leafValues></_>
    <_>
      <internalNodes>
        0 -1 429 2.9223978519439697e-01</internalNodes>
      <leafValues>
        1.8461408093571663e-02 -6.0242199897766113e-01</leafValues></_>
    <_>
      <internalNodes>
        0 -1 6916 2.5684069842100143e-03</internalNodes>
      <leafValues>
        -4.5048020780086517e-02 2.4589046835899353e-01</leafValues></_>
    <_>
      <internalNodes>
        0 -1 19032 1.0328792035579681e-01</internalNodes>
      <leafValues>
        -3.9460558444261551e-02 2.8993758559226990e-01</leafValues></_>
    <_>
      <internalNodes>
        0 -1 58230 2.2775429533794522e-04</internalNodes>
      <leafValues>
        7.7950648963451385e-02 -1.5340228378772736e-01</leafValues></_>
    <_>
      <internalNodes>
        0 -1 39547 -1.2238027527928352e-02</internalNodes>
      <leafValues>
        4.0504989027976990e-01 -3.0394606292247772e-02</leafValues></_>
    <_>
      <internalNodes>
        0 -1 39427 -2.5330316275358200e-02</internalNodes>
      <leafValues>
        9.8685950040817261e-02 -1.1088500171899796e-01</leafValues></_>
    <_>
      <internalNodes>
        0 -1 21830 -2.9934041202068329e-02</internalNodes>
      <leafValues>
        -3.6408424377441406e-01 2.6742504909634590e-02</leafValues></_>
    <_>
      <internalNodes>
        0 -1 48987 -7.5826916145160794e-04</internalNodes>
      <leafValues>
        -1.7762199044227600e-01 6.0871776193380356e-02</leafValues></_>
    <_>
      <internalNodes>
        0 -1 12508 -2.1060485392808914e-02</internalNodes>
      <leafValues>
        1.3794276118278503e-01 -8.0715872347354889e-02</leafValues></_>
    <_>
      <internalNodes>
        0 -1 48986 -7.1803038008511066e-04</internalNodes>
      <leafValues>
        1.2678204476833344e-01 -9.6249669790267944e-02</leafValues></_>
    <_>
      <internalNodes>
        0 -1 44659 -3.7060363683849573e-04</internalNodes>
      <leafValues>
        -1.6200160980224609e-01 7.2586372494697571e-02</leafValues></_>
    <_>
      <internalNodes>
        0 -1 12990 -1.0468322783708572e-02</internalNodes>
      <leafValues>
        -5.4110634326934814e-01 2.0605739206075668e-02</leafValues></_>
    <_>
      <internalNodes>
        0 -1 44455 3.7098281085491180e-02</internalNodes>
      <leafValues>
        -4.8667076975107193e-02 2.3917806148529053e-01</leafValues></_>
    <_>
      <internalNodes>
        0 -1 13305 2.6147104799747467e-03</internalNodes>
      <leafValues>
        2.4661585688591003e-02 -4.6043014526367188e-01</leafValues></_>
    <_>
      <internalNodes>
        0 -1 2113 -3.6873789504170418e-03</internalNodes>
      <leafValues>
        4.7661855816841125e-01 -2.3086685687303543e-02</leafValues></_>
    <_>
      <internalNodes>
        0 -1 76584 5.0009177066385746e-03</internalNodes>
      <leafValues>
        4.2874444276094437e-02 -2.9843100905418396e-01</leafValues></_>
    <_>
      <internalNodes>
        0 -1 49654 -6.1741024255752563e-03</internalNodes>
      <leafValues>
        1.4800433814525604e-01 -7.5399696826934814e-02</leafValues></_>
    <_>
      <internalNodes>
        0 -1 31173 -3.2333265990018845e-03</internalNodes>
      <leafValues>
        4.3710696697235107e-01 -2.4827588349580765e-02</leafValues></_>
    <_>
      <internalNodes>
        0 -1 44659 3.0310370493680239e-04</internalNodes>
      <leafValues>
        6.4350008964538574e-02 -1.6595099866390228e-01</leafValues></_>
    <_>
      <internalNodes>
        0 -1 35768 5.0128488801419735e-03</internalNodes>
      <leafValues>
        5.9338338673114777e-02 -1.7857347428798676e-01</leafValues></_>
    <_>
      <internalNodes>
        0 -1 45206 -6.9288192316889763e-03</internalNodes>
      <leafValues>
        2.3475328087806702e-01 -5.0678085535764694e-02</leafValues></_>
    <_>
      <internalNodes>
        0 -1 52104 4.8688188195228577e-02</internalNodes>
      <leafValues>
        2.8624979779124260e-02 -4.0799936652183533e-01</leafValues></_>
    <_>
      <internalNodes>
        0 -1 24499 9.7687961533665657e-04</internalNodes>
      <leafValues>
        -6.0353312641382217e-02 1.7231050133705139e-01</leafValues></_>
    <_>
      <internalNodes>
        0 -1 37451 4.2298837797716260e-05</internalNodes>
      <leafValues>
        -1.0002424567937851e-01 1.1322827637195587e-01</leafValues></_>
    <_>
      <internalNodes>
        0 -1 37079 -2.4471166543662548e-03</internalNodes>
      <leafValues>
        1.9443179666996002e-01 -6.5333202481269836e-02</leafValues></_>
    <_>
      <internalNodes>
        0 -1 47602 7.2305125650018454e-04</internalNodes>
      <leafValues>
        6.7384660243988037e-02 -1.6658359766006470e-01</leafValues></_>
    <_>
      <internalNodes>
        0 -1 10785 -1.5478724380955100e-03</internalNodes>
      <leafValues>
        1.2539874017238617e-01 -8.8280163705348969e-02</leafValues></_>
    <_>
      <internalNodes>
        0 -1 16765 -1.7333254218101501e-02</internalNodes>
      <leafValues>
        -4.0675908327102661e-01 2.7439063414931297e-02</leafValues></_>
    <_>
      <internalNodes>
        0 -1 16486 1.2959667481482029e-02</internalNodes>
      <leafValues>
        -3.7340112030506134e-02 2.8422567248344421e-01</leafValues></_>
    <_>
      <internalNodes>
        0 -1 52335 7.8153738286346197e-04</internalNodes>
      <leafValues>
        6.0562390834093094e-02 -1.8459241092205048e-01</leafValues></_>
    <_>
      <internalNodes>
        0 -1 14799 4.9385954625904560e-03</internalNodes>
      <leafValues>
        -5.9153459966182709e-02 1.9150601327419281e-01</leafValues></_>
    <_>
      <internalNodes>
        0 -1 54329 1.8386900192126632e-03</internalNodes>
      <leafValues>
        4.1598156094551086e-02 -2.7262324094772339e-01</leafValues></_>
    <_>
      <internalNodes>
        0 -1 47622 -1.7769640311598778e-02</internalNodes>
      <leafValues>
        5.6687217950820923e-01 -1.9938686862587929e-02</leafValues></_>
    <_>
      <internalNodes>
        0 -1 73081 -5.7874531485140324e-03</internalNodes>
      <leafValues>
        4.5735129714012146e-01 -1.7937183380126953e-02</leafValues></_></weakClassifiers></stage39>
</opencv_storage>
