<?xml version="1.0"?>
<opencv_storage>
<stage26>
  <maxWeakCount>100</maxWeakCount>
  <stageThreshold>-1.1773921251296997e+00</stageThreshold>
  <weakClassifiers>
    <_>
      <internalNodes>
        0 -1 26412 6.3711397349834442e-02</internalNodes>
      <leafValues>
        -3.1413612887263298e-03 3.9065420627593994e-01</leafValues></_>
    <_>
      <internalNodes>
        0 -1 69974 -4.3518263846635818e-03</internalNodes>
      <leafValues>
        4.5569288730621338e-01 -3.1259179115295410e-02</leafValues></_>
    <_>
      <internalNodes>
        0 -1 69974 -4.3009966611862183e-03</internalNodes>
      <leafValues>
        -1. 2.1633640863001347e-03</leafValues></_>
    <_>
      <internalNodes>
        0 -1 69974 -4.2683924548327923e-03</internalNodes>
      <leafValues>
        9.6652823686599731e-01 -1.3293935917317867e-03</leafValues></_>
    <_>
      <internalNodes>
        0 -1 69974 -4.2561357840895653e-03</internalNodes>
      <leafValues>
        -1. 3.1127981492318213e-04</leafValues></_>
    <_>
      <internalNodes>
        0 -1 69974 -4.2424481362104416e-03</internalNodes>
      <leafValues>
        9.6886432170867920e-01 -6.6602660808712244e-04</leafValues></_>
    <_>
      <internalNodes>
        0 -1 69974 -4.2337421327829361e-03</internalNodes>
      <leafValues>
        -1. 3.1147440313361585e-04</leafValues></_>
    <_>
      <internalNodes>
        0 -1 69974 -4.2023602873086929e-03</internalNodes>
      <leafValues>
        9.7089922428131104e-01 -6.6691497340798378e-04</leafValues></_>
    <_>
      <internalNodes>
        0 -1 48746 3.4060160396620631e-04</internalNodes>
      <leafValues>
        7.1263968944549561e-02 -2.0598530769348145e-01</leafValues></_>
    <_>
      <internalNodes>
        0 -1 77781 5.1638879813253880e-04</internalNodes>
      <leafValues>
        6.1456307768821716e-02 -2.2233216464519501e-01</leafValues></_>
    <_>
      <internalNodes>
        0 -1 26412 6.5007150173187256e-02</internalNodes>
      <leafValues>
        6.7970668897032738e-03 -4.7758513689041138e-01</leafValues></_>
    <_>
      <internalNodes>
        0 -1 26420 7.3142856359481812e-02</internalNodes>
      <leafValues>
        1.3699774630367756e-02 4.9858769774436951e-01</leafValues></_>
    <_>
      <internalNodes>
        0 -1 26428 7.6122194528579712e-02</internalNodes>
      <leafValues>
        -8.6592184379696846e-03 -5.0284940004348755e-01</leafValues></_>
    <_>
      <internalNodes>
        0 -1 26436 6.5948449075222015e-02</internalNodes>
      <leafValues>
        4.0626390837132931e-03 4.6619197726249695e-01</leafValues></_>
    <_>
      <internalNodes>
        0 -1 77781 -1.5727880236227065e-04</internalNodes>
      <leafValues>
        -1.9338741898536682e-01 4.6413555741310120e-02</leafValues></_>
    <_>
      <internalNodes>
        0 -1 26319 -7.6963780447840691e-03</internalNodes>
      <leafValues>
        1.1024986952543259e-01 -1.2393210828304291e-01</leafValues></_>
    <_>
      <internalNodes>
        0 -1 14700 1.8290334264747798e-04</internalNodes>
      <leafValues>
        1.4364324510097504e-01 -1.0922490060329437e-01</leafValues></_>
    <_>
      <internalNodes>
        0 -1 14752 -3.7469429662451148e-04</internalNodes>
      <leafValues>
        -2.0653760433197021e-01 4.5895233750343323e-02</leafValues></_>
    <_>
      <internalNodes>
        0 -1 51630 3.1075649894773960e-04</internalNodes>
      <leafValues>
        1.0101015865802765e-01 -1.3917100429534912e-01</leafValues></_>
    <_>
      <internalNodes>
        0 -1 5054 4.4504873454570770e-02</internalNodes>
      <leafValues>
        -4.2507637292146683e-02 3.4391209483146667e-01</leafValues></_>
    <_>
      <internalNodes>
        0 -1 8524 -1.6703367233276367e-02</internalNodes>
      <leafValues>
        1.1193354427814484e-01 -1.3431718945503235e-01</leafValues></_>
    <_>
      <internalNodes>
        0 -1 24112 -8.9414813555777073e-04</internalNodes>
      <leafValues>
        1.6409815847873688e-01 -9.6631340682506561e-02</leafValues></_>
    <_>
      <internalNodes>
        0 -1 28231 1.5647102147340775e-02</internalNodes>
      <leafValues>
        -1.1425662785768509e-01 1.0679798573255539e-01</leafValues></_>
    <_>
      <internalNodes>
        0 -1 54634 -5.0699431449174881e-04</internalNodes>
      <leafValues>
        -1.7324890196323395e-01 7.5645230710506439e-02</leafValues></_>
    <_>
      <internalNodes>
        0 -1 63910 3.5876091569662094e-03</internalNodes>
      <leafValues>
        -6.2707588076591492e-02 1.9826903939247131e-01</leafValues></_>
    <_>
      <internalNodes>
        0 -1 2113 -3.1775026582181454e-03</internalNodes>
      <leafValues>
        4.7511404752731323e-01 -3.2814331352710724e-02</leafValues></_>
    <_>
      <internalNodes>
        0 -1 62319 4.4175935909152031e-04</internalNodes>
      <leafValues>
        7.1905218064785004e-02 -1.9545960426330566e-01</leafValues></_>
    <_>
      <internalNodes>
        0 -1 4245 -1.9658587872982025e-02</internalNodes>
      <leafValues>
        -3.6916616559028625e-01 3.9583496749401093e-02</leafValues></_>
    <_>
      <internalNodes>
        0 -1 73890 7.7064349316060543e-03</internalNodes>
      <leafValues>
        -6.1375986784696579e-02 2.1259850263595581e-01</leafValues></_>
    <_>
      <internalNodes>
        0 -1 72859 -5.1132915541529655e-03</internalNodes>
      <leafValues>
        1.5040971338748932e-01 -8.1950791180133820e-02</leafValues></_>
    <_>
      <internalNodes>
        0 -1 61485 -2.5331029974040575e-05</internalNodes>
      <leafValues>
        9.5236144959926605e-02 -1.3027237355709076e-01</leafValues></_>
    <_>
      <internalNodes>
        0 -1 25381 2.3220935836434364e-03</internalNodes>
      <leafValues>
        -2.9741404578089714e-02 3.6211916804313660e-01</leafValues></_>
    <_>
      <internalNodes>
        0 -1 3376 -3.6386591382324696e-03</internalNodes>
      <leafValues>
        1.4804315567016602e-01 -9.2379234731197357e-02</leafValues></_>
    <_>
      <internalNodes>
        0 -1 44943 -2.1190136976656504e-05</internalNodes>
      <leafValues>
        9.1481558978557587e-02 -1.4375390112400055e-01</leafValues></_>
    <_>
      <internalNodes>
        0 -1 2 4.9945840146392584e-04</internalNodes>
      <leafValues>
        7.0565931499004364e-02 -2.1046267449855804e-01</leafValues></_>
    <_>
      <internalNodes>
        0 -1 21539 5.3838349878787994e-02</internalNodes>
      <leafValues>
        -2.3864720016717911e-02 5.5479145050048828e-01</leafValues></_>
    <_>
      <internalNodes>
        0 -1 25848 9.9492091685533524e-03</internalNodes>
      <leafValues>
        -3.1766414642333984e-02 4.0175527334213257e-01</leafValues></_>
    <_>
      <internalNodes>
        0 -1 56645 4.7538877697661519e-04</internalNodes>
      <leafValues>
        7.0830233395099640e-02 -2.2471307218074799e-01</leafValues></_>
    <_>
      <internalNodes>
        0 -1 62375 9.1834813356399536e-03</internalNodes>
      <leafValues>
        -1.9728604704141617e-02 7.4237632751464844e-01</leafValues></_>
    <_>
      <internalNodes>
        0 -1 13637 -1.4243004843592644e-03</internalNodes>
      <leafValues>
        -1.9571872055530548e-01 7.0948153734207153e-02</leafValues></_>
    <_>
      <internalNodes>
        0 -1 3653 -4.7735136002302170e-02</internalNodes>
      <leafValues>
        -4.3699091672897339e-01 3.2678216695785522e-02</leafValues></_>
    <_>
      <internalNodes>
        0 -1 14150 -4.5638979645445943e-04</internalNodes>
      <leafValues>
        8.0141387879848480e-02 -1.5052190423011780e-01</leafValues></_>
    <_>
      <internalNodes>
        0 -1 38039 2.2691529989242554e-01</internalNodes>
      <leafValues>
        -2.9859872534871101e-02 5.8784937858581543e-01</leafValues></_>
    <_>
      <internalNodes>
        0 -1 9000 -3.4769557416439056e-02</internalNodes>
      <leafValues>
        4.0308612585067749e-01 -2.5589101016521454e-02</leafValues></_>
    <_>
      <internalNodes>
        0 -1 3872 -3.8883492379682139e-05</internalNodes>
      <leafValues>
        1.3059614598751068e-01 -1.1606702208518982e-01</leafValues></_>
    <_>
      <internalNodes>
        0 -1 3344 -2.1516955457627773e-03</internalNodes>
      <leafValues>
        1.5485425293445587e-01 -9.0788923203945160e-02</leafValues></_>
    <_>
      <internalNodes>
        0 -1 6394 4.2310850694775581e-03</internalNodes>
      <leafValues>
        -5.2167631685733795e-02 3.0996626615524292e-01</leafValues></_>
    <_>
      <internalNodes>
        0 -1 65735 2.6633718516677618e-04</internalNodes>
      <leafValues>
        7.2701558470726013e-02 -1.6986151039600372e-01</leafValues></_>
    <_>
      <internalNodes>
        0 -1 26772 5.7231187820434570e-03</internalNodes>
      <leafValues>
        -1.9177557900547981e-02 5.7575327157974243e-01</leafValues></_>
    <_>
      <internalNodes>
        0 -1 6099 -2.9656784608960152e-03</internalNodes>
      <leafValues>
        1.1585482954978943e-01 -1.0112868249416351e-01</leafValues></_>
    <_>
      <internalNodes>
        0 -1 12979 -4.7843083739280701e-03</internalNodes>
      <leafValues>
        2.1307826042175293e-01 -6.0344818979501724e-02</leafValues></_>
    <_>
      <internalNodes>
        0 -1 21320 -5.6956033222377300e-03</internalNodes>
      <leafValues>
        -3.3655607700347900e-01 3.7055749446153641e-02</leafValues></_>
    <_>
      <internalNodes>
        0 -1 74827 5.3477669134736061e-03</internalNodes>
      <leafValues>
        4.0901314467191696e-02 -3.0892238020896912e-01</leafValues></_>
    <_>
      <internalNodes>
        0 -1 7144 2.1783339325338602e-03</internalNodes>
      <leafValues>
        -3.0614286661148071e-02 3.7044075131416321e-01</leafValues></_>
    <_>
      <internalNodes>
        0 -1 28443 1.7326533794403076e-01</internalNodes>
      <leafValues>
        -1.4063541777431965e-02 7.1396338939666748e-01</leafValues></_>
    <_>
      <internalNodes>
        0 -1 2 -2.5699040270410478e-04</internalNodes>
      <leafValues>
        -1.7308035492897034e-01 7.5424335896968842e-02</leafValues></_>
    <_>
      <internalNodes>
        0 -1 23396 5.2303843200206757e-02</internalNodes>
      <leafValues>
        -5.8299656957387924e-02 2.1332335472106934e-01</leafValues></_>
    <_>
      <internalNodes>
        0 -1 50406 1.1302802711725235e-01</internalNodes>
      <leafValues>
        2.1897995844483376e-02 -5.1246100664138794e-01</leafValues></_>
    <_>
      <internalNodes>
        0 -1 15050 1.1214908212423325e-01</internalNodes>
      <leafValues>
        -1.5012240968644619e-02 6.6883599758148193e-01</leafValues></_>
    <_>
      <internalNodes>
        0 -1 2714 1.8290454149246216e-01</internalNodes>
      <leafValues>
        1.5697021037340164e-02 -8.2419121265411377e-01</leafValues></_>
    <_>
      <internalNodes>
        0 -1 45296 -5.8719873428344727e-02</internalNodes>
      <leafValues>
        -7.2214919328689575e-01 1.3909567147493362e-02</leafValues></_>
    <_>
      <internalNodes>
        0 -1 76656 -1.9940100610256195e-03</internalNodes>
      <leafValues>
        4.8926702141761780e-01 -2.6373375207185745e-02</leafValues></_>
    <_>
      <internalNodes>
        0 -1 13521 2.2233519703149796e-02</internalNodes>
      <leafValues>
        -2.3681810125708580e-02 4.8863339424133301e-01</leafValues></_>
    <_>
      <internalNodes>
        0 -1 49369 -4.0327358874492347e-04</internalNodes>
      <leafValues>
        -1.8667300045490265e-01 6.9971494376659393e-02</leafValues></_>
    <_>
      <internalNodes>
        0 -1 77448 -2.6917946524918079e-03</internalNodes>
      <leafValues>
        -2.4610137939453125e-01 4.7007352113723755e-02</leafValues></_>
    <_>
      <internalNodes>
        0 -1 49544 -8.6511671543121338e-03</internalNodes>
      <leafValues>
        6.1972671747207642e-01 -2.0052740350365639e-02</leafValues></_>
    <_>
      <internalNodes>
        0 -1 70686 -7.0130517706274986e-03</internalNodes>
      <leafValues>
        -1.4079734683036804e-01 9.8676413297653198e-02</leafValues></_>
    <_>
      <internalNodes>
        0 -1 77049 8.5963383316993713e-03</internalNodes>
      <leafValues>
        -6.4478158950805664e-02 2.1374148130416870e-01</leafValues></_>
    <_>
      <internalNodes>
        0 -1 77099 -2.8218124061822891e-03</internalNodes>
      <leafValues>
        -2.6325052976608276e-01 5.3173746913671494e-02</leafValues></_>
    <_>
      <internalNodes>
        0 -1 43551 -7.9055577516555786e-03</internalNodes>
      <leafValues>
        4.6694365143775940e-01 -2.8724463656544685e-02</leafValues></_>
    <_>
      <internalNodes>
        0 -1 77186 7.9160910099744797e-03</internalNodes>
      <leafValues>
        -6.0372974723577499e-02 1.9960452616214752e-01</leafValues></_>
    <_>
      <internalNodes>
        0 -1 78221 6.3288881210610271e-04</internalNodes>
      <leafValues>
        6.8396352231502533e-02 -1.9509375095367432e-01</leafValues></_>
    <_>
      <internalNodes>
        0 -1 49095 -2.1467718482017517e-01</internalNodes>
      <leafValues>
        -9.0228182077407837e-01 1.3755116611719131e-02</leafValues></_>
    <_>
      <internalNodes>
        0 -1 76812 -1.2310368474572897e-03</internalNodes>
      <leafValues>
        -2.1285462379455566e-01 5.7751961052417755e-02</leafValues></_>
    <_>
      <internalNodes>
        0 -1 68903 -2.5816352572292089e-03</internalNodes>
      <leafValues>
        1.4084178209304810e-01 -9.2094264924526215e-02</leafValues></_>
    <_>
      <internalNodes>
        0 -1 62545 8.3453245460987091e-03</internalNodes>
      <leafValues>
        -9.5423497259616852e-02 1.4995563030242920e-01</leafValues></_>
    <_>
      <internalNodes>
        0 -1 43652 1.0206740349531174e-02</internalNodes>
      <leafValues>
        -7.4963293969631195e-02 1.9142654538154602e-01</leafValues></_>
    <_>
      <internalNodes>
        0 -1 47662 3.4634113311767578e-02</internalNodes>
      <leafValues>
        2.6993786916136742e-02 -4.9824720621109009e-01</leafValues></_>
    <_>
      <internalNodes>
        0 -1 25004 1.4760338701307774e-02</internalNodes>
      <leafValues>
        2.2282689809799194e-02 -6.3197106122970581e-01</leafValues></_>
    <_>
      <internalNodes>
        0 -1 13951 2.4259254336357117e-02</internalNodes>
      <leafValues>
        -4.5822095125913620e-02 2.7902197837829590e-01</leafValues></_>
    <_>
      <internalNodes>
        0 -1 57788 -1.1147216428071260e-03</internalNodes>
      <leafValues>
        -2.2742694616317749e-01 5.1694467663764954e-02</leafValues></_>
    <_>
      <internalNodes>
        0 -1 51803 -8.1034824252128601e-03</internalNodes>
      <leafValues>
        1.5706920623779297e-01 -8.8561154901981354e-02</leafValues></_>
    <_>
      <internalNodes>
        0 -1 55858 -2.2886630147695541e-02</internalNodes>
      <leafValues>
        -2.7101534605026245e-01 5.7420562952756882e-02</leafValues></_>
    <_>
      <internalNodes>
        0 -1 68104 5.8713817270472646e-04</internalNodes>
      <leafValues>
        -6.2367744743824005e-02 1.8473747372627258e-01</leafValues></_>
    <_>
      <internalNodes>
        0 -1 54758 1.2313847430050373e-02</internalNodes>
      <leafValues>
        -1.4178495854139328e-02 7.7836167812347412e-01</leafValues></_>
    <_>
      <internalNodes>
        0 -1 9560 -2.1470996737480164e-01</internalNodes>
      <leafValues>
        -8.6504310369491577e-01 1.5472344122827053e-02</leafValues></_>
    <_>
      <internalNodes>
        0 -1 6090 2.9915738850831985e-03</internalNodes>
      <leafValues>
        3.4268990159034729e-02 -3.1450453400611877e-01</leafValues></_>
    <_>
      <internalNodes>
        0 -1 57783 3.6897807149216533e-04</internalNodes>
      <leafValues>
        6.3475839793682098e-02 -1.8408234417438507e-01</leafValues></_>
    <_>
      <internalNodes>
        0 -1 43112 -7.6546415686607361e-02</internalNodes>
      <leafValues>
        4.1231298446655273e-01 -3.1499050557613373e-02</leafValues></_>
    <_>
      <internalNodes>
        0 -1 77876 -2.1094650946906768e-05</internalNodes>
      <leafValues>
        1.0813769698143005e-01 -1.1547366529703140e-01</leafValues></_>
    <_>
      <internalNodes>
        0 -1 13403 -2.6633150875568390e-02</internalNodes>
      <leafValues>
        1.8332672119140625e-01 -6.7941993474960327e-02</leafValues></_>
    <_>
      <internalNodes>
        0 -1 70622 -2.5431927293539047e-02</internalNodes>
      <leafValues>
        3.4689018130302429e-01 -3.4311555325984955e-02</leafValues></_>
    <_>
      <internalNodes>
        0 -1 63716 -8.0991998314857483e-02</internalNodes>
      <leafValues>
        -7.7462494373321533e-01 1.7563465982675552e-02</leafValues></_>
    <_>
      <internalNodes>
        0 -1 68438 -1.9635213539004326e-03</internalNodes>
      <leafValues>
        1.7347641289234161e-01 -7.2645932435989380e-02</leafValues></_>
    <_>
      <internalNodes>
        0 -1 76327 -5.4571144282817841e-03</internalNodes>
      <leafValues>
        1.3064035773277283e-01 -1.0786987841129303e-01</leafValues></_>
    <_>
      <internalNodes>
        0 -1 54516 1.1188308708369732e-03</internalNodes>
      <leafValues>
        4.8154696822166443e-02 -2.7055078744888306e-01</leafValues></_>
    <_>
      <internalNodes>
        0 -1 57262 1.2525622546672821e-01</internalNodes>
      <leafValues>
        1.2926234863698483e-02 -8.9189356565475464e-01</leafValues></_>
    <_>
      <internalNodes>
        0 -1 54407 1.6411587595939636e-01</internalNodes>
      <leafValues>
        1.4576785266399384e-02 -6.5096008777618408e-01</leafValues></_>
    <_>
      <internalNodes>
        0 -1 69796 9.7791419830173254e-04</internalNodes>
      <leafValues>
        -5.6179843842983246e-02 2.0883052051067352e-01</leafValues></_>
    <_>
      <internalNodes>
        0 -1 33210 -1.1608490021899343e-03</internalNodes>
      <leafValues>
        -1.4533047378063202e-01 8.2348778843879700e-02</leafValues></_></weakClassifiers></stage26>
</opencv_storage>
