<?xml version="1.0"?>
<opencv_storage>
<stage30>
  <maxWeakCount>100</maxWeakCount>
  <stageThreshold>-9.3302673101425171e-01</stageThreshold>
  <weakClassifiers>
    <_>
      <internalNodes>
        0 -1 42765 -4.6541757881641388e-02</internalNodes>
      <leafValues>
        3.9372822642326355e-01 -9.2002833262085915e-03</leafValues></_>
    <_>
      <internalNodes>
        0 -1 69974 -1.6426818910986185e-03</internalNodes>
      <leafValues>
        2.5143623352050781e-01 -6.2476184219121933e-02</leafValues></_>
    <_>
      <internalNodes>
        0 -1 69799 1.7247534124180675e-03</internalNodes>
      <leafValues>
        -9.3722954392433167e-02 1.8043175339698792e-01</leafValues></_>
    <_>
      <internalNodes>
        0 -1 42765 -5.5459603667259216e-02</internalNodes>
      <leafValues>
        -4.2493954300880432e-01 1.9701333716511726e-02</leafValues></_>
    <_>
      <internalNodes>
        0 -1 42765 -5.9825167059898376e-02</internalNodes>
      <leafValues>
        7.2192716598510742e-01 -7.3782685212790966e-03</leafValues></_>
    <_>
      <internalNodes>
        0 -1 42765 -5.9810265898704529e-02</internalNodes>
      <leafValues>
        -1. 9.9212676286697388e-03</leafValues></_>
    <_>
      <internalNodes>
        0 -1 42765 -5.9761114418506622e-02</internalNodes>
      <leafValues>
        9.4031918048858643e-01 -9.8533295094966888e-03</leafValues></_>
    <_>
      <internalNodes>
        0 -1 42765 -6.0015190392732620e-02</internalNodes>
      <leafValues>
        -5.6001615524291992e-01 9.6219768747687340e-03</leafValues></_>
    <_>
      <internalNodes>
        0 -1 37850 3.5399295389652252e-02</internalNodes>
      <leafValues>
        -3.2663300633430481e-02 3.7760338187217712e-01</leafValues></_>
    <_>
      <internalNodes>
        0 -1 5158 1.0481040179729462e-01</internalNodes>
      <leafValues>
        2.6250081136822701e-02 -6.2599098682403564e-01</leafValues></_>
    <_>
      <internalNodes>
        0 -1 5158 1.0413843393325806e-01</internalNodes>
      <leafValues>
        -1.4656758867204189e-02 7.9625511169433594e-01</leafValues></_>
    <_>
      <internalNodes>
        0 -1 5158 1.0313791036605835e-01</internalNodes>
      <leafValues>
        1.4709029346704483e-02 -9.7079813480377197e-01</leafValues></_>
    <_>
      <internalNodes>
        0 -1 5158 1.0261827707290649e-01</internalNodes>
      <leafValues>
        -1.4690821990370750e-02 9.6191018819808960e-01</leafValues></_>
    <_>
      <internalNodes>
        0 -1 5158 1.0211129486560822e-01</internalNodes>
      <leafValues>
        1.4700115658342838e-02 -9.7047090530395508e-01</leafValues></_>
    <_>
      <internalNodes>
        0 -1 5158 1.0127552598714828e-01</internalNodes>
      <leafValues>
        -1.4716273173689842e-02 9.6268355846405029e-01</leafValues></_>
    <_>
      <internalNodes>
        0 -1 5158 1.0154677927494049e-01</internalNodes>
      <leafValues>
        1.4421529136598110e-02 -9.7001433372497559e-01</leafValues></_>
    <_>
      <internalNodes>
        0 -1 5158 1.0127552598714828e-01</internalNodes>
      <leafValues>
        -1.4421591535210609e-02 9.6321672201156616e-01</leafValues></_>
    <_>
      <internalNodes>
        0 -1 5158 1.0154677927494049e-01</internalNodes>
      <leafValues>
        1.4421591535210609e-02 -9.5797246694564819e-01</leafValues></_>
    <_>
      <internalNodes>
        0 -1 5158 1.0127552598714828e-01</internalNodes>
      <leafValues>
        -1.4421591535210609e-02 9.6283608675003052e-01</leafValues></_>
    <_>
      <internalNodes>
        0 -1 5158 1.0154677927494049e-01</internalNodes>
      <leafValues>
        1.4421591535210609e-02 -9.6989989280700684e-01</leafValues></_>
    <_>
      <internalNodes>
        0 -1 5158 1.0127552598714828e-01</internalNodes>
      <leafValues>
        -1.4421591535210609e-02 9.6334785223007202e-01</leafValues></_>
    <_>
      <internalNodes>
        0 -1 5158 1.0154677927494049e-01</internalNodes>
      <leafValues>
        1.4421591535210609e-02 -9.5783329010009766e-01</leafValues></_>
    <_>
      <internalNodes>
        0 -1 5158 1.0127552598714828e-01</internalNodes>
      <leafValues>
        -1.4421591535210609e-02 9.6294891834259033e-01</leafValues></_>
    <_>
      <internalNodes>
        0 -1 5158 1.0154677927494049e-01</internalNodes>
      <leafValues>
        1.4421591535210609e-02 -9.6981459856033325e-01</leafValues></_>
    <_>
      <internalNodes>
        0 -1 5158 1.0127552598714828e-01</internalNodes>
      <leafValues>
        -1.4421591535210609e-02 9.6344494819641113e-01</leafValues></_>
    <_>
      <internalNodes>
        0 -1 5158 1.0154677927494049e-01</internalNodes>
      <leafValues>
        1.4421591535210609e-02 -9.5772963762283325e-01</leafValues></_>
    <_>
      <internalNodes>
        0 -1 5158 1.0127552598714828e-01</internalNodes>
      <leafValues>
        -1.4421591535210609e-02 9.6303248405456543e-01</leafValues></_>
    <_>
      <internalNodes>
        0 -1 5158 1.0154677927494049e-01</internalNodes>
      <leafValues>
        1.4421591535210609e-02 -9.6975111961364746e-01</leafValues></_>
    <_>
      <internalNodes>
        0 -1 5158 1.0127552598714828e-01</internalNodes>
      <leafValues>
        -1.4421591535210609e-02 9.6351689100265503e-01</leafValues></_>
    <_>
      <internalNodes>
        0 -1 5158 1.0154677927494049e-01</internalNodes>
      <leafValues>
        1.4421591535210609e-02 -9.5765250921249390e-01</leafValues></_>
    <_>
      <internalNodes>
        0 -1 5158 1.0127552598714828e-01</internalNodes>
      <leafValues>
        -1.4421591535210609e-02 9.6309441328048706e-01</leafValues></_>
    <_>
      <internalNodes>
        0 -1 5158 1.0154677927494049e-01</internalNodes>
      <leafValues>
        1.4421591535210609e-02 -9.6970385313034058e-01</leafValues></_>
    <_>
      <internalNodes>
        0 -1 5158 1.0127552598714828e-01</internalNodes>
      <leafValues>
        -1.4421591535210609e-02 9.6357023715972900e-01</leafValues></_>
    <_>
      <internalNodes>
        0 -1 5158 1.0154677927494049e-01</internalNodes>
      <leafValues>
        1.4421591535210609e-02 -9.5759510993957520e-01</leafValues></_>
    <_>
      <internalNodes>
        0 -1 5158 1.0127552598714828e-01</internalNodes>
      <leafValues>
        -1.4421591535210609e-02 9.6314036846160889e-01</leafValues></_>
    <_>
      <internalNodes>
        0 -1 5158 1.0154677927494049e-01</internalNodes>
      <leafValues>
        1.4421591535210609e-02 -9.6966874599456787e-01</leafValues></_>
    <_>
      <internalNodes>
        0 -1 5158 1.0127552598714828e-01</internalNodes>
      <leafValues>
        -1.4421591535210609e-02 9.6360981464385986e-01</leafValues></_>
    <_>
      <internalNodes>
        0 -1 5158 1.0154677927494049e-01</internalNodes>
      <leafValues>
        1.4421591535210609e-02 -9.5755243301391602e-01</leafValues></_>
    <_>
      <internalNodes>
        0 -1 5158 1.0127552598714828e-01</internalNodes>
      <leafValues>
        -1.4421591535210609e-02 9.6317440271377563e-01</leafValues></_>
    <_>
      <internalNodes>
        0 -1 5158 1.0154677927494049e-01</internalNodes>
      <leafValues>
        1.4421591535210609e-02 -9.5801711082458496e-01</leafValues></_>
    <_>
      <internalNodes>
        0 -1 5158 1.0127552598714828e-01</internalNodes>
      <leafValues>
        -1.4421591535210609e-02 9.6279972791671753e-01</leafValues></_>
    <_>
      <internalNodes>
        0 -1 5158 1.0154677927494049e-01</internalNodes>
      <leafValues>
        1.4421591535210609e-02 -9.6992725133895874e-01</leafValues></_>
    <_>
      <internalNodes>
        0 -1 5158 1.0127552598714828e-01</internalNodes>
      <leafValues>
        -1.4421591535210609e-02 9.6331661939620972e-01</leafValues></_>
    <_>
      <internalNodes>
        0 -1 5158 1.0154677927494049e-01</internalNodes>
      <leafValues>
        1.4421591535210609e-02 -9.5786654949188232e-01</leafValues></_>
    <_>
      <internalNodes>
        0 -1 5158 1.0127552598714828e-01</internalNodes>
      <leafValues>
        -1.4421591535210609e-02 9.6292197704315186e-01</leafValues></_>
    <_>
      <internalNodes>
        0 -1 5158 1.0154677927494049e-01</internalNodes>
      <leafValues>
        1.4421591535210609e-02 -9.6983498334884644e-01</leafValues></_>
    <_>
      <internalNodes>
        0 -1 5158 1.0127552598714828e-01</internalNodes>
      <leafValues>
        -1.4421591535210609e-02 9.6342182159423828e-01</leafValues></_>
    <_>
      <internalNodes>
        0 -1 5158 1.0154677927494049e-01</internalNodes>
      <leafValues>
        1.4421591535210609e-02 -9.5775443315505981e-01</leafValues></_>
    <_>
      <internalNodes>
        0 -1 5158 1.0127552598714828e-01</internalNodes>
      <leafValues>
        -1.4421591535210609e-02 9.6301257610321045e-01</leafValues></_>
    <_>
      <internalNodes>
        0 -1 5158 1.0154677927494049e-01</internalNodes>
      <leafValues>
        1.4421591535210609e-02 -9.6976625919342041e-01</leafValues></_>
    <_>
      <internalNodes>
        0 -1 5158 1.0127552598714828e-01</internalNodes>
      <leafValues>
        -1.4421591535210609e-02 9.6349972486495972e-01</leafValues></_>
    <_>
      <internalNodes>
        0 -1 5158 1.0154677927494049e-01</internalNodes>
      <leafValues>
        1.4421591535210609e-02 -9.5767092704772949e-01</leafValues></_>
    <_>
      <internalNodes>
        0 -1 5158 1.0127552598714828e-01</internalNodes>
      <leafValues>
        -1.4421591535210609e-02 9.6307963132858276e-01</leafValues></_>
    <_>
      <internalNodes>
        0 -1 5158 1.0154677927494049e-01</internalNodes>
      <leafValues>
        1.4421591535210609e-02 -9.6971517801284790e-01</leafValues></_>
    <_>
      <internalNodes>
        0 -1 5158 1.0127552598714828e-01</internalNodes>
      <leafValues>
        -1.4421591535210609e-02 9.6355754137039185e-01</leafValues></_>
    <_>
      <internalNodes>
        0 -1 5158 1.0154677927494049e-01</internalNodes>
      <leafValues>
        1.4421591535210609e-02 -9.5760881900787354e-01</leafValues></_>
    <_>
      <internalNodes>
        0 -1 5158 1.0127552598714828e-01</internalNodes>
      <leafValues>
        -1.4421591535210609e-02 9.6312940120697021e-01</leafValues></_>
    <_>
      <internalNodes>
        0 -1 5158 1.0154677927494049e-01</internalNodes>
      <leafValues>
        1.4421591535210609e-02 -9.6967715024948120e-01</leafValues></_>
    <_>
      <internalNodes>
        0 -1 5158 1.0127552598714828e-01</internalNodes>
      <leafValues>
        -1.4421591535210609e-02 9.6360033750534058e-01</leafValues></_>
    <_>
      <internalNodes>
        0 -1 5158 1.0154677927494049e-01</internalNodes>
      <leafValues>
        1.4421591535210609e-02 -9.5756262540817261e-01</leafValues></_>
    <_>
      <internalNodes>
        0 -1 5158 1.0127552598714828e-01</internalNodes>
      <leafValues>
        -1.4421591535210609e-02 9.6316629648208618e-01</leafValues></_>
    <_>
      <internalNodes>
        0 -1 5158 1.0154677927494049e-01</internalNodes>
      <leafValues>
        1.4421591535210609e-02 -9.5802569389343262e-01</leafValues></_>
    <_>
      <internalNodes>
        0 -1 5158 1.0127552598714828e-01</internalNodes>
      <leafValues>
        -1.4421591535210609e-02 9.6279269456863403e-01</leafValues></_>
    <_>
      <internalNodes>
        0 -1 5158 1.0154677927494049e-01</internalNodes>
      <leafValues>
        1.4421591535210609e-02 -9.6993249654769897e-01</leafValues></_>
    <_>
      <internalNodes>
        0 -1 5158 1.0127552598714828e-01</internalNodes>
      <leafValues>
        -1.4421591535210609e-02 9.6331059932708740e-01</leafValues></_>
    <_>
      <internalNodes>
        0 -1 5158 1.0154677927494049e-01</internalNodes>
      <leafValues>
        1.4421591535210609e-02 -9.5787292718887329e-01</leafValues></_>
    <_>
      <internalNodes>
        0 -1 5158 1.0127552598714828e-01</internalNodes>
      <leafValues>
        -1.4421591535210609e-02 9.6291685104370117e-01</leafValues></_>
    <_>
      <internalNodes>
        0 -1 5158 1.0154677927494049e-01</internalNodes>
      <leafValues>
        1.4421591535210609e-02 -9.6983891725540161e-01</leafValues></_>
    <_>
      <internalNodes>
        0 -1 5158 1.0127552598714828e-01</internalNodes>
      <leafValues>
        -1.4421591535210609e-02 9.6341735124588013e-01</leafValues></_>
    <_>
      <internalNodes>
        0 -1 5158 1.0154677927494049e-01</internalNodes>
      <leafValues>
        1.4421591535210609e-02 -9.5775920152664185e-01</leafValues></_>
    <_>
      <internalNodes>
        0 -1 5158 1.0127552598714828e-01</internalNodes>
      <leafValues>
        -1.4421591535210609e-02 9.6300870180130005e-01</leafValues></_>
    <_>
      <internalNodes>
        0 -1 5158 1.0154677927494049e-01</internalNodes>
      <leafValues>
        1.4421591535210609e-02 -9.6976917982101440e-01</leafValues></_>
    <_>
      <internalNodes>
        0 -1 5158 1.0127552598714828e-01</internalNodes>
      <leafValues>
        -1.4421591535210609e-02 9.6349644660949707e-01</leafValues></_>
    <_>
      <internalNodes>
        0 -1 5158 1.0154677927494049e-01</internalNodes>
      <leafValues>
        1.4421591535210609e-02 -9.5767444372177124e-01</leafValues></_>
    <_>
      <internalNodes>
        0 -1 5158 1.0127552598714828e-01</internalNodes>
      <leafValues>
        -1.4421591535210609e-02 9.6307682991027832e-01</leafValues></_>
    <_>
      <internalNodes>
        0 -1 5158 1.0154677927494049e-01</internalNodes>
      <leafValues>
        1.4421591535210609e-02 -9.6971732378005981e-01</leafValues></_>
    <_>
      <internalNodes>
        0 -1 5158 1.0127552598714828e-01</internalNodes>
      <leafValues>
        -1.4421591535210609e-02 9.6355503797531128e-01</leafValues></_>
    <_>
      <internalNodes>
        0 -1 5158 1.0154677927494049e-01</internalNodes>
      <leafValues>
        1.4421591535210609e-02 -9.5761144161224365e-01</leafValues></_>
    <_>
      <internalNodes>
        0 -1 5158 1.0127552598714828e-01</internalNodes>
      <leafValues>
        -1.4421591535210609e-02 9.6312731504440308e-01</leafValues></_>
    <_>
      <internalNodes>
        0 -1 5158 1.0154677927494049e-01</internalNodes>
      <leafValues>
        1.4421591535210609e-02 -9.6967875957489014e-01</leafValues></_>
    <_>
      <internalNodes>
        0 -1 5158 1.0127552598714828e-01</internalNodes>
      <leafValues>
        -1.4421591535210609e-02 9.6359854936599731e-01</leafValues></_>
    <_>
      <internalNodes>
        0 -1 5158 1.0154677927494049e-01</internalNodes>
      <leafValues>
        1.4421591535210609e-02 -9.5756459236145020e-01</leafValues></_>
    <_>
      <internalNodes>
        0 -1 5158 1.0127552598714828e-01</internalNodes>
      <leafValues>
        -1.4421591535210609e-02 9.6316474676132202e-01</leafValues></_>
    <_>
      <internalNodes>
        0 -1 5158 1.0154677927494049e-01</internalNodes>
      <leafValues>
        1.4421591535210609e-02 -9.5802730321884155e-01</leafValues></_>
    <_>
      <internalNodes>
        0 -1 5158 1.0127552598714828e-01</internalNodes>
      <leafValues>
        -1.4421591535210609e-02 9.6279138326644897e-01</leafValues></_>
    <_>
      <internalNodes>
        0 -1 5158 1.0154677927494049e-01</internalNodes>
      <leafValues>
        1.4421591535210609e-02 -9.6993350982666016e-01</leafValues></_>
    <_>
      <internalNodes>
        0 -1 5158 1.0127552598714828e-01</internalNodes>
      <leafValues>
        -1.4421591535210609e-02 9.6330940723419189e-01</leafValues></_>
    <_>
      <internalNodes>
        0 -1 5158 1.0154677927494049e-01</internalNodes>
      <leafValues>
        1.4421591535210609e-02 -9.5787417888641357e-01</leafValues></_>
    <_>
      <internalNodes>
        0 -1 5158 1.0127552598714828e-01</internalNodes>
      <leafValues>
        -1.4421591535210609e-02 9.6291583776473999e-01</leafValues></_>
    <_>
      <internalNodes>
        0 -1 5158 1.0154677927494049e-01</internalNodes>
      <leafValues>
        1.4421591535210609e-02 -9.6983963251113892e-01</leafValues></_>
    <_>
      <internalNodes>
        0 -1 5158 1.0127552598714828e-01</internalNodes>
      <leafValues>
        -1.4421591535210609e-02 9.6341651678085327e-01</leafValues></_>
    <_>
      <internalNodes>
        0 -1 5158 1.0154677927494049e-01</internalNodes>
      <leafValues>
        1.4421591535210609e-02 -9.5776009559631348e-01</leafValues></_>
    <_>
      <internalNodes>
        0 -1 5158 1.0127552598714828e-01</internalNodes>
      <leafValues>
        -1.4421591535210609e-02 9.6300798654556274e-01</leafValues></_>
    <_>
      <internalNodes>
        0 -1 5158 1.0154677927494049e-01</internalNodes>
      <leafValues>
        1.4421591535210609e-02 -9.6976977586746216e-01</leafValues></_>
    <_>
      <internalNodes>
        0 -1 5158 1.0127552598714828e-01</internalNodes>
      <leafValues>
        -1.4421591535210609e-02 9.6349579095840454e-01</leafValues></_>
    <_>
      <internalNodes>
        0 -1 5158 1.0154677927494049e-01</internalNodes>
      <leafValues>
        1.4421591535210609e-02 -9.5767515897750854e-01</leafValues></_>
    <_>
      <internalNodes>
        0 -1 5158 1.0127552598714828e-01</internalNodes>
      <leafValues>
        -1.4421591535210609e-02 9.6307623386383057e-01</leafValues></_>
    <_>
      <internalNodes>
        0 -1 5158 1.0154677927494049e-01</internalNodes>
      <leafValues>
        1.4421591535210609e-02 -9.6971774101257324e-01</leafValues></_>
    <_>
      <internalNodes>
        0 -1 5158 1.0127552598714828e-01</internalNodes>
      <leafValues>
        -1.4421591535210609e-02 9.6355462074279785e-01</leafValues></_>
    <_>
      <internalNodes>
        0 -1 5158 1.0154677927494049e-01</internalNodes>
      <leafValues>
        1.4421591535210609e-02 -9.5761197805404663e-01</leafValues></_></weakClassifiers></stage30>
</opencv_storage>
