<?xml version="1.0"?>
<opencv_storage>
<stage37>
  <maxWeakCount>100</maxWeakCount>
  <stageThreshold>-1.2029633522033691e+00</stageThreshold>
  <weakClassifiers>
    <_>
      <internalNodes>
        0 -1 63507 -7.6291253790259361e-03</internalNodes>
      <leafValues>
        1.6059114038944244e-01 -9.1970801353454590e-02</leafValues></_>
    <_>
      <internalNodes>
        0 -1 72398 -4.2291386052966118e-03</internalNodes>
      <leafValues>
        2.2354950010776520e-01 -6.2514118850231171e-02</leafValues></_>
    <_>
      <internalNodes>
        0 -1 56641 4.1540066013112664e-04</internalNodes>
      <leafValues>
        5.7601150125265121e-02 -2.0462623238563538e-01</leafValues></_>
    <_>
      <internalNodes>
        0 -1 56914 -6.0137955006211996e-04</internalNodes>
      <leafValues>
        -1.6875323653221130e-01 6.6944181919097900e-02</leafValues></_>
    <_>
      <internalNodes>
        0 -1 47813 1.2519231997430325e-02</internalNodes>
      <leafValues>
        -8.9607208967208862e-02 2.3585335910320282e-01</leafValues></_>
    <_>
      <internalNodes>
        0 -1 60744 -9.8699354566633701e-04</internalNodes>
      <leafValues>
        1.4901350438594818e-01 -1.1939807236194611e-01</leafValues></_>
    <_>
      <internalNodes>
        0 -1 35039 -1.4233557879924774e-01</internalNodes>
      <leafValues>
        2.7696803212165833e-01 -2.2938420996069908e-02</leafValues></_>
    <_>
      <internalNodes>
        0 -1 25250 4.5156955718994141e-02</internalNodes>
      <leafValues>
        -5.1835794001817703e-02 3.3647954463958740e-01</leafValues></_>
    <_>
      <internalNodes>
        0 -1 72233 -6.2284562736749649e-03</internalNodes>
      <leafValues>
        2.3677118122577667e-01 -5.0746049731969833e-02</leafValues></_>
    <_>
      <internalNodes>
        0 -1 77660 7.7479152241721749e-04</internalNodes>
      <leafValues>
        4.5651420950889587e-02 -2.3057590425014496e-01</leafValues></_>
    <_>
      <internalNodes>
        0 -1 65744 -1.3663814752362669e-04</internalNodes>
      <leafValues>
        -1.1143127828836441e-01 1.0783413797616959e-01</leafValues></_>
    <_>
      <internalNodes>
        0 -1 11790 -5.1031567156314850e-02</internalNodes>
      <leafValues>
        7.8638446331024170e-01 -4.3133363127708435e-02</leafValues></_>
    <_>
      <internalNodes>
        0 -1 12212 -5.1021878607571125e-03</internalNodes>
      <leafValues>
        -4.2261457443237305e-01 3.8453940302133560e-02</leafValues></_>
    <_>
      <internalNodes>
        0 -1 78143 -3.9514961827080697e-05</internalNodes>
      <leafValues>
        1.0720948874950409e-01 -1.0154224932193756e-01</leafValues></_>
    <_>
      <internalNodes>
        0 -1 52644 -1.6614890773780644e-04</internalNodes>
      <leafValues>
        -1.4357462525367737e-01 8.1103965640068054e-02</leafValues></_>
    <_>
      <internalNodes>
        0 -1 52644 1.8316860951017588e-04</internalNodes>
      <leafValues>
        9.8543874919414520e-02 -1.9568946957588196e-01</leafValues></_>
    <_>
      <internalNodes>
        0 -1 18875 -1.2594275176525116e-02</internalNodes>
      <leafValues>
        1.8879060447216034e-01 -8.8586747646331787e-02</leafValues></_>
    <_>
      <internalNodes>
        0 -1 34716 -3.4898486733436584e-01</internalNodes>
      <leafValues>
        -6.7454141378402710e-01 3.4278783947229385e-02</leafValues></_>
    <_>
      <internalNodes>
        0 -1 7904 1.5282377600669861e-02</internalNodes>
      <leafValues>
        -1.3059571385383606e-01 1.0583877563476562e-01</leafValues></_>
    <_>
      <internalNodes>
        0 -1 34589 -1.5874445438385010e-01</internalNodes>
      <leafValues>
        3.9716139435768127e-01 -3.5203590989112854e-02</leafValues></_>
    <_>
      <internalNodes>
        0 -1 25090 -1.2096664868295193e-03</internalNodes>
      <leafValues>
        1.4498637616634369e-01 -8.1373699009418488e-02</leafValues></_>
    <_>
      <internalNodes>
        0 -1 54638 1.1123639997094870e-03</internalNodes>
      <leafValues>
        -9.0085200965404510e-02 1.4147861301898956e-01</leafValues></_>
    <_>
      <internalNodes>
        0 -1 65332 9.1019691899418831e-04</internalNodes>
      <leafValues>
        6.7226722836494446e-02 -2.0911800861358643e-01</leafValues></_>
    <_>
      <internalNodes>
        0 -1 163 -1.0509313642978668e-01</internalNodes>
      <leafValues>
        4.8548281192779541e-01 -3.5763628780841827e-02</leafValues></_>
    <_>
      <internalNodes>
        0 -1 71846 1.5088920481503010e-03</internalNodes>
      <leafValues>
        -3.2852582633495331e-02 2.9224339127540588e-01</leafValues></_>
    <_>
      <internalNodes>
        0 -1 48268 -2.1418141841422766e-05</internalNodes>
      <leafValues>
        1.0741437971591949e-01 -1.1061434447765350e-01</leafValues></_>
    <_>
      <internalNodes>
        0 -1 62054 2.3330916883423924e-04</internalNodes>
      <leafValues>
        7.1083366870880127e-02 -1.5691104531288147e-01</leafValues></_>
    <_>
      <internalNodes>
        0 -1 49874 4.9826852045953274e-04</internalNodes>
      <leafValues>
        -1.0205802321434021e-01 1.1080160737037659e-01</leafValues></_>
    <_>
      <internalNodes>
        0 -1 54515 -2.9490113956853747e-04</internalNodes>
      <leafValues>
        1.6067895293235779e-01 -7.8054495155811310e-02</leafValues></_>
    <_>
      <internalNodes>
        0 -1 6681 -5.6627653539180756e-03</internalNodes>
      <leafValues>
        4.2501503229141235e-01 -2.3483760654926300e-02</leafValues></_>
    <_>
      <internalNodes>
        0 -1 77949 -6.9660786539316177e-04</internalNodes>
      <leafValues>
        1.0094243288040161e-01 -1.0940526425838470e-01</leafValues></_>
    <_>
      <internalNodes>
        0 -1 77740 1.7041112296283245e-03</internalNodes>
      <leafValues>
        -7.6103903353214264e-02 1.4539475739002228e-01</leafValues></_>
    <_>
      <internalNodes>
        0 -1 55492 2.5157686322927475e-02</internalNodes>
      <leafValues>
        1.3675102032721043e-02 -7.3169440031051636e-01</leafValues></_>
    <_>
      <internalNodes>
        0 -1 70411 -4.7332607209682465e-03</internalNodes>
      <leafValues>
        -2.2731551527976990e-01 4.9078349024057388e-02</leafValues></_>
    <_>
      <internalNodes>
        0 -1 64681 -5.7704336941242218e-02</internalNodes>
      <leafValues>
        5.1694107055664062e-01 -1.6026947647333145e-02</leafValues></_>
    <_>
      <internalNodes>
        0 -1 43809 2.8840592131018639e-04</internalNodes>
      <leafValues>
        6.8015217781066895e-02 -1.5561880171298981e-01</leafValues></_>
    <_>
      <internalNodes>
        0 -1 15547 -3.1878866255283356e-02</internalNodes>
      <leafValues>
        2.0658265054225922e-01 -5.9042811393737793e-02</leafValues></_>
    <_>
      <internalNodes>
        0 -1 43826 -1.0430763941258192e-03</internalNodes>
      <leafValues>
        -1.5590001642704010e-01 7.3447689414024353e-02</leafValues></_>
    <_>
      <internalNodes>
        0 -1 21175 -1.0764963924884796e-02</internalNodes>
      <leafValues>
        1.0899614542722702e-01 -1.0269557684659958e-01</leafValues></_>
    <_>
      <internalNodes>
        0 -1 14826 4.9475692212581635e-02</internalNodes>
      <leafValues>
        2.1359831094741821e-02 -7.8733420372009277e-01</leafValues></_>
    <_>
      <internalNodes>
        0 -1 16710 1.1637024581432343e-03</internalNodes>
      <leafValues>
        6.9787196815013885e-02 -1.4336916804313660e-01</leafValues></_>
    <_>
      <internalNodes>
        0 -1 10302 -8.8074117898941040e-02</internalNodes>
      <leafValues>
        6.4228200912475586e-01 -1.7084812745451927e-02</leafValues></_>
    <_>
      <internalNodes>
        0 -1 3582 -1.5440000593662262e-01</internalNodes>
      <leafValues>
        -6.1815178394317627e-01 2.2255033254623413e-02</leafValues></_>
    <_>
      <internalNodes>
        0 -1 51258 3.2053136965259910e-04</internalNodes>
      <leafValues>
        7.3914438486099243e-02 -1.5353801846504211e-01</leafValues></_>
    <_>
      <internalNodes>
        0 -1 56113 -1.9956242293119431e-02</internalNodes>
      <leafValues>
        3.1613090634346008e-01 -3.3656638115644455e-02</leafValues></_>
    <_>
      <internalNodes>
        0 -1 60530 -7.9881172860041261e-04</internalNodes>
      <leafValues>
        -2.3215155303478241e-01 5.3209077566862106e-02</leafValues></_>
    <_>
      <internalNodes>
        0 -1 11778 4.8260911717079580e-04</internalNodes>
      <leafValues>
        -8.4261201322078705e-02 1.3414500653743744e-01</leafValues></_>
    <_>
      <internalNodes>
        0 -1 71073 -1.4124381355941296e-02</internalNodes>
      <leafValues>
        5.1984047889709473e-01 -2.4329289793968201e-02</leafValues></_>
    <_>
      <internalNodes>
        0 -1 70076 -5.0581302493810654e-02</internalNodes>
      <leafValues>
        -4.6689683198928833e-01 2.4923108518123627e-02</leafValues></_>
    <_>
      <internalNodes>
        0 -1 60563 -4.3248430301900953e-05</internalNodes>
      <leafValues>
        9.9271893501281738e-02 -1.0294443368911743e-01</leafValues></_>
    <_>
      <internalNodes>
        0 -1 53487 -9.6723269671201706e-03</internalNodes>
      <leafValues>
        -2.4548177421092987e-01 4.1398689150810242e-02</leafValues></_>
    <_>
      <internalNodes>
        0 -1 68892 9.7403854131698608e-02</internalNodes>
      <leafValues>
        -1.3702329248189926e-02 6.9209468364715576e-01</leafValues></_>
    <_>
      <internalNodes>
        0 -1 78345 -1.3820221647620201e-04</internalNodes>
      <leafValues>
        1.0991650819778442e-01 -1.0047768056392670e-01</leafValues></_>
    <_>
      <internalNodes>
        0 -1 77955 1.3103792443871498e-03</internalNodes>
      <leafValues>
        -9.6041671931743622e-02 1.2863820791244507e-01</leafValues></_>
    <_>
      <internalNodes>
        0 -1 65923 -1.3889126479625702e-02</internalNodes>
      <leafValues>
        4.4587019085884094e-01 -2.4757595732808113e-02</leafValues></_>
    <_>
      <internalNodes>
        0 -1 76652 4.0459481533616781e-04</internalNodes>
      <leafValues>
        5.8932740241289139e-02 -2.0923477411270142e-01</leafValues></_>
    <_>
      <internalNodes>
        0 -1 57360 -3.3394596539437771e-03</internalNodes>
      <leafValues>
        1.3898074626922607e-01 -8.1545092165470123e-02</leafValues></_>
    <_>
      <internalNodes>
        0 -1 64543 -2.2109121084213257e-02</internalNodes>
      <leafValues>
        3.9441570639610291e-01 -3.3095154911279678e-02</leafValues></_>
    <_>
      <internalNodes>
        0 -1 62367 1.9210756363463588e-05</internalNodes>
      <leafValues>
        -1.2546180188655853e-01 1.0415607690811157e-01</leafValues></_>
    <_>
      <internalNodes>
        0 -1 72927 4.6060783788561821e-03</internalNodes>
      <leafValues>
        4.6813480556011200e-02 -2.3899745941162109e-01</leafValues></_>
    <_>
      <internalNodes>
        0 -1 11305 -1.8405385315418243e-02</internalNodes>
      <leafValues>
        5.6249177455902100e-01 -2.1212767809629440e-02</leafValues></_>
    <_>
      <internalNodes>
        0 -1 35094 1.1467491276562214e-02</internalNodes>
      <leafValues>
        4.2705096304416656e-02 -2.5511500239372253e-01</leafValues></_>
    <_>
      <internalNodes>
        0 -1 34810 2.4045087397098541e-02</internalNodes>
      <leafValues>
        -3.1766518950462341e-02 4.2671740055084229e-01</leafValues></_>
    <_>
      <internalNodes>
        0 -1 39619 -2.5704677682369947e-03</internalNodes>
      <leafValues>
        -3.5309261083602905e-01 3.1953420490026474e-02</leafValues></_>
    <_>
      <internalNodes>
        0 -1 56309 -3.3057153224945068e-01</internalNodes>
      <leafValues>
        8.0898487567901611e-01 -1.6940910369157791e-02</leafValues></_>
    <_>
      <internalNodes>
        0 -1 59927 -2.3304907977581024e-01</internalNodes>
      <leafValues>
        -3.9536526799201965e-01 3.7207517772912979e-02</leafValues></_>
    <_>
      <internalNodes>
        0 -1 54599 -2.4328981526196003e-03</internalNodes>
      <leafValues>
        1.9580867886543274e-01 -5.5876545608043671e-02</leafValues></_>
    <_>
      <internalNodes>
        0 -1 78369 -9.8057650029659271e-04</internalNodes>
      <leafValues>
        -2.3707032203674316e-01 4.3236702680587769e-02</leafValues></_>
    <_>
      <internalNodes>
        0 -1 64481 -8.0232706386595964e-04</internalNodes>
      <leafValues>
        1.0013266652822495e-01 -1.0763949900865555e-01</leafValues></_>
    <_>
      <internalNodes>
        0 -1 48707 -7.5882574310526252e-04</internalNodes>
      <leafValues>
        1.0841063410043716e-01 -1.0597539693117142e-01</leafValues></_>
    <_>
      <internalNodes>
        0 -1 48304 3.4007035195827484e-02</internalNodes>
      <leafValues>
        -3.2277751713991165e-02 3.7302353978157043e-01</leafValues></_>
    <_>
      <internalNodes>
        0 -1 74477 -6.4636080060154200e-04</internalNodes>
      <leafValues>
        1.8497517704963684e-01 -5.6480858474969864e-02</leafValues></_>
    <_>
      <internalNodes>
        0 -1 26953 8.3278007805347443e-03</internalNodes>
      <leafValues>
        -7.7978372573852539e-02 1.4651894569396973e-01</leafValues></_>
    <_>
      <internalNodes>
        0 -1 62768 -8.4999958053231239e-03</internalNodes>
      <leafValues>
        7.8534930944442749e-02 -1.4858131110668182e-01</leafValues></_>
    <_>
      <internalNodes>
        0 -1 64482 -1.5081878751516342e-02</internalNodes>
      <leafValues>
        -2.1443367004394531e-01 6.2559753656387329e-02</leafValues></_>
    <_>
      <internalNodes>
        0 -1 54046 -5.2718463120982051e-04</internalNodes>
      <leafValues>
        -1.8065093457698822e-01 6.0852304100990295e-02</leafValues></_>
    <_>
      <internalNodes>
        0 -1 75322 -1.1407666606828570e-03</internalNodes>
      <leafValues>
        1.4006707072257996e-01 -8.7211310863494873e-02</leafValues></_>
    <_>
      <internalNodes>
        0 -1 26844 -8.4491655230522156e-02</internalNodes>
      <leafValues>
        5.7135742902755737e-01 -2.0794993266463280e-02</leafValues></_>
    <_>
      <internalNodes>
        0 -1 44515 -7.8535936772823334e-03</internalNodes>
      <leafValues>
        5.3454858064651489e-01 -1.6339598223567009e-02</leafValues></_>
    <_>
      <internalNodes>
        0 -1 9061 -7.1572616696357727e-02</internalNodes>
      <leafValues>
        -5.5871808528900146e-01 2.2335989400744438e-02</leafValues></_>
    <_>
      <internalNodes>
        0 -1 28039 1.6168365254998207e-04</internalNodes>
      <leafValues>
        6.6892154514789581e-02 -1.5566098690032959e-01</leafValues></_>
    <_>
      <internalNodes>
        0 -1 6245 6.6477470099925995e-03</internalNodes>
      <leafValues>
        -6.8654775619506836e-02 1.5792027115821838e-01</leafValues></_>
    <_>
      <internalNodes>
        0 -1 6176 2.1294313482940197e-03</internalNodes>
      <leafValues>
        -8.6150184273719788e-02 1.4167645573616028e-01</leafValues></_>
    <_>
      <internalNodes>
        0 -1 20643 -4.1874119779095054e-04</internalNodes>
      <leafValues>
        9.9276348948478699e-02 -1.0486667603254318e-01</leafValues></_>
    <_>
      <internalNodes>
        0 -1 5724 3.5965656861662865e-03</internalNodes>
      <leafValues>
        2.5452487170696259e-02 -4.3852296471595764e-01</leafValues></_>
    <_>
      <internalNodes>
        0 -1 44612 -2.0370319485664368e-02</internalNodes>
      <leafValues>
        1.7260560393333435e-01 -6.4972184598445892e-02</leafValues></_>
    <_>
      <internalNodes>
        0 -1 65325 -1.2452337145805359e-01</internalNodes>
      <leafValues>
        -9.0406668186187744e-01 1.2262702919542789e-02</leafValues></_>
    <_>
      <internalNodes>
        0 -1 61640 -6.4436811953783035e-04</internalNodes>
      <leafValues>
        -1.4343519508838654e-01 8.5659794509410858e-02</leafValues></_>
    <_>
      <internalNodes>
        0 -1 59078 -1.7424423247575760e-02</internalNodes>
      <leafValues>
        1.6534559428691864e-01 -6.9729991257190704e-02</leafValues></_>
    <_>
      <internalNodes>
        0 -1 67836 -2.1415248513221741e-02</internalNodes>
      <leafValues>
        -6.1506080627441406e-01 1.9637724384665489e-02</leafValues></_>
    <_>
      <internalNodes>
        0 -1 66322 4.0416223928332329e-03</internalNodes>
      <leafValues>
        -6.2396679073572159e-02 1.9883702695369720e-01</leafValues></_>
    <_>
      <internalNodes>
        0 -1 72199 -1.7894789576530457e-02</internalNodes>
      <leafValues>
        -6.1811476945877075e-01 1.8326122313737869e-02</leafValues></_>
    <_>
      <internalNodes>
        0 -1 62739 -2.7841944247484207e-03</internalNodes>
      <leafValues>
        -2.3292422294616699e-01 4.6701319515705109e-02</leafValues></_>
    <_>
      <internalNodes>
        0 -1 69976 -2.2046205122023821e-03</internalNodes>
      <leafValues>
        3.4833452105522156e-01 -3.4616306424140930e-02</leafValues></_>
    <_>
      <internalNodes>
        0 -1 14761 2.8968418017029762e-02</internalNodes>
      <leafValues>
        -2.6977861300110817e-02 4.0170925855636597e-01</leafValues></_>
    <_>
      <internalNodes>
        0 -1 1419 9.2474314442370087e-05</internalNodes>
      <leafValues>
        -1.1021921038627625e-01 1.0651508718729019e-01</leafValues></_>
    <_>
      <internalNodes>
        0 -1 39859 -3.4827789932023734e-05</internalNodes>
      <leafValues>
        1.1923594027757645e-01 -9.4626218080520630e-02</leafValues></_>
    <_>
      <internalNodes>
        0 -1 28203 -6.0849435627460480e-02</internalNodes>
      <leafValues>
        5.2451604604721069e-01 -1.9006319344043732e-02</leafValues></_>
    <_>
      <internalNodes>
        0 -1 18056 -5.0469905138015747e-02</internalNodes>
      <leafValues>
        -7.7842766046524048e-01 1.5856629237532616e-02</leafValues></_>
    <_>
      <internalNodes>
        0 -1 8965 4.3692119652405381e-04</internalNodes>
      <leafValues>
        5.7519998401403427e-02 -1.9113956391811371e-01</leafValues></_></weakClassifiers></stage37>
</opencv_storage>
