<?xml version="1.0"?>
<opencv_storage>
<stage32>
  <maxWeakCount>100</maxWeakCount>
  <stageThreshold>-1.2270909547805786e+00</stageThreshold>
  <weakClassifiers>
    <_>
      <internalNodes>
        0 -1 69799 -5.5296709761023521e-03</internalNodes>
      <leafValues>
        4.3797469139099121e-01 8.9850248768925667e-03</leafValues></_>
    <_>
      <internalNodes>
        0 -1 48238 1.8612433923408389e-03</internalNodes>
      <leafValues>
        7.6915189623832703e-02 -2.2404514253139496e-01</leafValues></_>
    <_>
      <internalNodes>
        0 -1 69799 -5.4093534126877785e-03</internalNodes>
      <leafValues>
        -6.0039395093917847e-01 -1.3101549120619893e-03</leafValues></_>
    <_>
      <internalNodes>
        0 -1 69799 -5.2444087341427803e-03</internalNodes>
      <leafValues>
        6.3397139310836792e-01 -2.9863691888749599e-03</leafValues></_>
    <_>
      <internalNodes>
        0 -1 69799 -5.2222302183508873e-03</internalNodes>
      <leafValues>
        -6.4205074310302734e-01 9.1442518169060349e-04</leafValues></_>
    <_>
      <internalNodes>
        0 -1 69799 -5.2049914374947548e-03</internalNodes>
      <leafValues>
        6.4873206615447998e-01 -3.1298369867727160e-04</leafValues></_>
    <_>
      <internalNodes>
        0 -1 69799 -5.1772398874163628e-03</internalNodes>
      <leafValues>
        -6.4451682567596436e-01 7.9513428499922156e-04</leafValues></_>
    <_>
      <internalNodes>
        0 -1 69799 -5.1650260575115681e-03</internalNodes>
      <leafValues>
        6.4950156211853027e-01 -7.3710840661078691e-04</leafValues></_>
    <_>
      <internalNodes>
        0 -1 69799 -5.0066253170371056e-03</internalNodes>
      <leafValues>
        -6.3549065589904785e-01 1.9580246880650520e-03</leafValues></_>
    <_>
      <internalNodes>
        0 -1 69799 -4.9972832202911377e-03</internalNodes>
      <leafValues>
        6.3912802934646606e-01 -3.1469573150388896e-04</leafValues></_>
    <_>
      <internalNodes>
        0 -1 69799 -4.9878181889653206e-03</internalNodes>
      <leafValues>
        -6.3912683725357056e-01 3.7245429120957851e-04</leafValues></_>
    <_>
      <internalNodes>
        0 -1 69799 -4.9748178571462631e-03</internalNodes>
      <leafValues>
        6.4063614606857300e-01 -6.2999123474583030e-04</leafValues></_>
    <_>
      <internalNodes>
        0 -1 69799 -4.9347616732120514e-03</internalNodes>
      <leafValues>
        -6.3841432332992554e-01 7.0669490378350019e-04</leafValues></_>
    <_>
      <internalNodes>
        0 -1 69799 -4.9268668517470360e-03</internalNodes>
      <leafValues>
        6.4149671792984009e-01 -3.1549241975881159e-04</leafValues></_>
    <_>
      <internalNodes>
        0 -1 69799 -4.8900367692112923e-03</internalNodes>
      <leafValues>
        -6.3465553522109985e-01 7.6675973832607269e-04</leafValues></_>
    <_>
      <internalNodes>
        0 -1 69799 -4.8206858336925507e-03</internalNodes>
      <leafValues>
        6.3897478580474854e-01 -2.1026709582656622e-03</leafValues></_>
    <_>
      <internalNodes>
        0 -1 69799 -4.7977957874536514e-03</internalNodes>
      <leafValues>
        -6.4488530158996582e-01 6.5289798658341169e-04</leafValues></_>
    <_>
      <internalNodes>
        0 -1 69799 -4.7294106334447861e-03</internalNodes>
      <leafValues>
        6.4316082000732422e-01 -1.3135699555277824e-03</leafValues></_>
    <_>
      <internalNodes>
        0 -1 69799 -4.7100400552153587e-03</internalNodes>
      <leafValues>
        -6.4810425043106079e-01 6.5411772811785340e-04</leafValues></_>
    <_>
      <internalNodes>
        0 -1 69799 -4.6342303976416588e-03</internalNodes>
      <leafValues>
        6.4300143718719482e-01 -1.4272856060415506e-03</leafValues></_>
    <_>
      <internalNodes>
        0 -1 69799 -4.5733992010354996e-03</internalNodes>
      <leafValues>
        -6.5192192792892456e-01 9.9322863388806581e-04</leafValues></_>
    <_>
      <internalNodes>
        0 -1 69799 -3.9840103127062321e-03</internalNodes>
      <leafValues>
        6.0281550884246826e-01 -9.8754661157727242e-03</leafValues></_>
    <_>
      <internalNodes>
        0 -1 37935 1.1658482253551483e-01</internalNodes>
      <leafValues>
        -5.5893141776323318e-02 4.4152817130088806e-01</leafValues></_>
    <_>
      <internalNodes>
        0 -1 37975 1.5249267220497131e-01</internalNodes>
      <leafValues>
        5.6497432524338365e-04 -9.4101095199584961e-01</leafValues></_>
    <_>
      <internalNodes>
        0 -1 37975 1.5082907676696777e-01</internalNodes>
      <leafValues>
        -5.8261700905859470e-04 8.1415838003158569e-01</leafValues></_>
    <_>
      <internalNodes>
        0 -1 53267 -9.9914078600704670e-04</internalNodes>
      <leafValues>
        1.1924253404140472e-01 -1.1329659819602966e-01</leafValues></_>
    <_>
      <internalNodes>
        0 -1 69799 -3.8509280420839787e-03</internalNodes>
      <leafValues>
        -3.4462907910346985e-01 2.7631472796201706e-02</leafValues></_>
    <_>
      <internalNodes>
        0 -1 26131 3.2601453363895416e-02</internalNodes>
      <leafValues>
        -3.0849395319819450e-02 2.4539262056350708e-01</leafValues></_>
    <_>
      <internalNodes>
        0 -1 69614 -3.6644772626459599e-03</internalNodes>
      <leafValues>
        2.2527760267257690e-01 -6.3197940587997437e-02</leafValues></_>
    <_>
      <internalNodes>
        0 -1 69799 1.3645762810483575e-03</internalNodes>
      <leafValues>
        -1.0265602171421051e-01 1.7369286715984344e-01</leafValues></_>
    <_>
      <internalNodes>
        0 -1 7302 3.7248684093356133e-03</internalNodes>
      <leafValues>
        -1.8793629482388496e-02 4.5725524425506592e-01</leafValues></_>
    <_>
      <internalNodes>
        0 -1 62398 -4.2839298839680851e-04</internalNodes>
      <leafValues>
        -1.9678057730197906e-01 7.4054010212421417e-02</leafValues></_>
    <_>
      <internalNodes>
        0 -1 5308 1.7227001953870058e-03</internalNodes>
      <leafValues>
        -5.5549189448356628e-02 3.5170710086822510e-01</leafValues></_>
    <_>
      <internalNodes>
        0 -1 12993 2.3517585359513760e-03</internalNodes>
      <leafValues>
        6.8143464624881744e-02 -2.8833261132240295e-01</leafValues></_>
    <_>
      <internalNodes>
        0 -1 63010 2.0092505216598511e-01</internalNodes>
      <leafValues>
        -4.4288825243711472e-02 5.5904740095138550e-01</leafValues></_>
    <_>
      <internalNodes>
        0 -1 59815 2.1321992576122284e-01</internalNodes>
      <leafValues>
        3.0452240258455276e-02 -8.4023416042327881e-01</leafValues></_>
    <_>
      <internalNodes>
        0 -1 56641 1.3093795860186219e-04</internalNodes>
      <leafValues>
        6.9917850196361542e-02 -1.5550321340560913e-01</leafValues></_>
    <_>
      <internalNodes>
        0 -1 56641 -2.8548261616379023e-04</internalNodes>
      <leafValues>
        -1.8090580403804779e-01 8.0186948180198669e-02</leafValues></_>
    <_>
      <internalNodes>
        0 -1 43228 6.8268356844782829e-03</internalNodes>
      <leafValues>
        -2.4128420278429985e-02 6.0930609703063965e-01</leafValues></_>
    <_>
      <internalNodes>
        0 -1 1527 1.3648812659084797e-02</internalNodes>
      <leafValues>
        -5.5711410939693451e-02 1.9693745672702789e-01</leafValues></_>
    <_>
      <internalNodes>
        0 -1 835 -6.0468059964478016e-03</internalNodes>
      <leafValues>
        1.1700269579887390e-01 -1.1847687512636185e-01</leafValues></_>
    <_>
      <internalNodes>
        0 -1 49620 -8.2297191023826599e-02</internalNodes>
      <leafValues>
        4.6767070889472961e-01 -2.0111674442887306e-02</leafValues></_>
    <_>
      <internalNodes>
        0 -1 21590 9.4898277893662453e-04</internalNodes>
      <leafValues>
        5.3643602877855301e-02 -2.2361385822296143e-01</leafValues></_>
    <_>
      <internalNodes>
        0 -1 8316 3.1213142210617661e-04</internalNodes>
      <leafValues>
        6.8227648735046387e-02 -1.8029187619686127e-01</leafValues></_>
    <_>
      <internalNodes>
        0 -1 56107 -3.8657568395137787e-02</internalNodes>
      <leafValues>
        4.2780691385269165e-01 -2.3486297577619553e-02</leafValues></_>
    <_>
      <internalNodes>
        0 -1 52149 1.1325356550514698e-02</internalNodes>
      <leafValues>
        -8.0360889434814453e-02 1.6644398868083954e-01</leafValues></_>
    <_>
      <internalNodes>
        0 -1 51170 5.0765722990036011e-02</internalNodes>
      <leafValues>
        4.4440668076276779e-02 -3.1874835491180420e-01</leafValues></_>
    <_>
      <internalNodes>
        0 -1 5697 -6.8940280470997095e-04</internalNodes>
      <leafValues>
        1.1425960063934326e-01 -9.2238344252109528e-02</leafValues></_>
    <_>
      <internalNodes>
        0 -1 5322 -8.4840822964906693e-03</internalNodes>
      <leafValues>
        3.3078598976135254e-01 -3.2683260738849640e-02</leafValues></_>
    <_>
      <internalNodes>
        0 -1 27544 -6.9843202829360962e-02</internalNodes>
      <leafValues>
        -3.8399064540863037e-01 2.6417501270771027e-02</leafValues></_>
    <_>
      <internalNodes>
        0 -1 28837 -2.2232891991734505e-02</internalNodes>
      <leafValues>
        -8.6526012420654297e-01 1.2887957505881786e-02</leafValues></_>
    <_>
      <internalNodes>
        0 -1 20625 -6.8641435354948044e-03</internalNodes>
      <leafValues>
        -3.3760187029838562e-01 2.8995698317885399e-02</leafValues></_>
    <_>
      <internalNodes>
        0 -1 6657 -1.5021836385130882e-02</internalNodes>
      <leafValues>
        1.1741529405117035e-01 -9.8150283098220825e-02</leafValues></_>
    <_>
      <internalNodes>
        0 -1 20358 9.6450926503166556e-04</internalNodes>
      <leafValues>
        -8.6792074143886566e-02 1.4861308038234711e-01</leafValues></_>
    <_>
      <internalNodes>
        0 -1 76752 -2.9274832922965288e-04</internalNodes>
      <leafValues>
        -1.5194374322891235e-01 7.5890302658081055e-02</leafValues></_>
    <_>
      <internalNodes>
        0 -1 70387 8.5696093738079071e-02</internalNodes>
      <leafValues>
        -2.8115967288613319e-02 4.3345776200294495e-01</leafValues></_>
    <_>
      <internalNodes>
        0 -1 20943 2.3791145533323288e-02</internalNodes>
      <leafValues>
        4.1499953716993332e-02 -3.0518883466720581e-01</leafValues></_>
    <_>
      <internalNodes>
        0 -1 52956 -4.1035331378225237e-05</internalNodes>
      <leafValues>
        1.0481443256139755e-01 -1.0490556061267853e-01</leafValues></_>
    <_>
      <internalNodes>
        0 -1 26459 3.9954029489308596e-05</internalNodes>
      <leafValues>
        -9.1761067509651184e-02 1.1588729918003082e-01</leafValues></_>
    <_>
      <internalNodes>
        0 -1 43589 -3.7701667752116919e-03</internalNodes>
      <leafValues>
        -1.8958908319473267e-01 6.1986036598682404e-02</leafValues></_>
    <_>
      <internalNodes>
        0 -1 28763 5.0758328288793564e-03</internalNodes>
      <leafValues>
        -8.9951895177364349e-02 1.2852880358695984e-01</leafValues></_>
    <_>
      <internalNodes>
        0 -1 45260 2.7003880590200424e-02</internalNodes>
      <leafValues>
        -6.3633769750595093e-02 1.9880305230617523e-01</leafValues></_>
    <_>
      <internalNodes>
        0 -1 57952 1.8627956160344183e-04</internalNodes>
      <leafValues>
        6.3919410109519958e-02 -1.6542972624301910e-01</leafValues></_>
    <_>
      <internalNodes>
        0 -1 36333 -4.7077788040041924e-03</internalNodes>
      <leafValues>
        1.6495160758495331e-01 -6.9730132818222046e-02</leafValues></_>
    <_>
      <internalNodes>
        0 -1 10834 -2.1991184912621975e-03</internalNodes>
      <leafValues>
        1.4225281774997711e-01 -1.0790374875068665e-01</leafValues></_>
    <_>
      <internalNodes>
        0 -1 3479 1.2566564604640007e-02</internalNodes>
      <leafValues>
        -7.5706593692302704e-02 1.6799385845661163e-01</leafValues></_>
    <_>
      <internalNodes>
        0 -1 46880 -2.6706079952418804e-03</internalNodes>
      <leafValues>
        -2.9299640655517578e-01 3.8314931094646454e-02</leafValues></_>
    <_>
      <internalNodes>
        0 -1 23000 -1.5718771610409021e-03</internalNodes>
      <leafValues>
        1.9060060381889343e-01 -6.8141564726829529e-02</leafValues></_>
    <_>
      <internalNodes>
        0 -1 44110 -3.9699336048215628e-04</internalNodes>
      <leafValues>
        1.1403669416904449e-01 -9.4703502953052521e-02</leafValues></_>
    <_>
      <internalNodes>
        0 -1 54199 -5.3019635379314423e-03</internalNodes>
      <leafValues>
        4.5821166038513184e-01 -2.6675168424844742e-02</leafValues></_>
    <_>
      <internalNodes>
        0 -1 71485 1.7222315073013306e-03</internalNodes>
      <leafValues>
        4.7899771481752396e-02 -2.3876443505287170e-01</leafValues></_>
    <_>
      <internalNodes>
        0 -1 78236 -1.1674538254737854e-02</internalNodes>
      <leafValues>
        -4.2358744144439697e-01 2.4608477950096130e-02</leafValues></_>
    <_>
      <internalNodes>
        0 -1 78225 -3.1062171910889447e-04</internalNodes>
      <leafValues>
        1.2030961364507675e-01 -1.0571010410785675e-01</leafValues></_>
    <_>
      <internalNodes>
        0 -1 62617 -7.3364526033401489e-02</internalNodes>
      <leafValues>
        -3.0543842911720276e-01 3.3511336892843246e-02</leafValues></_>
    <_>
      <internalNodes>
        0 -1 29754 -4.1764171328395605e-05</internalNodes>
      <leafValues>
        1.0564970225095749e-01 -1.0281188786029816e-01</leafValues></_>
    <_>
      <internalNodes>
        0 -1 36662 9.2230178415775299e-04</internalNodes>
      <leafValues>
        -5.3189724683761597e-02 2.0833659172058105e-01</leafValues></_>
    <_>
      <internalNodes>
        0 -1 20882 1.6680497210472822e-03</internalNodes>
      <leafValues>
        4.5454766601324081e-02 -2.7031514048576355e-01</leafValues></_>
    <_>
      <internalNodes>
        0 -1 59710 -2.0893462933599949e-03</internalNodes>
      <leafValues>
        2.1548770368099213e-01 -5.0486978143453598e-02</leafValues></_>
    <_>
      <internalNodes>
        0 -1 76224 4.9969130195677280e-03</internalNodes>
      <leafValues>
        -5.9445507824420929e-02 2.0170661807060242e-01</leafValues></_>
    <_>
      <internalNodes>
        0 -1 71052 -3.2930630259215832e-03</internalNodes>
      <leafValues>
        -2.6526600122451782e-01 4.4235948473215103e-02</leafValues></_>
    <_>
      <internalNodes>
        0 -1 33912 2.2375569678843021e-03</internalNodes>
      <leafValues>
        -7.7228769659996033e-02 1.5096555650234222e-01</leafValues></_>
    <_>
      <internalNodes>
        0 -1 76314 1.9293879158794880e-03</internalNodes>
      <leafValues>
        -1.2058824300765991e-01 9.7424402832984924e-02</leafValues></_>
    <_>
      <internalNodes>
        0 -1 61937 -1.1253945995122194e-03</internalNodes>
      <leafValues>
        1.3283362984657288e-01 -8.8128596544265747e-02</leafValues></_>
    <_>
      <internalNodes>
        0 -1 58562 -3.9379633963108063e-03</internalNodes>
      <leafValues>
        3.4653678536415100e-01 -3.6781147122383118e-02</leafValues></_>
    <_>
      <internalNodes>
        0 -1 70333 1.1612692847847939e-02</internalNodes>
      <leafValues>
        1.7278315499424934e-02 -8.4564375877380371e-01</leafValues></_>
    <_>
      <internalNodes>
        0 -1 12800 -1.4702361822128296e-01</internalNodes>
      <leafValues>
        1.7258983850479126e-01 -7.2085857391357422e-02</leafValues></_>
    <_>
      <internalNodes>
        0 -1 42039 -5.3912237286567688e-02</internalNodes>
      <leafValues>
        3.2006651163101196e-01 -3.5978682339191437e-02</leafValues></_>
    <_>
      <internalNodes>
        0 -1 15572 -2.0326236262917519e-03</internalNodes>
      <leafValues>
        1.8668441474437714e-01 -6.3896000385284424e-02</leafValues></_>
    <_>
      <internalNodes>
        0 -1 7734 -7.4200227856636047e-02</internalNodes>
      <leafValues>
        -6.7116081714630127e-01 1.9496962428092957e-02</leafValues></_>
    <_>
      <internalNodes>
        0 -1 1884 8.7233200669288635e-02</internalNodes>
      <leafValues>
        1.6830036416649818e-02 -5.5691045522689819e-01</leafValues></_>
    <_>
      <internalNodes>
        0 -1 15450 3.0799247906543314e-04</internalNodes>
      <leafValues>
        8.3415880799293518e-02 -1.4043346047401428e-01</leafValues></_>
    <_>
      <internalNodes>
        0 -1 21642 -1.3130915164947510e-01</internalNodes>
      <leafValues>
        -4.6128752827644348e-01 2.9155459254980087e-02</leafValues></_>
    <_>
      <internalNodes>
        0 -1 13 3.0498430132865906e-02</internalNodes>
      <leafValues>
        -1.7774986103177071e-02 7.5402164459228516e-01</leafValues></_>
    <_>
      <internalNodes>
        0 -1 14837 4.2287138057872653e-05</internalNodes>
      <leafValues>
        -1.0543781518936157e-01 1.2088670581579208e-01</leafValues></_>
    <_>
      <internalNodes>
        0 -1 78357 -6.9024730473756790e-03</internalNodes>
      <leafValues>
        -8.5925137996673584e-01 1.0296924039721489e-02</leafValues></_>
    <_>
      <internalNodes>
        0 -1 76534 -6.1367638409137726e-03</internalNodes>
      <leafValues>
        2.2018894553184509e-01 -5.4578822106122971e-02</leafValues></_>
    <_>
      <internalNodes>
        0 -1 30730 1.9558060448616743e-03</internalNodes>
      <leafValues>
        -3.4659285098314285e-02 3.1770539283752441e-01</leafValues></_>
    <_>
      <internalNodes>
        0 -1 2728 3.3039012923836708e-03</internalNodes>
      <leafValues>
        -1.8710000440478325e-02 5.4212045669555664e-01</leafValues></_>
    <_>
      <internalNodes>
        0 -1 10901 -1.0375738143920898e-01</internalNodes>
      <leafValues>
        -7.3476117849349976e-01 1.5784371644258499e-02</leafValues></_>
    <_>
      <internalNodes>
        0 -1 33851 -1.0531112551689148e-02</internalNodes>
      <leafValues>
        3.0400940775871277e-01 -3.7517089396715164e-02</leafValues></_></weakClassifiers></stage32>
</opencv_storage>
