<?xml version="1.0"?>
<opencv_storage>
<stage36>
  <maxWeakCount>100</maxWeakCount>
  <stageThreshold>-1.1643123626708984e+00</stageThreshold>
  <weakClassifiers>
    <_>
      <internalNodes>
        0 -1 19936 6.3414447009563446e-02</internalNodes>
      <leafValues>
        -5.2576237358152866e-03 3.9305302500724792e-01</leafValues></_>
    <_>
      <internalNodes>
        0 -1 69799 -5.1487172022461891e-03</internalNodes>
      <leafValues>
        3.3780759572982788e-01 -4.4290907680988312e-02</leafValues></_>
    <_>
      <internalNodes>
        0 -1 56167 -1.3354665040969849e-01</internalNodes>
      <leafValues>
        6.5984177589416504e-01 -3.0877705663442612e-02</leafValues></_>
    <_>
      <internalNodes>
        0 -1 8624 -2.0616212859749794e-03</internalNodes>
      <leafValues>
        -1.8043860793113708e-01 5.6388001888990402e-02</leafValues></_>
    <_>
      <internalNodes>
        0 -1 43841 -4.0282984264194965e-04</internalNodes>
      <leafValues>
        1.1482870578765869e-01 -9.7220674157142639e-02</leafValues></_>
    <_>
      <internalNodes>
        0 -1 43809 2.8817777638323605e-04</internalNodes>
      <leafValues>
        5.3114224225282669e-02 -2.0854218304157257e-01</leafValues></_>
    <_>
      <internalNodes>
        0 -1 43809 -2.6151986094191670e-04</internalNodes>
      <leafValues>
        -1.5648962557315826e-01 1.0783686488866806e-01</leafValues></_>
    <_>
      <internalNodes>
        0 -1 29239 -5.0497748889029026e-03</internalNodes>
      <leafValues>
        2.0733149349689484e-01 -6.0433804988861084e-02</leafValues></_>
    <_>
      <internalNodes>
        0 -1 29795 6.8493834696710110e-03</internalNodes>
      <leafValues>
        -6.4435072243213654e-02 2.0527979731559753e-01</leafValues></_>
    <_>
      <internalNodes>
        0 -1 44943 -8.3926221122965217e-05</internalNodes>
      <leafValues>
        8.8407441973686218e-02 -1.3712920248508453e-01</leafValues></_>
    <_>
      <internalNodes>
        0 -1 32062 -6.1231911182403564e-02</internalNodes>
      <leafValues>
        -7.1223247051239014e-01 1.8469041213393211e-02</leafValues></_>
    <_>
      <internalNodes>
        0 -1 56356 -4.8590957885608077e-04</internalNodes>
      <leafValues>
        -2.0286782085895538e-01 5.6810762733221054e-02</leafValues></_>
    <_>
      <internalNodes>
        0 -1 56050 8.0576300388202071e-04</internalNodes>
      <leafValues>
        8.3064824342727661e-02 -1.6469907760620117e-01</leafValues></_>
    <_>
      <internalNodes>
        0 -1 64168 1.3448471203446388e-02</internalNodes>
      <leafValues>
        -7.2172261774539948e-02 1.9710268080234528e-01</leafValues></_>
    <_>
      <internalNodes>
        0 -1 76161 1.6862987540662289e-03</internalNodes>
      <leafValues>
        -7.4228420853614807e-02 1.4017848670482635e-01</leafValues></_>
    <_>
      <internalNodes>
        0 -1 8051 -3.3537417650222778e-01</internalNodes>
      <leafValues>
        -5.5722612142562866e-01 6.7501356825232506e-03</leafValues></_>
    <_>
      <internalNodes>
        0 -1 50178 -3.3371888101100922e-02</internalNodes>
      <leafValues>
        2.6000297069549561e-01 -3.8348834961652756e-02</leafValues></_>
    <_>
      <internalNodes>
        0 -1 27328 -1.0584423318505287e-02</internalNodes>
      <leafValues>
        1.3406953215599060e-01 -8.1267476081848145e-02</leafValues></_>
    <_>
      <internalNodes>
        0 -1 7543 -5.7397992350161076e-03</internalNodes>
      <leafValues>
        -1. 1.0691527277231216e-02</leafValues></_>
    <_>
      <internalNodes>
        0 -1 78070 -2.0279483578633517e-05</internalNodes>
      <leafValues>
        1.1486002057790756e-01 -9.7550295293331146e-02</leafValues></_>
    <_>
      <internalNodes>
        0 -1 78107 8.3489721873775125e-04</internalNodes>
      <leafValues>
        6.2222804874181747e-02 -2.1504060924053192e-01</leafValues></_>
    <_>
      <internalNodes>
        0 -1 72774 -4.7379612922668457e-02</internalNodes>
      <leafValues>
        4.3847870826721191e-01 -3.5588566213846207e-02</leafValues></_>
    <_>
      <internalNodes>
        0 -1 44543 2.2723528090864420e-03</internalNodes>
      <leafValues>
        8.1544868648052216e-02 -1.4702549576759338e-01</leafValues></_>
    <_>
      <internalNodes>
        0 -1 54063 9.6251728245988488e-04</internalNodes>
      <leafValues>
        -8.3021789789199829e-02 1.5106035768985748e-01</leafValues></_>
    <_>
      <internalNodes>
        0 -1 6413 2.7643872890621424e-03</internalNodes>
      <leafValues>
        3.4804485738277435e-02 -3.0013528466224670e-01</leafValues></_>
    <_>
      <internalNodes>
        0 -1 4286 -4.2312974110245705e-03</internalNodes>
      <leafValues>
        1.4989864826202393e-01 -8.0235980451107025e-02</leafValues></_>
    <_>
      <internalNodes>
        0 -1 46931 2.6058237999677658e-03</internalNodes>
      <leafValues>
        -8.4586516022682190e-02 1.3655687868595123e-01</leafValues></_>
    <_>
      <internalNodes>
        0 -1 50855 -1.9228439778089523e-03</internalNodes>
      <leafValues>
        1.1478668451309204e-01 -9.9256709218025208e-02</leafValues></_>
    <_>
      <internalNodes>
        0 -1 14774 -2.3342506028711796e-04</internalNodes>
      <leafValues>
        -1.4687824249267578e-01 8.2012139260768890e-02</leafValues></_>
    <_>
      <internalNodes>
        0 -1 21313 -1.9942726794397458e-05</internalNodes>
      <leafValues>
        1.1618384718894958e-01 -9.3032546341419220e-02</leafValues></_>
    <_>
      <internalNodes>
        0 -1 35035 6.8540692329406738e-02</internalNodes>
      <leafValues>
        -8.2303874194622040e-02 1.4197406172752380e-01</leafValues></_>
    <_>
      <internalNodes>
        0 -1 6674 2.3763258941471577e-03</internalNodes>
      <leafValues>
        -4.8627268522977829e-02 2.6408290863037109e-01</leafValues></_>
    <_>
      <internalNodes>
        0 -1 62409 -3.9478567487094551e-05</internalNodes>
      <leafValues>
        1.2998577952384949e-01 -9.9711440503597260e-02</leafValues></_>
    <_>
      <internalNodes>
        0 -1 28363 2.8746059536933899e-01</internalNodes>
      <leafValues>
        2.6299355551600456e-02 -4.5791366696357727e-01</leafValues></_>
    <_>
      <internalNodes>
        0 -1 27265 6.9594793021678925e-02</internalNodes>
      <leafValues>
        -3.6281954497098923e-02 3.0642381310462952e-01</leafValues></_>
    <_>
      <internalNodes>
        0 -1 73417 1.0257385671138763e-02</internalNodes>
      <leafValues>
        -1.0328241437673569e-01 1.1734876036643982e-01</leafValues></_>
    <_>
      <internalNodes>
        0 -1 76607 -6.7133903503417969e-03</internalNodes>
      <leafValues>
        3.1607988476753235e-01 -4.7457102686166763e-02</leafValues></_>
    <_>
      <internalNodes>
        0 -1 41408 1.9417481496930122e-02</internalNodes>
      <leafValues>
        -5.9344291687011719e-02 2.1422216296195984e-01</leafValues></_>
    <_>
      <internalNodes>
        0 -1 14333 1.6757732373662293e-04</internalNodes>
      <leafValues>
        -1.1211890727281570e-01 1.1386965215206146e-01</leafValues></_>
    <_>
      <internalNodes>
        0 -1 38242 1.7245963215827942e-02</internalNodes>
      <leafValues>
        -2.0370172336697578e-02 6.1827135086059570e-01</leafValues></_>
    <_>
      <internalNodes>
        0 -1 52932 5.2579515613615513e-04</internalNodes>
      <leafValues>
        6.2042929232120514e-02 -1.8215869367122650e-01</leafValues></_>
    <_>
      <internalNodes>
        0 -1 53075 -1.2391802854835987e-02</internalNodes>
      <leafValues>
        1.1496844142675400e-01 -9.8338149487972260e-02</leafValues></_>
    <_>
      <internalNodes>
        0 -1 44988 1.7157465917989612e-03</internalNodes>
      <leafValues>
        -8.5633732378482819e-02 1.3742305338382721e-01</leafValues></_>
    <_>
      <internalNodes>
        0 -1 39783 3.4042766783386469e-03</internalNodes>
      <leafValues>
        -9.8160937428474426e-02 1.2886415421962738e-01</leafValues></_>
    <_>
      <internalNodes>
        0 -1 14073 2.9931806027889252e-02</internalNodes>
      <leafValues>
        -6.7928060889244080e-02 2.0384198427200317e-01</leafValues></_>
    <_>
      <internalNodes>
        0 -1 19372 1.7980849742889404e-01</internalNodes>
      <leafValues>
        1.4452402479946613e-02 -6.3371443748474121e-01</leafValues></_>
    <_>
      <internalNodes>
        0 -1 52932 -2.9927870491519570e-04</internalNodes>
      <leafValues>
        -1.6127300262451172e-01 6.9860398769378662e-02</leafValues></_>
    <_>
      <internalNodes>
        0 -1 59829 -1.0461671277880669e-02</internalNodes>
      <leafValues>
        7.5327746570110321e-02 -1.4631481468677521e-01</leafValues></_>
    <_>
      <internalNodes>
        0 -1 36814 3.1186567619442940e-02</internalNodes>
      <leafValues>
        -2.4572376161813736e-02 4.5017012953758240e-01</leafValues></_>
    <_>
      <internalNodes>
        0 -1 76668 -1.0477725416421890e-02</internalNodes>
      <leafValues>
        -2.1232260763645172e-01 5.4753471165895462e-02</leafValues></_>
    <_>
      <internalNodes>
        0 -1 22399 -4.7727678902447224e-03</internalNodes>
      <leafValues>
        1.6545003652572632e-01 -7.0144496858119965e-02</leafValues></_>
    <_>
      <internalNodes>
        0 -1 12635 -1.7768040299415588e-02</internalNodes>
      <leafValues>
        -4.5441392064094543e-01 2.6214880868792534e-02</leafValues></_>
    <_>
      <internalNodes>
        0 -1 50859 3.0182078480720520e-03</internalNodes>
      <leafValues>
        4.6003516763448715e-02 -2.4204467236995697e-01</leafValues></_>
    <_>
      <internalNodes>
        0 -1 6318 1.4740541577339172e-01</internalNodes>
      <leafValues>
        1.5259552747011185e-02 -7.3008680343627930e-01</leafValues></_>
    <_>
      <internalNodes>
        0 -1 27991 2.3441682569682598e-03</internalNodes>
      <leafValues>
        -2.7188643813133240e-02 4.5203992724418640e-01</leafValues></_>
    <_>
      <internalNodes>
        0 -1 3901 -1.8202211707830429e-02</internalNodes>
      <leafValues>
        3.9720398187637329e-01 -2.6292452588677406e-02</leafValues></_>
    <_>
      <internalNodes>
        0 -1 14753 -5.3952960297465324e-04</internalNodes>
      <leafValues>
        -1.8686123192310333e-01 6.5725222229957581e-02</leafValues></_>
    <_>
      <internalNodes>
        0 -1 34845 -8.6404243484139442e-03</internalNodes>
      <leafValues>
        1.6472589969635010e-01 -6.3542969524860382e-02</leafValues></_>
    <_>
      <internalNodes>
        0 -1 16142 -2.0119159671594389e-05</internalNodes>
      <leafValues>
        1.1380949616432190e-01 -1.0490462929010391e-01</leafValues></_>
    <_>
      <internalNodes>
        0 -1 1275 3.7283200025558472e-01</internalNodes>
      <leafValues>
        1.4104944653809071e-02 -8.4092342853546143e-01</leafValues></_>
    <_>
      <internalNodes>
        0 -1 3016 -2.0715771615505219e-01</internalNodes>
      <leafValues>
        -6.0399872064590454e-01 1.3454738073050976e-02</leafValues></_>
    <_>
      <internalNodes>
        0 -1 78293 -3.4706914448179305e-05</internalNodes>
      <leafValues>
        1.1448058485984802e-01 -9.9259413778781891e-02</leafValues></_>
    <_>
      <internalNodes>
        0 -1 8821 -2.0448765158653259e-01</internalNodes>
      <leafValues>
        -8.2823884487152100e-01 1.2444668449461460e-02</leafValues></_>
    <_>
      <internalNodes>
        0 -1 28192 -2.1979689598083496e-02</internalNodes>
      <leafValues>
        -3.4343186020851135e-01 2.9300935566425323e-02</leafValues></_>
    <_>
      <internalNodes>
        0 -1 17719 1.7967622727155685e-02</internalNodes>
      <leafValues>
        -3.9032209664583206e-02 2.7019327878952026e-01</leafValues></_>
    <_>
      <internalNodes>
        0 -1 41181 9.3524351716041565e-02</internalNodes>
      <leafValues>
        2.2899232804775238e-02 -5.2812647819519043e-01</leafValues></_>
    <_>
      <internalNodes>
        0 -1 6393 2.2378473659045994e-04</internalNodes>
      <leafValues>
        -9.9362067878246307e-02 1.0308337956666946e-01</leafValues></_>
    <_>
      <internalNodes>
        0 -1 50861 7.7569833956658840e-04</internalNodes>
      <leafValues>
        8.0051094293594360e-02 -1.3596236705780029e-01</leafValues></_>
    <_>
      <internalNodes>
        0 -1 76420 4.0405176696367562e-04</internalNodes>
      <leafValues>
        8.0289013683795929e-02 -1.3025371730327606e-01</leafValues></_>
    <_>
      <internalNodes>
        0 -1 75124 6.2352810055017471e-03</internalNodes>
      <leafValues>
        3.8530297577381134e-02 -3.0511307716369629e-01</leafValues></_>
    <_>
      <internalNodes>
        0 -1 34613 1.0491655208170414e-02</internalNodes>
      <leafValues>
        -4.8310339450836182e-02 2.3193211853504181e-01</leafValues></_>
    <_>
      <internalNodes>
        0 -1 36662 -2.4290971923619509e-03</internalNodes>
      <leafValues>
        3.5720911622047424e-01 -3.0882705003023148e-02</leafValues></_>
    <_>
      <internalNodes>
        0 -1 14753 3.7225545383989811e-04</internalNodes>
      <leafValues>
        7.5482070446014404e-02 -1.4941184222698212e-01</leafValues></_>
    <_>
      <internalNodes>
        0 -1 68478 -3.9609096944332123e-02</internalNodes>
      <leafValues>
        4.7235706448554993e-01 -2.5416839867830276e-02</leafValues></_>
    <_>
      <internalNodes>
        0 -1 14130 -1.8453644588589668e-03</internalNodes>
      <leafValues>
        1.0362684726715088e-01 -1.0043768584728241e-01</leafValues></_>
    <_>
      <internalNodes>
        0 -1 31178 5.4076872766017914e-03</internalNodes>
      <leafValues>
        -2.8424801304936409e-02 3.6983850598335266e-01</leafValues></_>
    <_>
      <internalNodes>
        0 -1 73448 3.4509126562625170e-03</internalNodes>
      <leafValues>
        -6.0402825474739075e-02 1.9348366558551788e-01</leafValues></_>
    <_>
      <internalNodes>
        0 -1 13609 3.6094905808568001e-03</internalNodes>
      <leafValues>
        2.3227408528327942e-02 -5.2008235454559326e-01</leafValues></_>
    <_>
      <internalNodes>
        0 -1 27394 -2.8936844319105148e-02</internalNodes>
      <leafValues>
        3.9672392606735229e-01 -3.2482288777828217e-02</leafValues></_>
    <_>
      <internalNodes>
        0 -1 64902 3.9899943658383563e-05</internalNodes>
      <leafValues>
        -9.6951156854629517e-02 1.2161936610937119e-01</leafValues></_>
    <_>
      <internalNodes>
        0 -1 61299 -1.7945700092241168e-03</internalNodes>
      <leafValues>
        1.0377923399209976e-01 -1.0979510098695755e-01</leafValues></_>
    <_>
      <internalNodes>
        0 -1 44289 -2.2801553132012486e-04</internalNodes>
      <leafValues>
        -1.6111695766448975e-01 7.0968709886074066e-02</leafValues></_>
    <_>
      <internalNodes>
        0 -1 67561 2.0324513316154480e-02</internalNodes>
      <leafValues>
        2.1473627537488937e-02 -5.1367795467376709e-01</leafValues></_>
    <_>
      <internalNodes>
        0 -1 43559 3.1150795519351959e-02</internalNodes>
      <leafValues>
        -1.9674973562359810e-02 6.4879941940307617e-01</leafValues></_>
    <_>
      <internalNodes>
        0 -1 16471 -9.3131259083747864e-02</internalNodes>
      <leafValues>
        2.0213407278060913e-01 -5.4605659097433090e-02</leafValues></_>
    <_>
      <internalNodes>
        0 -1 26340 5.4154619574546814e-03</internalNodes>
      <leafValues>
        6.7237459123134613e-02 -2.0033472776412964e-01</leafValues></_>
    <_>
      <internalNodes>
        0 -1 4751 -4.2116391658782959e-01</internalNodes>
      <leafValues>
        -4.8011761903762817e-01 2.4948820471763611e-02</leafValues></_>
    <_>
      <internalNodes>
        0 -1 13637 -3.4198481589555740e-03</internalNodes>
      <leafValues>
        -3.0274364352226257e-01 3.1582713127136230e-02</leafValues></_>
    <_>
      <internalNodes>
        0 -1 2740 2.0471606403589249e-02</internalNodes>
      <leafValues>
        1.5094962902367115e-02 -6.8340009450912476e-01</leafValues></_>
    <_>
      <internalNodes>
        0 -1 49374 7.7228341251611710e-03</internalNodes>
      <leafValues>
        -1.9755057990550995e-02 5.9457063674926758e-01</leafValues></_>
    <_>
      <internalNodes>
        0 -1 49369 3.0825199792161584e-04</internalNodes>
      <leafValues>
        7.6617538928985596e-02 -1.9471620023250580e-01</leafValues></_>
    <_>
      <internalNodes>
        0 -1 11107 -9.8903968930244446e-02</internalNodes>
      <leafValues>
        4.4502329826354980e-01 -2.4184482172131538e-02</leafValues></_>
    <_>
      <internalNodes>
        0 -1 69601 -1.1197167914360762e-03</internalNodes>
      <leafValues>
        2.4590729176998138e-01 -4.4467538595199585e-02</leafValues></_>
    <_>
      <internalNodes>
        0 -1 53878 -2.0134521037107334e-05</internalNodes>
      <leafValues>
        1.1130768805742264e-01 -1.0116978734731674e-01</leafValues></_>
    <_>
      <internalNodes>
        0 -1 56354 4.6058677253313363e-04</internalNodes>
      <leafValues>
        5.8915197849273682e-02 -1.9454343616962433e-01</leafValues></_>
    <_>
      <internalNodes>
        0 -1 2116 -3.9693233702564612e-05</internalNodes>
      <leafValues>
        1.0826886445283890e-01 -9.9324621260166168e-02</leafValues></_>
    <_>
      <internalNodes>
        0 -1 77659 -6.1486981576308608e-04</internalNodes>
      <leafValues>
        -2.2871293127536774e-01 5.2394006401300430e-02</leafValues></_>
    <_>
      <internalNodes>
        0 -1 76175 -4.7656476497650146e-02</internalNodes>
      <leafValues>
        4.7617834806442261e-01 -2.5652570649981499e-02</leafValues></_>
    <_>
      <internalNodes>
        0 -1 78392 -2.0995013983338140e-05</internalNodes>
      <leafValues>
        1.1277586966753006e-01 -1.0554318875074387e-01</leafValues></_>
    <_>
      <internalNodes>
        0 -1 78216 -1.1490723118185997e-02</internalNodes>
      <leafValues>
        -2.8480964899063110e-01 4.0417969226837158e-02</leafValues></_></weakClassifiers></stage36>
</opencv_storage>
