<?xml version="1.0"?>
<opencv_storage>
<stage35>
  <maxWeakCount>100</maxWeakCount>
  <stageThreshold>-1.0480221509933472e+00</stageThreshold>
  <weakClassifiers>
    <_>
      <internalNodes>
        0 -1 32477 8.1294789910316467e-02</internalNodes>
      <leafValues>
        1.1741682887077332e-02 4.9101796746253967e-01</leafValues></_>
    <_>
      <internalNodes>
        0 -1 32477 8.0794379115104675e-02</internalNodes>
      <leafValues>
        6.6104164579883218e-04 -1.</leafValues></_>
    <_>
      <internalNodes>
        0 -1 32477 8.0750733613967896e-02</internalNodes>
      <leafValues>
        -6.4516119891777635e-04 1.</leafValues></_>
    <_>
      <internalNodes>
        0 -1 32477 8.0033548176288605e-02</internalNodes>
      <leafValues>
        1.0007339296862483e-03 -9.8645663261413574e-01</leafValues></_>
    <_>
      <internalNodes>
        0 -1 32477 7.9715743660926819e-02</internalNodes>
      <leafValues>
        -6.4641208155080676e-04 1.</leafValues></_>
    <_>
      <internalNodes>
        0 -1 32477 7.8178860247135162e-02</internalNodes>
      <leafValues>
        1.3359563890844584e-03 -9.8708415031433105e-01</leafValues></_>
    <_>
      <internalNodes>
        0 -1 32477 7.7276781201362610e-02</internalNodes>
      <leafValues>
        -9.7181648015975952e-04 1.</leafValues></_>
    <_>
      <internalNodes>
        0 -1 32477 7.6990082859992981e-02</internalNodes>
      <leafValues>
        9.9833577405661345e-04 -1.</leafValues></_>
    <_>
      <internalNodes>
        0 -1 32477 7.6739758253097534e-02</internalNodes>
      <leafValues>
        -6.4892892260104418e-04 1.</leafValues></_>
    <_>
      <internalNodes>
        0 -1 32477 7.5894400477409363e-02</internalNodes>
      <leafValues>
        2.0124493166804314e-03 -9.8803961277008057e-01</leafValues></_>
    <_>
      <internalNodes>
        0 -1 32477 7.5799942016601562e-02</internalNodes>
      <leafValues>
        -3.2498914515599608e-04 1.</leafValues></_>
    <_>
      <internalNodes>
        0 -1 32477 7.5119227170944214e-02</internalNodes>
      <leafValues>
        1.3509624404832721e-03 -9.8854851722717285e-01</leafValues></_>
    <_>
      <internalNodes>
        0 -1 32477 7.4555829167366028e-02</internalNodes>
      <leafValues>
        -6.5104087116196752e-04 1.</leafValues></_>
    <_>
      <internalNodes>
        0 -1 32477 7.4339792132377625e-02</internalNodes>
      <leafValues>
        1.3449898688122630e-03 -1.</leafValues></_>
    <_>
      <internalNodes>
        0 -1 32477 7.4143335223197937e-02</internalNodes>
      <leafValues>
        -6.5188965527340770e-04 1.</leafValues></_>
    <_>
      <internalNodes>
        0 -1 32477 7.4095129966735840e-02</internalNodes>
      <leafValues>
        3.3681365312077105e-04 -1.</leafValues></_>
    <_>
      <internalNodes>
        0 -1 32477 7.4019387364387512e-02</internalNodes>
      <leafValues>
        -3.2626427127979696e-04 1.</leafValues></_>
    <_>
      <internalNodes>
        0 -1 32477 7.2879143059253693e-02</internalNodes>
      <leafValues>
        1.3610023306682706e-03 -9.8931723833084106e-01</leafValues></_>
    <_>
      <internalNodes>
        0 -1 32477 7.2781838476657867e-02</internalNodes>
      <leafValues>
        -3.2668976928107440e-04 1.</leafValues></_>
    <_>
      <internalNodes>
        0 -1 32477 7.0945903658866882e-02</internalNodes>
      <leafValues>
        1.7180576687678695e-03 -9.7976255416870117e-01</leafValues></_>
    <_>
      <internalNodes>
        0 -1 32477 7.0681884884834290e-02</internalNodes>
      <leafValues>
        -3.2733054831624031e-04 1.</leafValues></_>
    <_>
      <internalNodes>
        0 -1 32477 7.0390708744525909e-02</internalNodes>
      <leafValues>
        3.3978931605815887e-04 -1.</leafValues></_>
    <_>
      <internalNodes>
        0 -1 32477 7.0360004901885986e-02</internalNodes>
      <leafValues>
        -3.2754667336121202e-04 1.</leafValues></_>
    <_>
      <internalNodes>
        0 -1 32477 7.0341065526008606e-02</internalNodes>
      <leafValues>
        3.4002040047198534e-04 -1.</leafValues></_>
    <_>
      <internalNodes>
        0 -1 32477 7.0187956094741821e-02</internalNodes>
      <leafValues>
        -3.2776137231849134e-04 1.</leafValues></_>
    <_>
      <internalNodes>
        0 -1 32477 6.9977119565010071e-02</internalNodes>
      <leafValues>
        6.8073516013100743e-04 -1.</leafValues></_>
    <_>
      <internalNodes>
        0 -1 32477 6.9941774010658264e-02</internalNodes>
      <leafValues>
        -3.2797627500258386e-04 1.</leafValues></_>
    <_>
      <internalNodes>
        0 -1 32477 6.9933086633682251e-02</internalNodes>
      <leafValues>
        3.4071548725478351e-04 -1.</leafValues></_>
    <_>
      <internalNodes>
        0 -1 32477 6.9444440305233002e-02</internalNodes>
      <leafValues>
        -6.5659882966428995e-04 1.</leafValues></_>
    <_>
      <internalNodes>
        0 -1 32477 6.9306492805480957e-02</internalNodes>
      <leafValues>
        3.4094773582182825e-04 -1.</leafValues></_>
    <_>
      <internalNodes>
        0 -1 32477 6.8354949355125427e-02</internalNodes>
      <leafValues>
        -6.5746216569095850e-04 1.</leafValues></_>
    <_>
      <internalNodes>
        0 -1 32477 6.8109422922134399e-02</internalNodes>
      <leafValues>
        6.8259378895163536e-04 -1.</leafValues></_>
    <_>
      <internalNodes>
        0 -1 32477 6.7862808704376221e-02</internalNodes>
      <leafValues>
        -3.2905550324358046e-04 1.</leafValues></_>
    <_>
      <internalNodes>
        0 -1 32477 6.7713662981987000e-02</internalNodes>
      <leafValues>
        3.4164672251790762e-04 -1.</leafValues></_>
    <_>
      <internalNodes>
        0 -1 32477 6.7609801888465881e-02</internalNodes>
      <leafValues>
        -3.2927229767665267e-04 1.</leafValues></_>
    <_>
      <internalNodes>
        0 -1 32477 6.7387826740741730e-02</internalNodes>
      <leafValues>
        6.8399449810385704e-04 -1.</leafValues></_>
    <_>
      <internalNodes>
        0 -1 32477 6.7001871764659882e-02</internalNodes>
      <leafValues>
        -1.9686466548591852e-03 9.9511957168579102e-01</leafValues></_>
    <_>
      <internalNodes>
        0 -1 32477 6.6911101341247559e-02</internalNodes>
      <leafValues>
        3.4258051891811192e-04 -1.</leafValues></_>
    <_>
      <internalNodes>
        0 -1 32477 6.6813722252845764e-02</internalNodes>
      <leafValues>
        -6.6225166665390134e-04 9.9518936872482300e-01</leafValues></_>
    <_>
      <internalNodes>
        0 -1 32477 6.5894320607185364e-02</internalNodes>
      <leafValues>
        1.3849891256541014e-03 -9.9086689949035645e-01</leafValues></_>
    <_>
      <internalNodes>
        0 -1 32477 6.5644197165966034e-02</internalNodes>
      <leafValues>
        -3.3167406218126416e-04 9.9505174160003662e-01</leafValues></_>
    <_>
      <internalNodes>
        0 -1 32477 6.5498843789100647e-02</internalNodes>
      <leafValues>
        3.4399723517708480e-04 -1.</leafValues></_>
    <_>
      <internalNodes>
        0 -1 32477 6.5126135945320129e-02</internalNodes>
      <leafValues>
        -9.9634670186787844e-04 9.9526929855346680e-01</leafValues></_>
    <_>
      <internalNodes>
        0 -1 32477 6.4758718013763428e-02</internalNodes>
      <leafValues>
        1.0334133403375745e-03 -9.9102646112442017e-01</leafValues></_>
    <_>
      <internalNodes>
        0 -1 32477 6.4468696713447571e-02</internalNodes>
      <leafValues>
        -3.3255698508583009e-04 9.9518495798110962e-01</leafValues></_>
    <_>
      <internalNodes>
        0 -1 32477 6.4223989844322205e-02</internalNodes>
      <leafValues>
        3.4494651481509209e-04 -1.</leafValues></_>
    <_>
      <internalNodes>
        0 -1 32477 6.4189210534095764e-02</internalNodes>
      <leafValues>
        -3.3277869806624949e-04 9.9529629945755005e-01</leafValues></_>
    <_>
      <internalNodes>
        0 -1 32477 6.4159199595451355e-02</internalNodes>
      <leafValues>
        3.4518467145971954e-04 -9.9109923839569092e-01</leafValues></_>
    <_>
      <internalNodes>
        0 -1 32477 6.4090721309185028e-02</internalNodes>
      <leafValues>
        -3.3300032373517752e-04 9.9520206451416016e-01</leafValues></_>
    <_>
      <internalNodes>
        0 -1 32477 6.3966318964958191e-02</internalNodes>
      <leafValues>
        3.4542311914265156e-04 -1.</leafValues></_>
    <_>
      <internalNodes>
        0 -1 32477 6.3874810934066772e-02</internalNodes>
      <leafValues>
        -3.3322224044241011e-04 9.9532330036163330e-01</leafValues></_>
    <_>
      <internalNodes>
        0 -1 32477 6.1963055282831192e-02</internalNodes>
      <leafValues>
        2.4664138909429312e-03 -9.6656966209411621e-01</leafValues></_>
    <_>
      <internalNodes>
        0 -1 32477 6.0824275016784668e-02</internalNodes>
      <leafValues>
        -1.6599600203335285e-03 9.8992705345153809e-01</leafValues></_>
    <_>
      <internalNodes>
        0 -1 32477 6.0637809336185455e-02</internalNodes>
      <leafValues>
        3.4830917138606310e-04 -1.</leafValues></_>
    <_>
      <internalNodes>
        0 -1 32477 6.0389019548892975e-02</internalNodes>
      <leafValues>
        -6.7114090779796243e-04 9.9017357826232910e-01</leafValues></_>
    <_>
      <internalNodes>
        0 -1 32477 5.9643860906362534e-02</internalNodes>
      <leafValues>
        1.4092928031459451e-03 -9.6082037687301636e-01</leafValues></_>
    <_>
      <internalNodes>
        0 -1 32509 7.1650423109531403e-02</internalNodes>
      <leafValues>
        -5.4819355718791485e-03 9.5697093009948730e-01</leafValues></_>
    <_>
      <internalNodes>
        0 -1 41152 -1.1003498733043671e-01</internalNodes>
      <leafValues>
        4.7517326474189758e-01 -6.2404476106166840e-02</leafValues></_>
    <_>
      <internalNodes>
        0 -1 45485 3.6850282922387123e-03</internalNodes>
      <leafValues>
        5.1439102739095688e-02 -3.0785942077636719e-01</leafValues></_>
    <_>
      <internalNodes>
        0 -1 32509 7.1577221155166626e-02</internalNodes>
      <leafValues>
        2.2646261379122734e-02 -6.9485187530517578e-01</leafValues></_>
    <_>
      <internalNodes>
        0 -1 32477 5.9590145945549011e-02</internalNodes>
      <leafValues>
        -2.4372512474656105e-02 7.4449777603149414e-01</leafValues></_>
    <_>
      <internalNodes>
        0 -1 32477 5.8911159634590149e-02</internalNodes>
      <leafValues>
        2.6156786829233170e-02 -6.8723356723785400e-01</leafValues></_>
    <_>
      <internalNodes>
        0 -1 32477 5.0354517996311188e-02</internalNodes>
      <leafValues>
        -3.6652028560638428e-02 6.6098475456237793e-01</leafValues></_>
    <_>
      <internalNodes>
        0 -1 32477 4.9168348312377930e-02</internalNodes>
      <leafValues>
        2.8262205421924591e-02 -7.0831781625747681e-01</leafValues></_>
    <_>
      <internalNodes>
        0 -1 32477 4.8859201371669769e-02</internalNodes>
      <leafValues>
        -2.6931852102279663e-02 7.0930624008178711e-01</leafValues></_>
    <_>
      <internalNodes>
        0 -1 32477 4.7990914434194565e-02</internalNodes>
      <leafValues>
        2.6960887014865875e-02 -7.1059811115264893e-01</leafValues></_>
    <_>
      <internalNodes>
        0 -1 32477 4.7256853431463242e-02</internalNodes>
      <leafValues>
        -2.7344251051545143e-02 7.1210509538650513e-01</leafValues></_>
    <_>
      <internalNodes>
        0 -1 32477 4.7110982239246368e-02</internalNodes>
      <leafValues>
        2.6651693508028984e-02 -6.9516336917877197e-01</leafValues></_>
    <_>
      <internalNodes>
        0 -1 32477 4.7086935490369797e-02</internalNodes>
      <leafValues>
        -2.6658004149794579e-02 7.0295554399490356e-01</leafValues></_>
    <_>
      <internalNodes>
        0 -1 32477 4.6698808670043945e-02</internalNodes>
      <leafValues>
        2.7199927717447281e-02 -7.1603661775588989e-01</leafValues></_>
    <_>
      <internalNodes>
        0 -1 32477 4.5830130577087402e-02</internalNodes>
      <leafValues>
        -2.8507735580205917e-02 7.1179866790771484e-01</leafValues></_>
    <_>
      <internalNodes>
        0 -1 32477 4.5390740036964417e-02</internalNodes>
      <leafValues>
        2.7343500405550003e-02 -6.9495636224746704e-01</leafValues></_>
    <_>
      <internalNodes>
        0 -1 32477 4.5048266649246216e-02</internalNodes>
      <leafValues>
        -2.8116803616285324e-02 7.0420807600021362e-01</leafValues></_>
    <_>
      <internalNodes>
        0 -1 28493 1.6738072037696838e-01</internalNodes>
      <leafValues>
        -5.1117885857820511e-02 3.8982549309730530e-01</leafValues></_>
    <_>
      <internalNodes>
        0 -1 67095 -4.2342897504568100e-03</internalNodes>
      <leafValues>
        1.3737754523754120e-01 -1.0116238892078400e-01</leafValues></_>
    <_>
      <internalNodes>
        0 -1 32477 4.5013491064310074e-02</internalNodes>
      <leafValues>
        3.3341202884912491e-02 -4.6416366100311279e-01</leafValues></_>
    <_>
      <internalNodes>
        0 -1 53219 6.4433556981384754e-03</internalNodes>
      <leafValues>
        -5.2037015557289124e-02 3.3596608042716980e-01</leafValues></_>
    <_>
      <internalNodes>
        0 -1 67095 4.2779739014804363e-03</internalNodes>
      <leafValues>
        -1.2313857674598694e-01 1.5041202306747437e-01</leafValues></_>
    <_>
      <internalNodes>
        0 -1 49369 2.7394774951972067e-04</internalNodes>
      <leafValues>
        1.0842835158109665e-01 -1.6655045747756958e-01</leafValues></_>
    <_>
      <internalNodes>
        0 -1 932 3.5789050161838531e-03</internalNodes>
      <leafValues>
        -9.7748182713985443e-02 1.4779148995876312e-01</leafValues></_>
    <_>
      <internalNodes>
        0 -1 344 1.4040009118616581e-02</internalNodes>
      <leafValues>
        -7.5939290225505829e-02 1.6670377552509308e-01</leafValues></_>
    <_>
      <internalNodes>
        0 -1 62656 3.2508401200175285e-03</internalNodes>
      <leafValues>
        1.3325965404510498e-01 -1.1663366109132767e-01</leafValues></_>
    <_>
      <internalNodes>
        0 -1 55377 1.0228604078292847e-03</internalNodes>
      <leafValues>
        6.8620465695858002e-02 -2.2173887491226196e-01</leafValues></_>
    <_>
      <internalNodes>
        0 -1 36868 -3.1582340598106384e-02</internalNodes>
      <leafValues>
        2.4473711848258972e-01 -5.8712951838970184e-02</leafValues></_>
    <_>
      <internalNodes>
        0 -1 57590 -2.3920537205412984e-04</internalNodes>
      <leafValues>
        -1.6572077572345734e-01 7.8271299600601196e-02</leafValues></_>
    <_>
      <internalNodes>
        0 -1 57592 3.2426096731796861e-04</internalNodes>
      <leafValues>
        8.1302665174007416e-02 -1.7192761600017548e-01</leafValues></_>
    <_>
      <internalNodes>
        0 -1 43578 8.5261911153793335e-03</internalNodes>
      <leafValues>
        -2.8120003640651703e-02 6.0861980915069580e-01</leafValues></_>
    <_>
      <internalNodes>
        0 -1 61202 -1.4479029178619385e-01</internalNodes>
      <leafValues>
        6.8644547462463379e-01 -1.1573842726647854e-02</leafValues></_>
    <_>
      <internalNodes>
        0 -1 74407 4.5195043087005615e-02</internalNodes>
      <leafValues>
        1.5573179349303246e-02 -8.2913070917129517e-01</leafValues></_>
    <_>
      <internalNodes>
        0 -1 51994 1.4276625588536263e-03</internalNodes>
      <leafValues>
        3.1874433159828186e-02 -3.3891373872756958e-01</leafValues></_>
    <_>
      <internalNodes>
        0 -1 40034 5.6578412652015686e-02</internalNodes>
      <leafValues>
        -6.2121096998453140e-02 1.8617637455463409e-01</leafValues></_>
    <_>
      <internalNodes>
        0 -1 61254 1.6565495752729475e-04</internalNodes>
      <leafValues>
        8.4164656698703766e-02 -1.4303414523601532e-01</leafValues></_>
    <_>
      <internalNodes>
        0 -1 71427 -3.9312712033279240e-05</internalNodes>
      <leafValues>
        1.1828149110078812e-01 -9.6483513712882996e-02</leafValues></_>
    <_>
      <internalNodes>
        0 -1 76609 -2.2315396927297115e-03</internalNodes>
      <leafValues>
        1.3548989593982697e-01 -8.8805988430976868e-02</leafValues></_>
    <_>
      <internalNodes>
        0 -1 727 1.5295352041721344e-01</internalNodes>
      <leafValues>
        3.1688161194324493e-02 -4.7698277235031128e-01</leafValues></_>
    <_>
      <internalNodes>
        0 -1 78260 2.5964893866330385e-03</internalNodes>
      <leafValues>
        3.1436655670404434e-02 -3.5322892665863037e-01</leafValues></_>
    <_>
      <internalNodes>
        0 -1 19377 2.0997710525989532e-02</internalNodes>
      <leafValues>
        -2.4249684065580368e-02 6.1066752672195435e-01</leafValues></_>
    <_>
      <internalNodes>
        0 -1 71110 -1.8894406966865063e-03</internalNodes>
      <leafValues>
        1.8797911703586578e-01 -5.7893663644790649e-02</leafValues></_>
    <_>
      <internalNodes>
        0 -1 62406 4.0200404328061268e-05</internalNodes>
      <leafValues>
        -1.1137980222702026e-01 1.1042696982622147e-01</leafValues></_>
    <_>
      <internalNodes>
        0 -1 55072 6.3900868408381939e-03</internalNodes>
      <leafValues>
        3.6898415535688400e-02 -3.3494463562965393e-01</leafValues></_></weakClassifiers></stage35>
</opencv_storage>
