<?xml version="1.0"?>
<opencv_storage>
<stage24>
  <maxWeakCount>100</maxWeakCount>
  <stageThreshold>-3.6081200838088989e-01</stageThreshold>
  <weakClassifiers>
    <_>
      <internalNodes>
        0 -1 67036 2.8583179228007793e-03</internalNodes>
      <leafValues>
        9.9469497799873352e-03 4.4270834326744080e-01</leafValues></_>
    <_>
      <internalNodes>
        0 -1 38216 5.6908279657363892e-02</internalNodes>
      <leafValues>
        -3.6542695015668869e-02 4.6773386001586914e-01</leafValues></_>
    <_>
      <internalNodes>
        0 -1 38216 5.6591838598251343e-02</internalNodes>
      <leafValues>
        6.1389693291857839e-04 -1.</leafValues></_>
    <_>
      <internalNodes>
        0 -1 38216 5.6516475975513458e-02</internalNodes>
      <leafValues>
        -6.6464790143072605e-04 9.8912292718887329e-01</leafValues></_>
    <_>
      <internalNodes>
        0 -1 38216 5.6486170738935471e-02</internalNodes>
      <leafValues>
        3.1538601615466177e-04 -1.</leafValues></_>
    <_>
      <internalNodes>
        0 -1 38216 5.6390285491943359e-02</internalNodes>
      <leafValues>
        -3.3265564707107842e-04 9.8938781023025513e-01</leafValues></_>
    <_>
      <internalNodes>
        0 -1 38216 5.6222364306449890e-02</internalNodes>
      <leafValues>
        6.3136959215626121e-04 -1.</leafValues></_>
    <_>
      <internalNodes>
        0 -1 38216 5.6119501590728760e-02</internalNodes>
      <leafValues>
        -2.1591714175883681e-04 9.8962956666946411e-01</leafValues></_>
    <_>
      <internalNodes>
        0 -1 38216 5.5911168456077576e-02</internalNodes>
      <leafValues>
        3.1598404166288674e-04 -1.</leafValues></_>
    <_>
      <internalNodes>
        0 -1 38216 5.5639274418354034e-02</internalNodes>
      <leafValues>
        -3.3302092924714088e-04 9.8987114429473877e-01</leafValues></_>
    <_>
      <internalNodes>
        0 -1 38216 5.5440109223127365e-02</internalNodes>
      <leafValues>
        6.3256773864850402e-04 -1.</leafValues></_>
    <_>
      <internalNodes>
        0 -1 38216 5.5036600679159164e-02</internalNodes>
      <leafValues>
        -1.9032326526939869e-03 9.8488885164260864e-01</leafValues></_>
    <_>
      <internalNodes>
        0 -1 38216 5.5015798658132553e-02</internalNodes>
      <leafValues>
        3.1678253435529768e-04 -1.</leafValues></_>
    <_>
      <internalNodes>
        0 -1 38216 5.5007383227348328e-02</internalNodes>
      <leafValues>
        -3.3472615177743137e-04 9.8537641763687134e-01</leafValues></_>
    <_>
      <internalNodes>
        0 -1 38216 5.4980423301458359e-02</internalNodes>
      <leafValues>
        3.1698564998805523e-04 -1.</leafValues></_>
    <_>
      <internalNodes>
        0 -1 38216 5.4869554936885834e-02</internalNodes>
      <leafValues>
        -3.3495036768727005e-04 9.8583394289016724e-01</leafValues></_>
    <_>
      <internalNodes>
        0 -1 28040 3.2986956648528576e-04</internalNodes>
      <leafValues>
        8.3184234797954559e-02 -1.8629774451255798e-01</leafValues></_>
    <_>
      <internalNodes>
        0 -1 67036 2.7185808867216110e-03</internalNodes>
      <leafValues>
        2.8675654903054237e-03 -4.6776393055915833e-01</leafValues></_>
    <_>
      <internalNodes>
        0 -1 67036 2.6919608935713768e-03</internalNodes>
      <leafValues>
        -2.9176024720072746e-02 6.5010392665863037e-01</leafValues></_>
    <_>
      <internalNodes>
        0 -1 67036 2.7185808867216110e-03</internalNodes>
      <leafValues>
        2.7270101010799408e-02 -5.9768909215927124e-01</leafValues></_>
    <_>
      <internalNodes>
        0 -1 67036 2.7239681221544743e-03</internalNodes>
      <leafValues>
        -2.7769943699240685e-02 3.9908847212791443e-01</leafValues></_>
    <_>
      <internalNodes>
        0 -1 67036 2.7243960648775101e-03</internalNodes>
      <leafValues>
        2.7769565582275391e-02 -4.5305445790290833e-01</leafValues></_>
    <_>
      <internalNodes>
        0 -1 67036 2.7239681221544743e-03</internalNodes>
      <leafValues>
        -2.7769565582275391e-02 6.4422512054443359e-01</leafValues></_>
    <_>
      <internalNodes>
        0 -1 67036 2.7243960648775101e-03</internalNodes>
      <leafValues>
        2.7769565582275391e-02 -5.9132927656173706e-01</leafValues></_>
    <_>
      <internalNodes>
        0 -1 67036 2.7239681221544743e-03</internalNodes>
      <leafValues>
        -2.7769565582275391e-02 3.9998781681060791e-01</leafValues></_>
    <_>
      <internalNodes>
        0 -1 67036 2.7243960648775101e-03</internalNodes>
      <leafValues>
        2.7769565582275391e-02 -4.5291870832443237e-01</leafValues></_>
    <_>
      <internalNodes>
        0 -1 67036 2.7239681221544743e-03</internalNodes>
      <leafValues>
        -2.7769565582275391e-02 6.4424562454223633e-01</leafValues></_>
    <_>
      <internalNodes>
        0 -1 67036 2.7243960648775101e-03</internalNodes>
      <leafValues>
        2.7769565582275391e-02 -5.9131979942321777e-01</leafValues></_>
    <_>
      <internalNodes>
        0 -1 67036 2.7239681221544743e-03</internalNodes>
      <leafValues>
        -2.7769565582275391e-02 3.9999207854270935e-01</leafValues></_>
    <_>
      <internalNodes>
        0 -1 67036 2.7243960648775101e-03</internalNodes>
      <leafValues>
        2.7769565582275391e-02 -4.5291805267333984e-01</leafValues></_>
    <_>
      <internalNodes>
        0 -1 67036 2.7239681221544743e-03</internalNodes>
      <leafValues>
        -2.7769565582275391e-02 6.4424574375152588e-01</leafValues></_>
    <_>
      <internalNodes>
        0 -1 67036 2.7243960648775101e-03</internalNodes>
      <leafValues>
        2.7769565582275391e-02 -5.9131979942321777e-01</leafValues></_>
    <_>
      <internalNodes>
        0 -1 67036 2.7239681221544743e-03</internalNodes>
      <leafValues>
        -2.7769565582275391e-02 3.9999210834503174e-01</leafValues></_>
    <_>
      <internalNodes>
        0 -1 67036 2.7243960648775101e-03</internalNodes>
      <leafValues>
        2.7769565582275391e-02 -4.5291805267333984e-01</leafValues></_>
    <_>
      <internalNodes>
        0 -1 67036 2.7239681221544743e-03</internalNodes>
      <leafValues>
        -2.7769565582275391e-02 6.4424574375152588e-01</leafValues></_>
    <_>
      <internalNodes>
        0 -1 67036 2.7243960648775101e-03</internalNodes>
      <leafValues>
        2.7769565582275391e-02 -5.9131979942321777e-01</leafValues></_>
    <_>
      <internalNodes>
        0 -1 67036 2.7239681221544743e-03</internalNodes>
      <leafValues>
        -2.7769565582275391e-02 3.9999210834503174e-01</leafValues></_>
    <_>
      <internalNodes>
        0 -1 67036 2.7243960648775101e-03</internalNodes>
      <leafValues>
        2.7769565582275391e-02 -4.5291805267333984e-01</leafValues></_>
    <_>
      <internalNodes>
        0 -1 67036 2.7239681221544743e-03</internalNodes>
      <leafValues>
        -2.7769565582275391e-02 6.4424574375152588e-01</leafValues></_>
    <_>
      <internalNodes>
        0 -1 67036 2.7243960648775101e-03</internalNodes>
      <leafValues>
        2.7769565582275391e-02 -5.9131979942321777e-01</leafValues></_>
    <_>
      <internalNodes>
        0 -1 67036 2.7239681221544743e-03</internalNodes>
      <leafValues>
        -2.7769565582275391e-02 3.9999210834503174e-01</leafValues></_>
    <_>
      <internalNodes>
        0 -1 67036 2.7243960648775101e-03</internalNodes>
      <leafValues>
        2.7769565582275391e-02 -4.5291805267333984e-01</leafValues></_>
    <_>
      <internalNodes>
        0 -1 67036 2.7239681221544743e-03</internalNodes>
      <leafValues>
        -2.7769565582275391e-02 6.4424574375152588e-01</leafValues></_>
    <_>
      <internalNodes>
        0 -1 67036 2.7243960648775101e-03</internalNodes>
      <leafValues>
        2.7769565582275391e-02 -5.9131979942321777e-01</leafValues></_>
    <_>
      <internalNodes>
        0 -1 67036 2.7239681221544743e-03</internalNodes>
      <leafValues>
        -2.7769565582275391e-02 3.9999210834503174e-01</leafValues></_>
    <_>
      <internalNodes>
        0 -1 67036 2.7243960648775101e-03</internalNodes>
      <leafValues>
        2.7769565582275391e-02 -4.5291805267333984e-01</leafValues></_>
    <_>
      <internalNodes>
        0 -1 67036 2.7239681221544743e-03</internalNodes>
      <leafValues>
        -2.7769565582275391e-02 6.4424574375152588e-01</leafValues></_>
    <_>
      <internalNodes>
        0 -1 67036 2.7243960648775101e-03</internalNodes>
      <leafValues>
        2.7769565582275391e-02 -5.9131979942321777e-01</leafValues></_>
    <_>
      <internalNodes>
        0 -1 67036 2.7239681221544743e-03</internalNodes>
      <leafValues>
        -2.7769565582275391e-02 3.9999210834503174e-01</leafValues></_>
    <_>
      <internalNodes>
        0 -1 67036 2.7243960648775101e-03</internalNodes>
      <leafValues>
        2.7769565582275391e-02 -4.5291805267333984e-01</leafValues></_>
    <_>
      <internalNodes>
        0 -1 67036 2.7239681221544743e-03</internalNodes>
      <leafValues>
        -2.7769565582275391e-02 6.4424574375152588e-01</leafValues></_>
    <_>
      <internalNodes>
        0 -1 67036 2.7243960648775101e-03</internalNodes>
      <leafValues>
        2.7769565582275391e-02 -5.9131979942321777e-01</leafValues></_>
    <_>
      <internalNodes>
        0 -1 67036 2.7239681221544743e-03</internalNodes>
      <leafValues>
        -2.7769565582275391e-02 3.9999210834503174e-01</leafValues></_>
    <_>
      <internalNodes>
        0 -1 67036 2.7243960648775101e-03</internalNodes>
      <leafValues>
        2.7769565582275391e-02 -4.5291805267333984e-01</leafValues></_>
    <_>
      <internalNodes>
        0 -1 67036 2.7239681221544743e-03</internalNodes>
      <leafValues>
        -2.7769565582275391e-02 6.4424574375152588e-01</leafValues></_>
    <_>
      <internalNodes>
        0 -1 67036 2.7243960648775101e-03</internalNodes>
      <leafValues>
        2.7769565582275391e-02 -5.9131979942321777e-01</leafValues></_>
    <_>
      <internalNodes>
        0 -1 67036 2.7239681221544743e-03</internalNodes>
      <leafValues>
        -2.7769565582275391e-02 3.9999210834503174e-01</leafValues></_>
    <_>
      <internalNodes>
        0 -1 67036 2.7243960648775101e-03</internalNodes>
      <leafValues>
        2.7769565582275391e-02 -4.5291805267333984e-01</leafValues></_>
    <_>
      <internalNodes>
        0 -1 67036 2.7239681221544743e-03</internalNodes>
      <leafValues>
        -2.7769565582275391e-02 6.4424574375152588e-01</leafValues></_>
    <_>
      <internalNodes>
        0 -1 67036 2.7243960648775101e-03</internalNodes>
      <leafValues>
        2.7769565582275391e-02 -5.9131979942321777e-01</leafValues></_>
    <_>
      <internalNodes>
        0 -1 67036 2.7239681221544743e-03</internalNodes>
      <leafValues>
        -2.7769565582275391e-02 3.9999210834503174e-01</leafValues></_>
    <_>
      <internalNodes>
        0 -1 67036 2.7243960648775101e-03</internalNodes>
      <leafValues>
        2.7769565582275391e-02 -4.5291805267333984e-01</leafValues></_>
    <_>
      <internalNodes>
        0 -1 67036 2.7239681221544743e-03</internalNodes>
      <leafValues>
        -2.7769565582275391e-02 6.4424574375152588e-01</leafValues></_>
    <_>
      <internalNodes>
        0 -1 67036 2.7243960648775101e-03</internalNodes>
      <leafValues>
        2.7769565582275391e-02 -5.9131979942321777e-01</leafValues></_>
    <_>
      <internalNodes>
        0 -1 67036 2.7239681221544743e-03</internalNodes>
      <leafValues>
        -2.7769565582275391e-02 3.9999210834503174e-01</leafValues></_>
    <_>
      <internalNodes>
        0 -1 67036 2.7243960648775101e-03</internalNodes>
      <leafValues>
        2.7769565582275391e-02 -4.5291805267333984e-01</leafValues></_>
    <_>
      <internalNodes>
        0 -1 67036 2.7239681221544743e-03</internalNodes>
      <leafValues>
        -2.7769565582275391e-02 6.4424574375152588e-01</leafValues></_>
    <_>
      <internalNodes>
        0 -1 67036 2.7243960648775101e-03</internalNodes>
      <leafValues>
        2.7769565582275391e-02 -5.9131979942321777e-01</leafValues></_>
    <_>
      <internalNodes>
        0 -1 67036 2.7239681221544743e-03</internalNodes>
      <leafValues>
        -2.7769565582275391e-02 3.9999210834503174e-01</leafValues></_>
    <_>
      <internalNodes>
        0 -1 67036 2.7243960648775101e-03</internalNodes>
      <leafValues>
        2.7769565582275391e-02 -4.5291805267333984e-01</leafValues></_>
    <_>
      <internalNodes>
        0 -1 67036 2.7239681221544743e-03</internalNodes>
      <leafValues>
        -2.7769565582275391e-02 6.4424574375152588e-01</leafValues></_>
    <_>
      <internalNodes>
        0 -1 67036 2.7243960648775101e-03</internalNodes>
      <leafValues>
        2.7769565582275391e-02 -5.9131979942321777e-01</leafValues></_>
    <_>
      <internalNodes>
        0 -1 67036 2.7239681221544743e-03</internalNodes>
      <leafValues>
        -2.7769565582275391e-02 3.9999210834503174e-01</leafValues></_>
    <_>
      <internalNodes>
        0 -1 67036 2.7243960648775101e-03</internalNodes>
      <leafValues>
        2.7769565582275391e-02 -4.5291805267333984e-01</leafValues></_>
    <_>
      <internalNodes>
        0 -1 67036 2.7239681221544743e-03</internalNodes>
      <leafValues>
        -2.7769565582275391e-02 6.4424574375152588e-01</leafValues></_>
    <_>
      <internalNodes>
        0 -1 67036 2.7243960648775101e-03</internalNodes>
      <leafValues>
        2.7769565582275391e-02 -5.9131979942321777e-01</leafValues></_>
    <_>
      <internalNodes>
        0 -1 67036 2.7239681221544743e-03</internalNodes>
      <leafValues>
        -2.7769565582275391e-02 3.9999210834503174e-01</leafValues></_>
    <_>
      <internalNodes>
        0 -1 67036 2.7243960648775101e-03</internalNodes>
      <leafValues>
        2.7769565582275391e-02 -4.5291805267333984e-01</leafValues></_>
    <_>
      <internalNodes>
        0 -1 67036 2.7239681221544743e-03</internalNodes>
      <leafValues>
        -2.7769565582275391e-02 6.4424574375152588e-01</leafValues></_>
    <_>
      <internalNodes>
        0 -1 67036 2.7243960648775101e-03</internalNodes>
      <leafValues>
        2.7769565582275391e-02 -5.9131979942321777e-01</leafValues></_>
    <_>
      <internalNodes>
        0 -1 67036 2.7239681221544743e-03</internalNodes>
      <leafValues>
        -2.7769565582275391e-02 3.9999210834503174e-01</leafValues></_>
    <_>
      <internalNodes>
        0 -1 67036 2.7243960648775101e-03</internalNodes>
      <leafValues>
        2.7769565582275391e-02 -4.5291805267333984e-01</leafValues></_>
    <_>
      <internalNodes>
        0 -1 67036 2.7239681221544743e-03</internalNodes>
      <leafValues>
        -2.7769565582275391e-02 6.4424574375152588e-01</leafValues></_>
    <_>
      <internalNodes>
        0 -1 67036 2.7243960648775101e-03</internalNodes>
      <leafValues>
        2.7769565582275391e-02 -5.9131979942321777e-01</leafValues></_>
    <_>
      <internalNodes>
        0 -1 67036 2.7239681221544743e-03</internalNodes>
      <leafValues>
        -2.7769565582275391e-02 3.9999210834503174e-01</leafValues></_>
    <_>
      <internalNodes>
        0 -1 67036 2.7243960648775101e-03</internalNodes>
      <leafValues>
        2.7769565582275391e-02 -4.5291805267333984e-01</leafValues></_>
    <_>
      <internalNodes>
        0 -1 67036 2.7239681221544743e-03</internalNodes>
      <leafValues>
        -2.7769565582275391e-02 6.4424574375152588e-01</leafValues></_>
    <_>
      <internalNodes>
        0 -1 67036 2.7243960648775101e-03</internalNodes>
      <leafValues>
        2.7769565582275391e-02 -5.9131979942321777e-01</leafValues></_>
    <_>
      <internalNodes>
        0 -1 67036 2.7239681221544743e-03</internalNodes>
      <leafValues>
        -2.7769565582275391e-02 3.9999210834503174e-01</leafValues></_>
    <_>
      <internalNodes>
        0 -1 67036 2.7243960648775101e-03</internalNodes>
      <leafValues>
        2.7769565582275391e-02 -4.5291805267333984e-01</leafValues></_>
    <_>
      <internalNodes>
        0 -1 67036 2.7239681221544743e-03</internalNodes>
      <leafValues>
        -2.7769565582275391e-02 6.4424574375152588e-01</leafValues></_>
    <_>
      <internalNodes>
        0 -1 67036 2.7243960648775101e-03</internalNodes>
      <leafValues>
        2.7769565582275391e-02 -5.9131979942321777e-01</leafValues></_>
    <_>
      <internalNodes>
        0 -1 67036 2.7239681221544743e-03</internalNodes>
      <leafValues>
        -2.7769565582275391e-02 3.9999210834503174e-01</leafValues></_>
    <_>
      <internalNodes>
        0 -1 67036 2.7243960648775101e-03</internalNodes>
      <leafValues>
        2.7769565582275391e-02 -4.5291805267333984e-01</leafValues></_>
    <_>
      <internalNodes>
        0 -1 67036 2.7239681221544743e-03</internalNodes>
      <leafValues>
        -2.7769565582275391e-02 6.4424574375152588e-01</leafValues></_>
    <_>
      <internalNodes>
        0 -1 67036 2.7243960648775101e-03</internalNodes>
      <leafValues>
        2.7769565582275391e-02 -5.9131979942321777e-01</leafValues></_>
    <_>
      <internalNodes>
        0 -1 67036 2.7239681221544743e-03</internalNodes>
      <leafValues>
        -2.7769565582275391e-02 3.9999210834503174e-01</leafValues></_>
    <_>
      <internalNodes>
        0 -1 67036 2.7243960648775101e-03</internalNodes>
      <leafValues>
        2.7769565582275391e-02 -4.5291805267333984e-01</leafValues></_>
    <_>
      <internalNodes>
        0 -1 67036 2.7239681221544743e-03</internalNodes>
      <leafValues>
        -2.7769565582275391e-02 6.4424574375152588e-01</leafValues></_>
    <_>
      <internalNodes>
        0 -1 67036 2.7243960648775101e-03</internalNodes>
      <leafValues>
        2.7769565582275391e-02 -5.9131979942321777e-01</leafValues></_></weakClassifiers></stage24>
</opencv_storage>
