<?xml version="1.0"?>
<opencv_storage>
<stage31>
  <maxWeakCount>100</maxWeakCount>
  <stageThreshold>-1.0602507591247559e+00</stageThreshold>
  <weakClassifiers>
    <_>
      <internalNodes>
        0 -1 38078 1.0001593828201294e-01</internalNodes>
      <leafValues>
        -1.4999999664723873e-02 4.0333333611488342e-01</leafValues></_>
    <_>
      <internalNodes>
        0 -1 7984 2.0841488614678383e-02</internalNodes>
      <leafValues>
        -1.4590366184711456e-01 1.2431958317756653e-01</leafValues></_>
    <_>
      <internalNodes>
        0 -1 57607 -1.9397151845623739e-05</internalNodes>
      <leafValues>
        1.3196325302124023e-01 -1.1584483832120895e-01</leafValues></_>
    <_>
      <internalNodes>
        0 -1 28667 2.1574934944510460e-03</internalNodes>
      <leafValues>
        -1.0216803103685379e-01 1.6202847659587860e-01</leafValues></_>
    <_>
      <internalNodes>
        0 -1 38035 6.3698723912239075e-02</internalNodes>
      <leafValues>
        3.8908608257770538e-02 -3.1928846240043640e-01</leafValues></_>
    <_>
      <internalNodes>
        0 -1 48853 2.2832825779914856e-02</internalNodes>
      <leafValues>
        -5.2443239837884903e-02 3.7012925744056702e-01</leafValues></_>
    <_>
      <internalNodes>
        0 -1 57161 9.4179168809205294e-04</internalNodes>
      <leafValues>
        -1.1293922364711761e-01 1.3870914280414581e-01</leafValues></_>
    <_>
      <internalNodes>
        0 -1 74520 1.0053897276520729e-02</internalNodes>
      <leafValues>
        5.1119331270456314e-02 -4.1286519169807434e-01</leafValues></_>
    <_>
      <internalNodes>
        0 -1 31179 -9.7406317945569754e-04</internalNodes>
      <leafValues>
        1.5115526318550110e-01 -8.2301236689090729e-02</leafValues></_>
    <_>
      <internalNodes>
        0 -1 65270 3.8314174860715866e-02</internalNodes>
      <leafValues>
        -3.7019308656454086e-02 3.6881318688392639e-01</leafValues></_>
    <_>
      <internalNodes>
        0 -1 31057 5.3095377981662750e-02</internalNodes>
      <leafValues>
        4.2754493653774261e-02 -2.7956071496009827e-01</leafValues></_>
    <_>
      <internalNodes>
        0 -1 14767 -4.4002517824992537e-04</internalNodes>
      <leafValues>
        -2.2319172322750092e-01 9.3526802957057953e-02</leafValues></_>
    <_>
      <internalNodes>
        0 -1 21753 1.6856318688951433e-04</internalNodes>
      <leafValues>
        8.2702860236167908e-02 -1.7182269692420959e-01</leafValues></_>
    <_>
      <internalNodes>
        0 -1 54196 -1.2082606554031372e-03</internalNodes>
      <leafValues>
        1.8787890672683716e-01 -7.7415496110916138e-02</leafValues></_>
    <_>
      <internalNodes>
        0 -1 13883 -4.4894353777635843e-05</internalNodes>
      <leafValues>
        9.2657327651977539e-02 -1.5140771865844727e-01</leafValues></_>
    <_>
      <internalNodes>
        0 -1 14695 1.3043243670836091e-03</internalNodes>
      <leafValues>
        4.8560712486505508e-02 -2.7843886613845825e-01</leafValues></_>
    <_>
      <internalNodes>
        0 -1 77651 1.7489488527644426e-05</internalNodes>
      <leafValues>
        -1.1742530763149261e-01 1.2139057368040085e-01</leafValues></_>
    <_>
      <internalNodes>
        0 -1 7657 6.3328109681606293e-03</internalNodes>
      <leafValues>
        -6.1912909150123596e-02 2.2611686587333679e-01</leafValues></_>
    <_>
      <internalNodes>
        0 -1 24959 -1.8288338324055076e-03</internalNodes>
      <leafValues>
        1.7015044391155243e-01 -7.8833527863025665e-02</leafValues></_>
    <_>
      <internalNodes>
        0 -1 7300 -1.9397151845623739e-05</internalNodes>
      <leafValues>
        1.1210224777460098e-01 -1.1813621968030930e-01</leafValues></_>
    <_>
      <internalNodes>
        0 -1 70978 1.8942881375551224e-02</internalNodes>
      <leafValues>
        -2.7823092415928841e-02 5.0988709926605225e-01</leafValues></_>
    <_>
      <internalNodes>
        0 -1 51559 -2.7956822514533997e-01</internalNodes>
      <leafValues>
        8.1134891510009766e-01 -1.5241475775837898e-02</leafValues></_>
    <_>
      <internalNodes>
        0 -1 58555 -3.8340407627401873e-05</internalNodes>
      <leafValues>
        1.2115298211574554e-01 -1.0453812032938004e-01</leafValues></_>
    <_>
      <internalNodes>
        0 -1 68985 -1.1012782342731953e-02</internalNodes>
      <leafValues>
        -3.3203902840614319e-01 4.0162749588489532e-02</leafValues></_>
    <_>
      <internalNodes>
        0 -1 29020 -1.4299795031547546e-01</internalNodes>
      <leafValues>
        4.3499606847763062e-01 -2.8574969619512558e-02</leafValues></_>
    <_>
      <internalNodes>
        0 -1 57783 -3.5808031680062413e-04</internalNodes>
      <leafValues>
        -2.0028793811798096e-01 6.4342834055423737e-02</leafValues></_>
    <_>
      <internalNodes>
        0 -1 57952 1.9566333503462374e-04</internalNodes>
      <leafValues>
        7.5339779257774353e-02 -1.7116899788379669e-01</leafValues></_>
    <_>
      <internalNodes>
        0 -1 45640 -2.0885348203592002e-04</internalNodes>
      <leafValues>
        1.4870750904083252e-01 -9.9193811416625977e-02</leafValues></_>
    <_>
      <internalNodes>
        0 -1 40536 4.5785598456859589e-02</internalNodes>
      <leafValues>
        -7.8109256923198700e-02 1.7342349886894226e-01</leafValues></_>
    <_>
      <internalNodes>
        0 -1 56178 3.1744264066219330e-02</internalNodes>
      <leafValues>
        -3.5678125917911530e-02 3.5467755794525146e-01</leafValues></_>
    <_>
      <internalNodes>
        0 -1 32224 1.1755648255348206e-01</internalNodes>
      <leafValues>
        1.9502619281411171e-02 -9.2020845413208008e-01</leafValues></_>
    <_>
      <internalNodes>
        0 -1 47249 -9.2606083489954472e-04</internalNodes>
      <leafValues>
        -2.5451648235321045e-01 4.8339527100324631e-02</leafValues></_>
    <_>
      <internalNodes>
        0 -1 76752 -2.9070349410176277e-04</internalNodes>
      <leafValues>
        -1.6736303269863129e-01 7.0641778409481049e-02</leafValues></_>
    <_>
      <internalNodes>
        0 -1 54575 3.5796438169199973e-05</internalNodes>
      <leafValues>
        -1.2073855847120285e-01 1.0280784964561462e-01</leafValues></_>
    <_>
      <internalNodes>
        0 -1 21581 8.2174520939588547e-03</internalNodes>
      <leafValues>
        -7.3965586721897125e-02 1.9071616232395172e-01</leafValues></_>
    <_>
      <internalNodes>
        0 -1 34275 -2.6976913213729858e-02</internalNodes>
      <leafValues>
        4.0604645013809204e-01 -3.3749960362911224e-02</leafValues></_>
    <_>
      <internalNodes>
        0 -1 6421 3.1566120684146881e-02</internalNodes>
      <leafValues>
        2.3537442088127136e-02 -6.2575489282608032e-01</leafValues></_>
    <_>
      <internalNodes>
        0 -1 6427 -1.5757931396365166e-02</internalNodes>
      <leafValues>
        2.5144848227500916e-01 -5.0528462976217270e-02</leafValues></_>
    <_>
      <internalNodes>
        0 -1 77633 3.2654209062457085e-03</internalNodes>
      <leafValues>
        4.9966126680374146e-02 -2.8378242254257202e-01</leafValues></_>
    <_>
      <internalNodes>
        0 -1 62057 -2.0597735783667304e-05</internalNodes>
      <leafValues>
        1.0018151998519897e-01 -1.1358069628477097e-01</leafValues></_>
    <_>
      <internalNodes>
        0 -1 32640 1.9001477994606830e-05</internalNodes>
      <leafValues>
        -1.0699915140867233e-01 1.2250160425901413e-01</leafValues></_>
    <_>
      <internalNodes>
        0 -1 20962 -1.7139758914709091e-02</internalNodes>
      <leafValues>
        1.3811187446117401e-01 -9.7820706665515900e-02</leafValues></_>
    <_>
      <internalNodes>
        0 -1 7431 -4.4126216322183609e-02</internalNodes>
      <leafValues>
        2.7568280696868896e-01 -4.3251074850559235e-02</leafValues></_>
    <_>
      <internalNodes>
        0 -1 43071 1.3317670673131943e-02</internalNodes>
      <leafValues>
        -3.8505092263221741e-02 3.4515374898910522e-01</leafValues></_>
    <_>
      <internalNodes>
        0 -1 67655 4.1245415806770325e-02</internalNodes>
      <leafValues>
        -1.4301513321697712e-02 8.3908468484878540e-01</leafValues></_>
    <_>
      <internalNodes>
        0 -1 44974 -1.9208133220672607e-02</internalNodes>
      <leafValues>
        1.5542104840278625e-01 -8.2434244453907013e-02</leafValues></_>
    <_>
      <internalNodes>
        0 -1 873 -2.5334905833005905e-02</internalNodes>
      <leafValues>
        4.9715608358383179e-01 -2.5548247620463371e-02</leafValues></_>
    <_>
      <internalNodes>
        0 -1 78280 3.8765929639339447e-04</internalNodes>
      <leafValues>
        -9.1448515653610229e-02 1.3286235928535461e-01</leafValues></_>
    <_>
      <internalNodes>
        0 -1 20625 5.6178774684667587e-03</internalNodes>
      <leafValues>
        4.8202700912952423e-02 -2.6066005229949951e-01</leafValues></_>
    <_>
      <internalNodes>
        0 -1 77653 -1.9988299754913896e-05</internalNodes>
      <leafValues>
        1.2000220268964767e-01 -1.0701351612806320e-01</leafValues></_>
    <_>
      <internalNodes>
        0 -1 61448 1.5445002354681492e-03</internalNodes>
      <leafValues>
        -8.3937957882881165e-02 1.4182178676128387e-01</leafValues></_>
    <_>
      <internalNodes>
        0 -1 70664 7.9540237784385681e-03</internalNodes>
      <leafValues>
        2.8293700888752937e-02 -4.1669204831123352e-01</leafValues></_>
    <_>
      <internalNodes>
        0 -1 48933 2.8638171032071114e-02</internalNodes>
      <leafValues>
        -2.0512977614998817e-02 4.6321251988410950e-01</leafValues></_>
    <_>
      <internalNodes>
        0 -1 49123 -1.9518637564033270e-03</internalNodes>
      <leafValues>
        1.3225093483924866e-01 -9.2836670577526093e-02</leafValues></_>
    <_>
      <internalNodes>
        0 -1 62016 1.1858925223350525e-02</internalNodes>
      <leafValues>
        -1.0274306684732437e-01 1.2933146953582764e-01</leafValues></_>
    <_>
      <internalNodes>
        0 -1 68022 -9.0080704540014267e-03</internalNodes>
      <leafValues>
        3.1490263342857361e-01 -4.1495494544506073e-02</leafValues></_>
    <_>
      <internalNodes>
        0 -1 58244 -2.8015915304422379e-03</internalNodes>
      <leafValues>
        -2.2704137861728668e-01 5.2892841398715973e-02</leafValues></_>
    <_>
      <internalNodes>
        0 -1 28408 -9.2020183801651001e-02</internalNodes>
      <leafValues>
        2.3729325830936432e-01 -5.4069500416517258e-02</leafValues></_>
    <_>
      <internalNodes>
        0 -1 45238 -8.5791741730645299e-04</internalNodes>
      <leafValues>
        1.3114261627197266e-01 -9.8419427871704102e-02</leafValues></_>
    <_>
      <internalNodes>
        0 -1 43812 -4.7296070260927081e-04</internalNodes>
      <leafValues>
        -1.6764725744724274e-01 7.3199346661567688e-02</leafValues></_>
    <_>
      <internalNodes>
        0 -1 34307 -7.5270105153322220e-03</internalNodes>
      <leafValues>
        1.6607211530208588e-01 -7.8299604356288910e-02</leafValues></_>
    <_>
      <internalNodes>
        0 -1 36677 -9.2670004814863205e-03</internalNodes>
      <leafValues>
        3.9115184545516968e-01 -3.2069396227598190e-02</leafValues></_>
    <_>
      <internalNodes>
        0 -1 198 -8.4238173440098763e-04</internalNodes>
      <leafValues>
        -1.5694144368171692e-01 8.2556091248989105e-02</leafValues></_>
    <_>
      <internalNodes>
        0 -1 58438 1.5625505475327373e-03</internalNodes>
      <leafValues>
        5.2943035960197449e-02 -2.3289264738559723e-01</leafValues></_>
    <_>
      <internalNodes>
        0 -1 54192 4.1584894061088562e-03</internalNodes>
      <leafValues>
        -2.3012589663267136e-02 5.9611129760742188e-01</leafValues></_>
    <_>
      <internalNodes>
        0 -1 59177 -9.0925291180610657e-02</internalNodes>
      <leafValues>
        -4.9551552534103394e-01 2.6550827547907829e-02</leafValues></_>
    <_>
      <internalNodes>
        0 -1 54527 -7.4155125766992569e-03</internalNodes>
      <leafValues>
        6.2785744667053223e-01 -2.4145927280187607e-02</leafValues></_>
    <_>
      <internalNodes>
        0 -1 48668 -7.2308100061491132e-04</internalNodes>
      <leafValues>
        1.1200509965419769e-01 -1.0514277219772339e-01</leafValues></_>
    <_>
      <internalNodes>
        0 -1 53411 8.7799383327364922e-03</internalNodes>
      <leafValues>
        -5.7845659554004669e-02 2.6209619641304016e-01</leafValues></_>
    <_>
      <internalNodes>
        0 -1 24506 4.6014562249183655e-03</internalNodes>
      <leafValues>
        -3.3588547259569168e-02 3.2213589549064636e-01</leafValues></_>
    <_>
      <internalNodes>
        0 -1 7621 5.5549072567373514e-04</internalNodes>
      <leafValues>
        6.4145974814891815e-02 -1.9962953031063080e-01</leafValues></_>
    <_>
      <internalNodes>
        0 -1 64171 -5.2873723208904266e-02</internalNodes>
      <leafValues>
        -3.2341733574867249e-01 3.4060787409543991e-02</leafValues></_>
    <_>
      <internalNodes>
        0 -1 65742 -1.0724407620728016e-03</internalNodes>
      <leafValues>
        -2.8025463223457336e-01 4.0036775171756744e-02</leafValues></_>
    <_>
      <internalNodes>
        0 -1 16779 8.0719720572233200e-03</internalNodes>
      <leafValues>
        -6.6126301884651184e-02 1.6972072422504425e-01</leafValues></_>
    <_>
      <internalNodes>
        0 -1 36736 -6.0098599642515182e-03</internalNodes>
      <leafValues>
        -1.8353390693664551e-01 7.0914179086685181e-02</leafValues></_>
    <_>
      <internalNodes>
        0 -1 8203 8.4541011601686478e-03</internalNodes>
      <leafValues>
        -6.1876341700553894e-02 1.8446527421474457e-01</leafValues></_>
    <_>
      <internalNodes>
        0 -1 68889 -5.9338428080081940e-02</internalNodes>
      <leafValues>
        -4.8032525181770325e-01 2.5085363537073135e-02</leafValues></_>
    <_>
      <internalNodes>
        0 -1 75927 -1.7489488527644426e-05</internalNodes>
      <leafValues>
        1.2481966614723206e-01 -1.0467957705259323e-01</leafValues></_>
    <_>
      <internalNodes>
        0 -1 70189 -3.6632274277508259e-03</internalNodes>
      <leafValues>
        1.2741403281688690e-01 -9.3648910522460938e-02</leafValues></_>
    <_>
      <internalNodes>
        0 -1 50488 2.7738646604120731e-03</internalNodes>
      <leafValues>
        -1.0034082829952240e-01 1.1748944967985153e-01</leafValues></_>
    <_>
      <internalNodes>
        0 -1 47299 4.4346824288368225e-03</internalNodes>
      <leafValues>
        -4.7315083444118500e-02 2.3970077931880951e-01</leafValues></_>
    <_>
      <internalNodes>
        0 -1 254 2.0906847715377808e-01</internalNodes>
      <leafValues>
        1.5983827412128448e-02 -6.9999182224273682e-01</leafValues></_>
    <_>
      <internalNodes>
        0 -1 64332 -4.9149902770295739e-04</internalNodes>
      <leafValues>
        -1.5060108900070190e-01 7.7493250370025635e-02</leafValues></_>
    <_>
      <internalNodes>
        0 -1 64126 5.2831345237791538e-04</internalNodes>
      <leafValues>
        8.6074680089950562e-02 -1.3063065707683563e-01</leafValues></_>
    <_>
      <internalNodes>
        0 -1 64760 4.9360524863004684e-03</internalNodes>
      <leafValues>
        -5.8734677731990814e-02 2.6296946406364441e-01</leafValues></_>
    <_>
      <internalNodes>
        0 -1 66968 1.5394473075866699e-01</internalNodes>
      <leafValues>
        1.2648056261241436e-02 -9.0002614259719849e-01</leafValues></_>
    <_>
      <internalNodes>
        0 -1 29559 -3.9785189437679946e-04</internalNodes>
      <leafValues>
        1.0411588102579117e-01 -1.0703279823064804e-01</leafValues></_>
    <_>
      <internalNodes>
        0 -1 17242 1.3805846869945526e-01</internalNodes>
      <leafValues>
        -4.2155779898166656e-02 2.8161445260047913e-01</leafValues></_>
    <_>
      <internalNodes>
        0 -1 3296 8.6254015564918518e-02</internalNodes>
      <leafValues>
        2.4641223251819611e-02 -6.8175524473190308e-01</leafValues></_>
    <_>
      <internalNodes>
        0 -1 61325 -5.3172424435615540e-02</internalNodes>
      <leafValues>
        -7.4331933259963989e-01 9.2689618468284607e-03</leafValues></_>
    <_>
      <internalNodes>
        0 -1 65942 1.9620734453201294e-01</internalNodes>
      <leafValues>
        -1.7563438042998314e-02 6.8493825197219849e-01</leafValues></_>
    <_>
      <internalNodes>
        0 -1 64172 -9.6494518220424652e-03</internalNodes>
      <leafValues>
        1.4028178155422211e-01 -7.9237058758735657e-02</leafValues></_>
    <_>
      <internalNodes>
        0 -1 78314 8.3724065916612744e-04</internalNodes>
      <leafValues>
        5.4115250706672668e-02 -2.0912322402000427e-01</leafValues></_>
    <_>
      <internalNodes>
        0 -1 62606 8.5265934467315674e-03</internalNodes>
      <leafValues>
        -2.9355533421039581e-02 4.2300274968147278e-01</leafValues></_>
    <_>
      <internalNodes>
        0 -1 49957 -1.9913346477551386e-05</internalNodes>
      <leafValues>
        1.1679371446371078e-01 -1.0085868090391159e-01</leafValues></_>
    <_>
      <internalNodes>
        0 -1 47046 1.1706238612532616e-02</internalNodes>
      <leafValues>
        -8.7602913379669189e-02 1.3174599409103394e-01</leafValues></_>
    <_>
      <internalNodes>
        0 -1 31001 -8.8667962700128555e-03</internalNodes>
      <leafValues>
        9.9001869559288025e-02 -1.2536996603012085e-01</leafValues></_>
    <_>
      <internalNodes>
        0 -1 28993 4.9953989684581757e-02</internalNodes>
      <leafValues>
        -7.3626704514026642e-02 1.9717918336391449e-01</leafValues></_>
    <_>
      <internalNodes>
        0 -1 40152 -2.1751690655946732e-02</internalNodes>
      <leafValues>
        1.1301804333925247e-01 -1.2121178209781647e-01</leafValues></_>
    <_>
      <internalNodes>
        0 -1 63135 -2.6591081172227859e-02</internalNodes>
      <leafValues>
        -2.2885175049304962e-01 5.4260201752185822e-02</leafValues></_></weakClassifiers></stage31>
</opencv_storage>
