<?xml version="1.0"?>
<opencv_storage>
<stage21>
  <maxWeakCount>100</maxWeakCount>
  <stageThreshold>-1.1745857000350952e+00</stageThreshold>
  <weakClassifiers>
    <_>
      <internalNodes>
        0 -1 9888 1.1260324716567993e-01</internalNodes>
      <leafValues>
        -2.0172910764813423e-02 4.1025641560554504e-01</leafValues></_>
    <_>
      <internalNodes>
        0 -1 56641 4.4271349906921387e-04</internalNodes>
      <leafValues>
        8.2126781344413757e-02 -2.5688785314559937e-01</leafValues></_>
    <_>
      <internalNodes>
        0 -1 56641 -3.4580717328935862e-04</internalNodes>
      <leafValues>
        -2.6365190744400024e-01 9.5990099012851715e-02</leafValues></_>
    <_>
      <internalNodes>
        0 -1 49773 1.3314581010490656e-03</internalNodes>
      <leafValues>
        6.2895111739635468e-02 -2.7787813544273376e-01</leafValues></_>
    <_>
      <internalNodes>
        0 -1 9888 1.1187174916267395e-01</internalNodes>
      <leafValues>
        -2.1117390133440495e-03 -3.9461308717727661e-01</leafValues></_>
    <_>
      <internalNodes>
        0 -1 50303 -2.9201917350292206e-02</internalNodes>
      <leafValues>
        2.5343605875968933e-01 -7.2962515056133270e-02</leafValues></_>
    <_>
      <internalNodes>
        0 -1 52952 6.6002400126308203e-04</internalNodes>
      <leafValues>
        6.0572370886802673e-02 -1.9484463334083557e-01</leafValues></_>
    <_>
      <internalNodes>
        0 -1 73619 -5.9013538062572479e-02</internalNodes>
      <leafValues>
        2.2918006777763367e-01 -1.1764777451753616e-01</leafValues></_>
    <_>
      <internalNodes>
        0 -1 8276 -4.8951524496078491e-01</internalNodes>
      <leafValues>
        -8.3241856098175049e-01 8.9866869151592255e-02</leafValues></_>
    <_>
      <internalNodes>
        0 -1 40679 8.3387382328510284e-02</internalNodes>
      <leafValues>
        -1.0357026755809784e-01 2.4155007302761078e-01</leafValues></_>
    <_>
      <internalNodes>
        0 -1 50618 -4.9281907267868519e-03</internalNodes>
      <leafValues>
        1.4156478643417358e-01 -1.0400861501693726e-01</leafValues></_>
    <_>
      <internalNodes>
        0 -1 60255 -3.8207403849810362e-04</internalNodes>
      <leafValues>
        -2.0443336665630341e-01 8.5754536092281342e-02</leafValues></_>
    <_>
      <internalNodes>
        0 -1 14110 -2.0970554032828659e-05</internalNodes>
      <leafValues>
        1.0381224006414413e-01 -1.5074461698532104e-01</leafValues></_>
    <_>
      <internalNodes>
        0 -1 76757 -1.2131272815167904e-03</internalNodes>
      <leafValues>
        -2.2428706288337708e-01 7.1359738707542419e-02</leafValues></_>
    <_>
      <internalNodes>
        0 -1 76757 5.8590731350705028e-04</internalNodes>
      <leafValues>
        9.7339794039726257e-02 -2.0221571624279022e-01</leafValues></_>
    <_>
      <internalNodes>
        0 -1 56108 -1.5090228989720345e-02</internalNodes>
      <leafValues>
        3.2853177189826965e-01 -6.0520991683006287e-02</leafValues></_>
    <_>
      <internalNodes>
        0 -1 21736 -1.0003396309912205e-03</internalNodes>
      <leafValues>
        -2.5043991208076477e-01 6.7486517131328583e-02</leafValues></_>
    <_>
      <internalNodes>
        0 -1 68700 -4.1902065277099609e-04</internalNodes>
      <leafValues>
        -2.0309053361415863e-01 7.7017545700073242e-02</leafValues></_>
    <_>
      <internalNodes>
        0 -1 7565 -1.0397077538073063e-02</internalNodes>
      <leafValues>
        1.6449081897735596e-01 -9.3235284090042114e-02</leafValues></_>
    <_>
      <internalNodes>
        0 -1 3943 1.8968839198350906e-02</internalNodes>
      <leafValues>
        -5.4724585264921188e-02 2.6694789528846741e-01</leafValues></_>
    <_>
      <internalNodes>
        0 -1 66243 -3.9463587105274200e-02</internalNodes>
      <leafValues>
        -4.7273293137550354e-01 1.9899614155292511e-02</leafValues></_>
    <_>
      <internalNodes>
        0 -1 53309 -1.3006150256842375e-03</internalNodes>
      <leafValues>
        1.0620069503784180e-01 -1.2544961273670197e-01</leafValues></_>
    <_>
      <internalNodes>
        0 -1 44359 -2.9313240200281143e-02</internalNodes>
      <leafValues>
        -3.4812697768211365e-01 4.6648230403661728e-02</leafValues></_>
    <_>
      <internalNodes>
        0 -1 44726 2.6140280067920685e-02</internalNodes>
      <leafValues>
        -3.8759760558605194e-02 3.8151538372039795e-01</leafValues></_>
    <_>
      <internalNodes>
        0 -1 9879 -1.5003195032477379e-02</internalNodes>
      <leafValues>
        -4.7031682729721069e-01 3.2552730292081833e-02</leafValues></_>
    <_>
      <internalNodes>
        0 -1 6387 2.1885312162339687e-04</internalNodes>
      <leafValues>
        8.3596587181091309e-02 -1.5512056648731232e-01</leafValues></_>
    <_>
      <internalNodes>
        0 -1 64800 -2.5797024369239807e-02</internalNodes>
      <leafValues>
        -6.4887440204620361e-01 1.9659301266074181e-02</leafValues></_>
    <_>
      <internalNodes>
        0 -1 71374 -2.0114171504974365e-01</internalNodes>
      <leafValues>
        -8.4416383504867554e-01 1.1874430812895298e-02</leafValues></_>
    <_>
      <internalNodes>
        0 -1 6150 4.8020356334745884e-03</internalNodes>
      <leafValues>
        3.6085218191146851e-02 -3.0821299552917480e-01</leafValues></_>
    <_>
      <internalNodes>
        0 -1 13305 1.7489488527644426e-05</internalNodes>
      <leafValues>
        -1.2311458587646484e-01 1.1202440410852432e-01</leafValues></_>
    <_>
      <internalNodes>
        0 -1 11741 -4.3943542987108231e-03</internalNodes>
      <leafValues>
        3.2814687490463257e-01 -3.7558119744062424e-02</leafValues></_>
    <_>
      <internalNodes>
        0 -1 6675 5.3298019338399172e-04</internalNodes>
      <leafValues>
        7.1970745921134949e-02 -1.7253874242305756e-01</leafValues></_>
    <_>
      <internalNodes>
        0 -1 5711 -2.6015960611402988e-03</internalNodes>
      <leafValues>
        1.5065002441406250e-01 -8.7220653891563416e-02</leafValues></_>
    <_>
      <internalNodes>
        0 -1 4421 -2.4405270814895630e-02</internalNodes>
      <leafValues>
        -4.5844727754592896e-01 3.3142719417810440e-02</leafValues></_>
    <_>
      <internalNodes>
        0 -1 44491 2.4326151469722390e-04</internalNodes>
      <leafValues>
        7.7106446027755737e-02 -1.6942371428012848e-01</leafValues></_>
    <_>
      <internalNodes>
        0 -1 72215 -1.4166242908686399e-03</internalNodes>
      <leafValues>
        2.9923895001411438e-01 -4.5125320553779602e-02</leafValues></_>
    <_>
      <internalNodes>
        0 -1 66552 7.9805105924606323e-02</internalNodes>
      <leafValues>
        2.0684873685240746e-02 -6.2591814994812012e-01</leafValues></_>
    <_>
      <internalNodes>
        0 -1 52234 -1.2612670660018921e-01</internalNodes>
      <leafValues>
        3.5923117399215698e-01 -3.8080375641584396e-02</leafValues></_>
    <_>
      <internalNodes>
        0 -1 5763 -1.2828821316361427e-02</internalNodes>
      <leafValues>
        1.7895886301994324e-01 -7.3554500937461853e-02</leafValues></_>
    <_>
      <internalNodes>
        0 -1 14753 -7.9577008727937937e-04</internalNodes>
      <leafValues>
        -2.0871822535991669e-01 6.7874647676944733e-02</leafValues></_>
    <_>
      <internalNodes>
        0 -1 27793 -1.6171855386346579e-03</internalNodes>
      <leafValues>
        -2.0203249156475067e-01 6.7820437252521515e-02</leafValues></_>
    <_>
      <internalNodes>
        0 -1 54194 -4.6379901468753815e-03</internalNodes>
      <leafValues>
        8.3431065082550049e-01 -1.3989233411848545e-02</leafValues></_>
    <_>
      <internalNodes>
        0 -1 77589 -2.3518397938460112e-03</internalNodes>
      <leafValues>
        -2.4661071598529816e-01 5.7664901018142700e-02</leafValues></_>
    <_>
      <internalNodes>
        0 -1 67256 8.3150863647460938e-03</internalNodes>
      <leafValues>
        -4.2412877082824707e-02 3.1316691637039185e-01</leafValues></_>
    <_>
      <internalNodes>
        0 -1 72919 -7.7227167785167694e-03</internalNodes>
      <leafValues>
        -4.3028238415718079e-01 3.5768982023000717e-02</leafValues></_>
    <_>
      <internalNodes>
        0 -1 63 6.0398727655410767e-02</internalNodes>
      <leafValues>
        1.3045871630311012e-02 -8.4554636478424072e-01</leafValues></_>
    <_>
      <internalNodes>
        0 -1 43807 2.2796681150794029e-04</internalNodes>
      <leafValues>
        7.4146643280982971e-02 -1.6254237294197083e-01</leafValues></_>
    <_>
      <internalNodes>
        0 -1 34047 2.5130471214652061e-02</internalNodes>
      <leafValues>
        -9.5684863626956940e-02 1.4924049377441406e-01</leafValues></_>
    <_>
      <internalNodes>
        0 -1 75150 4.9177575856447220e-03</internalNodes>
      <leafValues>
        5.7681977748870850e-02 -2.5529205799102783e-01</leafValues></_>
    <_>
      <internalNodes>
        0 -1 76653 3.5962607944384217e-04</internalNodes>
      <leafValues>
        6.0483388602733612e-02 -2.0785042643547058e-01</leafValues></_>
    <_>
      <internalNodes>
        0 -1 34052 -1.4693788252770901e-03</internalNodes>
      <leafValues>
        3.2733222842216492e-01 -3.8654055446386337e-02</leafValues></_>
    <_>
      <internalNodes>
        0 -1 54049 3.7669535959139466e-04</internalNodes>
      <leafValues>
        8.2375578582286835e-02 -1.6304606199264526e-01</leafValues></_>
    <_>
      <internalNodes>
        0 -1 5322 -8.4907747805118561e-03</internalNodes>
      <leafValues>
        3.3283153176307678e-01 -3.8865078240633011e-02</leafValues></_>
    <_>
      <internalNodes>
        0 -1 75167 -5.9159763623028994e-04</internalNodes>
      <leafValues>
        -2.2962625324726105e-01 5.3050223737955093e-02</leafValues></_>
    <_>
      <internalNodes>
        0 -1 78178 -1.1268698144704103e-03</internalNodes>
      <leafValues>
        1.1929024755954742e-01 -1.0025627166032791e-01</leafValues></_>
    <_>
      <internalNodes>
        0 -1 8978 -1.4719836413860321e-02</internalNodes>
      <leafValues>
        -4.0987062454223633e-01 3.0472744256258011e-02</leafValues></_>
    <_>
      <internalNodes>
        0 -1 74844 -8.4100514650344849e-03</internalNodes>
      <leafValues>
        7.2615748643875122e-01 -1.9253145903348923e-02</leafValues></_>
    <_>
      <internalNodes>
        0 -1 72729 2.6666194200515747e-02</internalNodes>
      <leafValues>
        2.3023769259452820e-02 -6.0754126310348511e-01</leafValues></_>
    <_>
      <internalNodes>
        0 -1 56043 -4.2800774099305272e-04</internalNodes>
      <leafValues>
        -1.8528996407985687e-01 6.1358515173196793e-02</leafValues></_>
    <_>
      <internalNodes>
        0 -1 54682 -9.2369440244510770e-04</internalNodes>
      <leafValues>
        1.2177277356386185e-01 -1.1675606667995453e-01</leafValues></_>
    <_>
      <internalNodes>
        0 -1 40517 2.7043193578720093e-02</internalNodes>
      <leafValues>
        -4.6074509620666504e-02 2.6588684320449829e-01</leafValues></_>
    <_>
      <internalNodes>
        0 -1 35010 1.0924455523490906e-01</internalNodes>
      <leafValues>
        -5.0437469035387039e-02 2.7401673793792725e-01</leafValues></_>
    <_>
      <internalNodes>
        0 -1 45837 1.6985791921615601e-01</internalNodes>
      <leafValues>
        1.9831972196698189e-02 -5.9094405174255371e-01</leafValues></_>
    <_>
      <internalNodes>
        0 -1 15314 -3.1752419471740723e-01</internalNodes>
      <leafValues>
        -3.2332572340965271e-01 3.5294760018587112e-02</leafValues></_>
    <_>
      <internalNodes>
        0 -1 823 -5.5867977440357208e-02</internalNodes>
      <leafValues>
        5.8874773979187012e-01 -2.1484225988388062e-02</leafValues></_>
    <_>
      <internalNodes>
        0 -1 3844 -1.7669957876205444e-01</internalNodes>
      <leafValues>
        1.7174106836318970e-01 -7.4520148336887360e-02</leafValues></_>
    <_>
      <internalNodes>
        0 -1 8309 -1.7161422967910767e-01</internalNodes>
      <leafValues>
        1.3111291825771332e-01 -8.8368512690067291e-02</leafValues></_>
    <_>
      <internalNodes>
        0 -1 37069 4.3225176632404327e-03</internalNodes>
      <leafValues>
        -2.5885131210088730e-02 4.8858153820037842e-01</leafValues></_>
    <_>
      <internalNodes>
        0 -1 39542 -2.4621994234621525e-03</internalNodes>
      <leafValues>
        1.0522126406431198e-01 -1.1973163485527039e-01</leafValues></_>
    <_>
      <internalNodes>
        0 -1 49862 -6.1775101348757744e-03</internalNodes>
      <leafValues>
        -4.9755713343620300e-01 2.8557468205690384e-02</leafValues></_>
    <_>
      <internalNodes>
        0 -1 6942 2.2805329412221909e-02</internalNodes>
      <leafValues>
        1.9129069522023201e-02 -5.4783987998962402e-01</leafValues></_>
    <_>
      <internalNodes>
        0 -1 14501 5.5992705747485161e-03</internalNodes>
      <leafValues>
        -7.6754070818424225e-02 1.6110250353813171e-01</leafValues></_>
    <_>
      <internalNodes>
        0 -1 78393 1.0307086631655693e-03</internalNodes>
      <leafValues>
        5.0649609416723251e-02 -2.3511676490306854e-01</leafValues></_>
    <_>
      <internalNodes>
        0 -1 76105 -3.8330922834575176e-03</internalNodes>
      <leafValues>
        -2.2667558491230011e-01 5.4099380970001221e-02</leafValues></_>
    <_>
      <internalNodes>
        0 -1 73848 1.7002260312438011e-02</internalNodes>
      <leafValues>
        -3.7605155259370804e-02 3.2795378565788269e-01</leafValues></_>
    <_>
      <internalNodes>
        0 -1 62317 2.7180503821000457e-04</internalNodes>
      <leafValues>
        7.3195315897464752e-02 -1.6966108977794647e-01</leafValues></_>
    <_>
      <internalNodes>
        0 -1 7427 2.6776141021400690e-03</internalNodes>
      <leafValues>
        -9.9870271980762482e-02 1.2927466630935669e-01</leafValues></_>
    <_>
      <internalNodes>
        0 -1 71880 -1.0777173563838005e-02</internalNodes>
      <leafValues>
        2.7562850713729858e-01 -5.1024254411458969e-02</leafValues></_>
    <_>
      <internalNodes>
        0 -1 72422 5.4954658262431622e-03</internalNodes>
      <leafValues>
        -6.7872390151023865e-02 1.7962765693664551e-01</leafValues></_>
    <_>
      <internalNodes>
        0 -1 68831 1.2612712383270264e-01</internalNodes>
      <leafValues>
        1.8893497064709663e-02 -7.7634233236312866e-01</leafValues></_>
    <_>
      <internalNodes>
        0 -1 7 -1.0118356440216303e-03</internalNodes>
      <leafValues>
        -1.9967785477638245e-01 5.6017033755779266e-02</leafValues></_>
    <_>
      <internalNodes>
        0 -1 38938 4.0827918564900756e-04</internalNodes>
      <leafValues>
        6.7440636456012726e-02 -1.8701469898223877e-01</leafValues></_>
    <_>
      <internalNodes>
        0 -1 5744 -4.2164474725723267e-03</internalNodes>
      <leafValues>
        1.3540819287300110e-01 -1.0035710781812668e-01</leafValues></_>
    <_>
      <internalNodes>
        0 -1 7620 -3.1948275864124298e-04</internalNodes>
      <leafValues>
        -2.0062011480331421e-01 7.3290355503559113e-02</leafValues></_>
    <_>
      <internalNodes>
        0 -1 4906 5.2738869562745094e-03</internalNodes>
      <leafValues>
        -8.4390908479690552e-02 1.7625612020492554e-01</leafValues></_>
    <_>
      <internalNodes>
        0 -1 16730 -1.7943885177373886e-03</internalNodes>
      <leafValues>
        1.3723678886890411e-01 -1.0145540535449982e-01</leafValues></_>
    <_>
      <internalNodes>
        0 -1 74967 -4.6202592784538865e-04</internalNodes>
      <leafValues>
        -2.0836757123470306e-01 6.8319261074066162e-02</leafValues></_>
    <_>
      <internalNodes>
        0 -1 24963 7.5208675116300583e-04</internalNodes>
      <leafValues>
        -7.8766927123069763e-02 1.7196753621101379e-01</leafValues></_>
    <_>
      <internalNodes>
        0 -1 16241 1.0019606351852417e-01</internalNodes>
      <leafValues>
        2.7105579152703285e-02 -4.9776521325111389e-01</leafValues></_>
    <_>
      <internalNodes>
        0 -1 25159 7.6225600205361843e-03</internalNodes>
      <leafValues>
        -9.6938192844390869e-02 1.4127252995967865e-01</leafValues></_>
    <_>
      <internalNodes>
        0 -1 20906 -3.1376518309116364e-03</internalNodes>
      <leafValues>
        -2.8575864434242249e-01 4.7440379858016968e-02</leafValues></_>
    <_>
      <internalNodes>
        0 -1 23069 2.2887758910655975e-02</internalNodes>
      <leafValues>
        -5.5773898959159851e-02 2.2606362402439117e-01</leafValues></_>
    <_>
      <internalNodes>
        0 -1 7909 1.0741099715232849e-01</internalNodes>
      <leafValues>
        4.1086860001087189e-02 -3.5029029846191406e-01</leafValues></_>
    <_>
      <internalNodes>
        0 -1 21892 -1.2392394244670868e-02</internalNodes>
      <leafValues>
        3.2170099020004272e-01 -4.5939043164253235e-02</leafValues></_>
    <_>
      <internalNodes>
        0 -1 58607 -1.5544199850410223e-03</internalNodes>
      <leafValues>
        -2.5756141543388367e-01 6.0848444700241089e-02</leafValues></_>
    <_>
      <internalNodes>
        0 -1 2731 9.2524546198546886e-04</internalNodes>
      <leafValues>
        7.3485694825649261e-02 -1.8191908299922943e-01</leafValues></_>
    <_>
      <internalNodes>
        0 -1 28802 8.8766375556588173e-03</internalNodes>
      <leafValues>
        -1.2147676199674606e-01 1.1655177921056747e-01</leafValues></_>
    <_>
      <internalNodes>
        0 -1 30838 5.5715744383633137e-03</internalNodes>
      <leafValues>
        -8.5070677101612091e-02 1.7940428853034973e-01</leafValues></_>
    <_>
      <internalNodes>
        0 -1 18956 -6.4846558962017298e-04</internalNodes>
      <leafValues>
        1.1048126220703125e-01 -1.2002623826265335e-01</leafValues></_>
    <_>
      <internalNodes>
        0 -1 48992 8.9806236792355776e-04</internalNodes>
      <leafValues>
        6.7897357046604156e-02 -1.8781960010528564e-01</leafValues></_></weakClassifiers></stage21>
</opencv_storage>
