<?xml version="1.0"?>
<opencv_storage>
<stage23>
  <maxWeakCount>100</maxWeakCount>
  <stageThreshold>-1.0849192142486572e+00</stageThreshold>
  <weakClassifiers>
    <_>
      <internalNodes>
        0 -1 22055 7.5595796108245850e-02</internalNodes>
      <leafValues>
        -8.4112152457237244e-02 2.2327640652656555e-01</leafValues></_>
    <_>
      <internalNodes>
        0 -1 38068 1.5661403536796570e-01</internalNodes>
      <leafValues>
        -4.0906339883804321e-02 4.5338815450668335e-01</leafValues></_>
    <_>
      <internalNodes>
        0 -1 38068 1.5552029013633728e-01</internalNodes>
      <leafValues>
        1.3390722451731563e-03 -1.</leafValues></_>
    <_>
      <internalNodes>
        0 -1 38068 1.5503364801406860e-01</internalNodes>
      <leafValues>
        -6.4256740733981133e-04 1.</leafValues></_>
    <_>
      <internalNodes>
        0 -1 38068 1.5254354476928711e-01</internalNodes>
      <leafValues>
        2.2943392395973206e-03 -9.7597903013229370e-01</leafValues></_>
    <_>
      <internalNodes>
        0 -1 38068 1.5066051483154297e-01</internalNodes>
      <leafValues>
        -1.5455720713362098e-03 9.9516105651855469e-01</leafValues></_>
    <_>
      <internalNodes>
        0 -1 38068 1.4870843291282654e-01</internalNodes>
      <leafValues>
        1.8939863657578826e-03 -9.8886489868164062e-01</leafValues></_>
    <_>
      <internalNodes>
        0 -1 38068 1.4851132035255432e-01</internalNodes>
      <leafValues>
        -2.7398840757086873e-04 9.9509674310684204e-01</leafValues></_>
    <_>
      <internalNodes>
        0 -1 38068 1.4832651615142822e-01</internalNodes>
      <leafValues>
        3.9727787952870131e-04 -1.</leafValues></_>
    <_>
      <internalNodes>
        0 -1 38068 1.4804422855377197e-01</internalNodes>
      <leafValues>
        -5.4843211546540260e-04 9.9516642093658447e-01</leafValues></_>
    <_>
      <internalNodes>
        0 -1 38068 1.4793664216995239e-01</internalNodes>
      <leafValues>
        6.9017201894894242e-04 -9.8913443088531494e-01</leafValues></_>
    <_>
      <internalNodes>
        0 -1 38068 1.4771938323974609e-01</internalNodes>
      <leafValues>
        -3.7324178265407681e-04 9.9508970975875854e-01</leafValues></_>
    <_>
      <internalNodes>
        0 -1 38068 1.4741195738315582e-01</internalNodes>
      <leafValues>
        3.9814319461584091e-04 -1.</leafValues></_>
    <_>
      <internalNodes>
        0 -1 38068 1.4682957530021667e-01</internalNodes>
      <leafValues>
        -8.2439335528761148e-04 9.9518150091171265e-01</leafValues></_>
    <_>
      <internalNodes>
        0 -1 38068 1.4404115080833435e-01</internalNodes>
      <leafValues>
        3.7717074155807495e-03 -9.4546645879745483e-01</leafValues></_>
    <_>
      <internalNodes>
        0 -1 38068 1.4399552345275879e-01</internalNodes>
      <leafValues>
        -3.7530067493207753e-04 9.9482947587966919e-01</leafValues></_>
    <_>
      <internalNodes>
        0 -1 38068 1.4391690492630005e-01</internalNodes>
      <leafValues>
        2.9613397782668471e-04 -9.7625356912612915e-01</leafValues></_>
    <_>
      <internalNodes>
        0 -1 38068 1.4374062418937683e-01</internalNodes>
      <leafValues>
        -2.7617593877948821e-04 9.9464684724807739e-01</leafValues></_>
    <_>
      <internalNodes>
        0 -1 38068 1.3981273770332336e-01</internalNodes>
      <leafValues>
        2.0657125860452652e-03 -9.5010703802108765e-01</leafValues></_>
    <_>
      <internalNodes>
        0 -1 38068 1.3973182439804077e-01</internalNodes>
      <leafValues>
        -3.7650435115210712e-04 9.0741193294525146e-01</leafValues></_>
    <_>
      <internalNodes>
        0 -1 38068 1.3928732275962830e-01</internalNodes>
      <leafValues>
        5.9635797515511513e-04 -9.4628721475601196e-01</leafValues></_>
    <_>
      <internalNodes>
        0 -1 38068 1.3879883289337158e-01</internalNodes>
      <leafValues>
        -1.2090324889868498e-03 9.9475580453872681e-01</leafValues></_>
    <_>
      <internalNodes>
        0 -1 38068 1.3850551843643188e-01</internalNodes>
      <leafValues>
        4.0589048876427114e-04 -9.6759533882141113e-01</leafValues></_>
    <_>
      <internalNodes>
        0 -1 38068 1.3778567314147949e-01</internalNodes>
      <leafValues>
        -9.1327511472627521e-04 9.8951065540313721e-01</leafValues></_>
    <_>
      <internalNodes>
        0 -1 38068 1.3772970438003540e-01</internalNodes>
      <leafValues>
        4.0646342677064240e-04 -9.6950435638427734e-01</leafValues></_>
    <_>
      <internalNodes>
        0 -1 38068 1.3858292996883392e-01</internalNodes>
      <leafValues>
        6.5530512074474245e-05 9.0621560811996460e-01</leafValues></_>
    <_>
      <internalNodes>
        0 -1 38068 1.3799265027046204e-01</internalNodes>
      <leafValues>
        3.0512467492371798e-04 -9.4758981466293335e-01</leafValues></_>
    <_>
      <internalNodes>
        0 -1 38068 1.3698741793632507e-01</internalNodes>
      <leafValues>
        -1.2864529853686690e-03 9.8998832702636719e-01</leafValues></_>
    <_>
      <internalNodes>
        0 -1 38068 1.3631707429885864e-01</internalNodes>
      <leafValues>
        1.2221077922731638e-03 -9.6894049644470215e-01</leafValues></_>
    <_>
      <internalNodes>
        0 -1 38068 1.3315638899803162e-01</internalNodes>
      <leafValues>
        -1.9322317093610764e-03 9.7841316461563110e-01</leafValues></_>
    <_>
      <internalNodes>
        0 -1 38068 1.3247983157634735e-01</internalNodes>
      <leafValues>
        1.2028705095872283e-03 -9.7079068422317505e-01</leafValues></_>
    <_>
      <internalNodes>
        0 -1 38068 1.3759002089500427e-01</internalNodes>
      <leafValues>
        8.5423432756215334e-04 9.0972888469696045e-01</leafValues></_>
    <_>
      <internalNodes>
        0 -1 38068 1.3733282685279846e-01</internalNodes>
      <leafValues>
        3.0954406247474253e-04 -9.4721776247024536e-01</leafValues></_>
    <_>
      <internalNodes>
        0 -1 38068 1.3667827844619751e-01</internalNodes>
      <leafValues>
        -3.6907961475662887e-04 9.9488884210586548e-01</leafValues></_>
    <_>
      <internalNodes>
        0 -1 38068 1.3602373003959656e-01</internalNodes>
      <leafValues>
        3.0326299020089209e-04 -9.6825611591339111e-01</leafValues></_>
    <_>
      <internalNodes>
        0 -1 38068 1.3233226537704468e-01</internalNodes>
      <leafValues>
        -1.4795125462114811e-03 9.8807805776596069e-01</leafValues></_>
    <_>
      <internalNodes>
        0 -1 38068 1.3137155771255493e-01</internalNodes>
      <leafValues>
        7.1101449429988861e-04 -9.7073930501937866e-01</leafValues></_>
    <_>
      <internalNodes>
        0 -1 32259 1.3028213381767273e-01</internalNodes>
      <leafValues>
        -8.0377068370580673e-03 8.5760211944580078e-01</leafValues></_>
    <_>
      <internalNodes>
        0 -1 32259 1.3017511367797852e-01</internalNodes>
      <leafValues>
        8.5947121260687709e-04 -8.8547098636627197e-01</leafValues></_>
    <_>
      <internalNodes>
        0 -1 38068 1.2942242622375488e-01</internalNodes>
      <leafValues>
        4.8852083273231983e-03 9.7630155086517334e-01</leafValues></_>
    <_>
      <internalNodes>
        0 -1 38068 1.2876117229461670e-01</internalNodes>
      <leafValues>
        7.0536229759454727e-04 -9.7061103582382202e-01</leafValues></_>
    <_>
      <internalNodes>
        0 -1 32259 1.2954252958297729e-01</internalNodes>
      <leafValues>
        -6.5211029723286629e-03 9.3792074918746948e-01</leafValues></_>
    <_>
      <internalNodes>
        0 -1 32259 1.2672935426235199e-01</internalNodes>
      <leafValues>
        3.2490422017872334e-03 -9.3819016218185425e-01</leafValues></_>
    <_>
      <internalNodes>
        0 -1 32259 1.2580522894859314e-01</internalNodes>
      <leafValues>
        -1.6417045844718814e-03 9.3984794616699219e-01</leafValues></_>
    <_>
      <internalNodes>
        0 -1 32259 1.2506076693534851e-01</internalNodes>
      <leafValues>
        7.2440563235431910e-04 -9.3265944719314575e-01</leafValues></_>
    <_>
      <internalNodes>
        0 -1 32259 1.2484695017337799e-01</internalNodes>
      <leafValues>
        -2.8938471223227680e-04 9.3905800580978394e-01</leafValues></_>
    <_>
      <internalNodes>
        0 -1 32259 1.2459574639797211e-01</internalNodes>
      <leafValues>
        3.0728609999641776e-04 -9.4009941816329956e-01</leafValues></_>
    <_>
      <internalNodes>
        0 -1 32259 1.2419603765010834e-01</internalNodes>
      <leafValues>
        -3.9375509368255734e-04 9.3934059143066406e-01</leafValues></_>
    <_>
      <internalNodes>
        0 -1 32259 1.2365679442882538e-01</internalNodes>
      <leafValues>
        6.1513925902545452e-04 -9.3408644199371338e-01</leafValues></_>
    <_>
      <internalNodes>
        0 -1 32259 1.2313090264797211e-01</internalNodes>
      <leafValues>
        -8.6984591325744987e-04 9.3895667791366577e-01</leafValues></_>
    <_>
      <internalNodes>
        0 -1 32259 1.2213537096977234e-01</internalNodes>
      <leafValues>
        1.3619883684441447e-03 -9.3613469600677490e-01</leafValues></_>
    <_>
      <internalNodes>
        0 -1 32259 1.2134008854627609e-01</internalNodes>
      <leafValues>
        -7.9035275848582387e-04 9.3889153003692627e-01</leafValues></_>
    <_>
      <internalNodes>
        0 -1 32259 1.2104922533035278e-01</internalNodes>
      <leafValues>
        3.0887284083291888e-04 -9.3063211441040039e-01</leafValues></_>
    <_>
      <internalNodes>
        0 -1 38068 1.2656331062316895e-01</internalNodes>
      <leafValues>
        2.6916824281215668e-03 8.9249825477600098e-01</leafValues></_>
    <_>
      <internalNodes>
        0 -1 38068 1.2648101150989532e-01</internalNodes>
      <leafValues>
        6.9821635261178017e-03 -8.9304888248443604e-01</leafValues></_>
    <_>
      <internalNodes>
        0 -1 32259 1.2078909575939178e-01</internalNodes>
      <leafValues>
        -9.9416160956025124e-03 8.7278294563293457e-01</leafValues></_>
    <_>
      <internalNodes>
        0 -1 19562 1.1129139363765717e-01</internalNodes>
      <leafValues>
        6.3506388105452061e-03 -5.4888939857482910e-01</leafValues></_>
    <_>
      <internalNodes>
        0 -1 26083 1.1235743761062622e-01</internalNodes>
      <leafValues>
        -6.0833548195660114e-03 5.2028179168701172e-01</leafValues></_>
    <_>
      <internalNodes>
        0 -1 31579 1.3894636929035187e-01</internalNodes>
      <leafValues>
        8.1390356644988060e-03 -5.3899466991424561e-01</leafValues></_>
    <_>
      <internalNodes>
        0 -1 31579 1.3585302233695984e-01</internalNodes>
      <leafValues>
        -4.6783182770013809e-03 6.1121070384979248e-01</leafValues></_>
    <_>
      <internalNodes>
        0 -1 18780 1.3754978775978088e-01</internalNodes>
      <leafValues>
        6.4355540089309216e-03 -5.9640991687774658e-01</leafValues></_>
    <_>
      <internalNodes>
        0 -1 11728 1.3909307122230530e-01</internalNodes>
      <leafValues>
        -4.1662175208330154e-03 5.0860321521759033e-01</leafValues></_>
    <_>
      <internalNodes>
        0 -1 11728 1.3612908124923706e-01</internalNodes>
      <leafValues>
        3.6088915076106787e-03 -5.2660191059112549e-01</leafValues></_>
    <_>
      <internalNodes>
        0 -1 18780 1.3084472715854645e-01</internalNodes>
      <leafValues>
        -4.8106159083545208e-03 5.2088040113449097e-01</leafValues></_>
    <_>
      <internalNodes>
        0 -1 18780 1.2566788494586945e-01</internalNodes>
      <leafValues>
        4.7048698179423809e-03 -5.1774287223815918e-01</leafValues></_>
    <_>
      <internalNodes>
        0 -1 11728 1.3417227566242218e-01</internalNodes>
      <leafValues>
        -1.4875374035909772e-03 5.2849882841110229e-01</leafValues></_>
    <_>
      <internalNodes>
        0 -1 11728 1.3191740214824677e-01</internalNodes>
      <leafValues>
        2.9133306816220284e-03 -5.2502584457397461e-01</leafValues></_>
    <_>
      <internalNodes>
        0 -1 18780 1.2070472538471222e-01</internalNodes>
      <leafValues>
        -4.9763633869588375e-03 5.1905965805053711e-01</leafValues></_>
    <_>
      <internalNodes>
        0 -1 18780 1.1954440176486969e-01</internalNodes>
      <leafValues>
        2.7173419948667288e-03 -5.2344304323196411e-01</leafValues></_>
    <_>
      <internalNodes>
        0 -1 18780 1.1172137409448624e-01</internalNodes>
      <leafValues>
        -6.0883485712110996e-03 5.0765144824981689e-01</leafValues></_>
    <_>
      <internalNodes>
        0 -1 18780 1.0610091686248779e-01</internalNodes>
      <leafValues>
        7.1886219084262848e-03 -5.0958603620529175e-01</leafValues></_>
    <_>
      <internalNodes>
        0 -1 18780 1.0304114222526550e-01</internalNodes>
      <leafValues>
        -6.5366090275347233e-03 5.1023852825164795e-01</leafValues></_>
    <_>
      <internalNodes>
        0 -1 18780 9.9303305149078369e-02</internalNodes>
      <leafValues>
        6.6065620630979538e-03 -5.0786679983139038e-01</leafValues></_>
    <_>
      <internalNodes>
        0 -1 11728 9.9575325846672058e-02</internalNodes>
      <leafValues>
        -4.8813116736710072e-03 5.1447254419326782e-01</leafValues></_>
    <_>
      <internalNodes>
        0 -1 4380 1.0295793414115906e-01</internalNodes>
      <leafValues>
        4.7823139466345310e-03 -5.1330685615539551e-01</leafValues></_>
    <_>
      <internalNodes>
        0 -1 4380 1.0472666472196579e-01</internalNodes>
      <leafValues>
        -4.3788929469883442e-03 5.0873595476150513e-01</leafValues></_>
    <_>
      <internalNodes>
        0 -1 4380 1.0680632293224335e-01</internalNodes>
      <leafValues>
        4.3507586233317852e-03 -5.1037734746932983e-01</leafValues></_>
    <_>
      <internalNodes>
        0 -1 4380 1.0653252154588699e-01</internalNodes>
      <leafValues>
        -5.0267945043742657e-03 5.0645077228546143e-01</leafValues></_>
    <_>
      <internalNodes>
        0 -1 4380 1.0460539162158966e-01</internalNodes>
      <leafValues>
        5.7983347214758396e-03 -5.0804889202117920e-01</leafValues></_>
    <_>
      <internalNodes>
        0 -1 4380 1.0139992833137512e-01</internalNodes>
      <leafValues>
        -5.4825181141495705e-03 5.1024705171585083e-01</leafValues></_>
    <_>
      <internalNodes>
        0 -1 4380 1.0001490265130997e-01</internalNodes>
      <leafValues>
        5.3729233331978321e-03 -5.1467496156692505e-01</leafValues></_>
    <_>
      <internalNodes>
        0 -1 4380 9.6909254789352417e-02</internalNodes>
      <leafValues>
        -8.1253983080387115e-03 5.1416224241256714e-01</leafValues></_>
    <_>
      <internalNodes>
        0 -1 4303 -3.4221701323986053e-02</internalNodes>
      <leafValues>
        6.2898337841033936e-02 -2.0641532540321350e-01</leafValues></_>
    <_>
      <internalNodes>
        0 -1 69796 2.9405087698251009e-03</internalNodes>
      <leafValues>
        -2.5714311748743057e-02 4.4681766629219055e-01</leafValues></_>
    <_>
      <internalNodes>
        0 -1 58500 -2.4782843887805939e-02</internalNodes>
      <leafValues>
        2.6836097240447998e-01 -6.3807308673858643e-02</leafValues></_>
    <_>
      <internalNodes>
        0 -1 53708 -3.0122091993689537e-03</internalNodes>
      <leafValues>
        1.6088362038135529e-01 -9.5019124448299408e-02</leafValues></_>
    <_>
      <internalNodes>
        0 -1 71838 -2.8198797255754471e-02</internalNodes>
      <leafValues>
        9.1291718184947968e-02 -1.6233554482460022e-01</leafValues></_>
    <_>
      <internalNodes>
        0 -1 49683 -2.0970554032828659e-05</internalNodes>
      <leafValues>
        1.2715245783329010e-01 -1.1061528325080872e-01</leafValues></_>
    <_>
      <internalNodes>
        0 -1 21738 -8.1686768680810928e-05</internalNodes>
      <leafValues>
        9.6717789769172668e-02 -1.4440336823463440e-01</leafValues></_>
    <_>
      <internalNodes>
        0 -1 25848 8.7562790140509605e-03</internalNodes>
      <leafValues>
        -2.0816922187805176e-02 3.9332136511802673e-01</leafValues></_>
    <_>
      <internalNodes>
        0 -1 39823 -4.3551269918680191e-03</internalNodes>
      <leafValues>
        1.1224924772977829e-01 -1.1315947771072388e-01</leafValues></_>
    <_>
      <internalNodes>
        0 -1 76132 4.3988838791847229e-02</internalNodes>
      <leafValues>
        -2.4730339646339417e-02 8.3655214309692383e-01</leafValues></_>
    <_>
      <internalNodes>
        0 -1 71933 -2.6381522417068481e-02</internalNodes>
      <leafValues>
        2.9783388972282410e-01 -3.7963028997182846e-02</leafValues></_>
    <_>
      <internalNodes>
        0 -1 37304 4.2140327394008636e-02</internalNodes>
      <leafValues>
        -3.0568536370992661e-02 3.9847105741500854e-01</leafValues></_>
    <_>
      <internalNodes>
        0 -1 11563 -4.6956133097410202e-02</internalNodes>
      <leafValues>
        -3.8028818368911743e-01 3.2428309321403503e-02</leafValues></_>
    <_>
      <internalNodes>
        0 -1 56657 -8.8993628742173314e-04</internalNodes>
      <leafValues>
        8.9662507176399231e-02 -1.4219382405281067e-01</leafValues></_>
    <_>
      <internalNodes>
        0 -1 29059 1.1125892400741577e-01</internalNodes>
      <leafValues>
        -3.2164499163627625e-02 3.3113244175910950e-01</leafValues></_>
    <_>
      <internalNodes>
        0 -1 8787 -2.8397308662533760e-02</internalNodes>
      <leafValues>
        1.5538512170314789e-01 -1.1101900786161423e-01</leafValues></_>
    <_>
      <internalNodes>
        0 -1 28088 -7.1971360594034195e-03</internalNodes>
      <leafValues>
        2.2679831087589264e-01 -5.9523373842239380e-02</leafValues></_>
    <_>
      <internalNodes>
        0 -1 1526 -6.5785478800535202e-03</internalNodes>
      <leafValues>
        1.4344382286071777e-01 -1.0478116571903229e-01</leafValues></_></weakClassifiers></stage23>
</opencv_storage>
