<?xml version="1.0"?>
<opencv_storage>
<stage28>
  <maxWeakCount>100</maxWeakCount>
  <stageThreshold>-1.3055408000946045e+00</stageThreshold>
  <weakClassifiers>
    <_>
      <internalNodes>
        0 -1 42435 -1.2209454923868179e-01</internalNodes>
      <leafValues>
        4.5982143282890320e-01 -2.0325202494859695e-03</leafValues></_>
    <_>
      <internalNodes>
        0 -1 46624 3.1107537448406219e-02</internalNodes>
      <leafValues>
        -8.0594979226589203e-02 1.9255095720291138e-01</leafValues></_>
    <_>
      <internalNodes>
        0 -1 76299 9.9405990913510323e-03</internalNodes>
      <leafValues>
        -6.4805477857589722e-02 3.3263379335403442e-01</leafValues></_>
    <_>
      <internalNodes>
        0 -1 35575 -1.5117684006690979e-01</internalNodes>
      <leafValues>
        6.7629563808441162e-01 -3.9446014910936356e-02</leafValues></_>
    <_>
      <internalNodes>
        0 -1 62617 -1.4621634036302567e-02</internalNodes>
      <leafValues>
        1.6747082769870758e-01 -9.6010796725749969e-02</leafValues></_>
    <_>
      <internalNodes>
        0 -1 24873 -1.7408819496631622e-01</internalNodes>
      <leafValues>
        -4.4889444112777710e-01 3.0375365167856216e-02</leafValues></_>
    <_>
      <internalNodes>
        0 -1 31049 -1.3561919331550598e-01</internalNodes>
      <leafValues>
        4.8380196094512939e-01 -2.5812452659010887e-02</leafValues></_>
    <_>
      <internalNodes>
        0 -1 48747 -3.8840327761135995e-05</internalNodes>
      <leafValues>
        1.0725934803485870e-01 -1.4976410567760468e-01</leafValues></_>
    <_>
      <internalNodes>
        0 -1 5715 4.0553030557930470e-03</internalNodes>
      <leafValues>
        -5.7161383330821991e-02 2.4921524524688721e-01</leafValues></_>
    <_>
      <internalNodes>
        0 -1 5751 -6.7020705901086330e-03</internalNodes>
      <leafValues>
        1.6278032958507538e-01 -1.0585355758666992e-01</leafValues></_>
    <_>
      <internalNodes>
        0 -1 45476 1.1402731388807297e-01</internalNodes>
      <leafValues>
        -2.7441678568720818e-02 3.1615623831748962e-01</leafValues></_>
    <_>
      <internalNodes>
        0 -1 58967 1.0564436670392752e-03</internalNodes>
      <leafValues>
        7.5675994157791138e-02 -2.6448687911033630e-01</leafValues></_>
    <_>
      <internalNodes>
        0 -1 31178 -5.3941551595926285e-03</internalNodes>
      <leafValues>
        3.7368795275688171e-01 -5.6926593184471130e-02</leafValues></_>
    <_>
      <internalNodes>
        0 -1 35639 -4.1891700029373169e-01</internalNodes>
      <leafValues>
        -8.3876997232437134e-01 1.6312662512063980e-02</leafValues></_>
    <_>
      <internalNodes>
        0 -1 77986 -1.8889262719312683e-05</internalNodes>
      <leafValues>
        1.0500545799732208e-01 -1.1553096026182175e-01</leafValues></_>
    <_>
      <internalNodes>
        0 -1 11746 2.1788841113448143e-03</internalNodes>
      <leafValues>
        -5.6702382862567902e-02 1.9335483014583588e-01</leafValues></_>
    <_>
      <internalNodes>
        0 -1 6092 -1.4809384010732174e-03</internalNodes>
      <leafValues>
        -1.9730034470558167e-01 5.9760436415672302e-02</leafValues></_>
    <_>
      <internalNodes>
        0 -1 13365 4.6586841344833374e-03</internalNodes>
      <leafValues>
        3.3623255789279938e-02 -3.9431169629096985e-01</leafValues></_>
    <_>
      <internalNodes>
        0 -1 27835 2.4493535980582237e-02</internalNodes>
      <leafValues>
        -3.5511758178472519e-02 3.1066739559173584e-01</leafValues></_>
    <_>
      <internalNodes>
        0 -1 39848 1.0562102543190122e-03</internalNodes>
      <leafValues>
        8.9520037174224854e-02 -1.6446147859096527e-01</leafValues></_>
    <_>
      <internalNodes>
        0 -1 55014 7.6244591036811471e-04</internalNodes>
      <leafValues>
        -8.2910716533660889e-02 1.4556755125522614e-01</leafValues></_>
    <_>
      <internalNodes>
        0 -1 15334 8.5214311257004738e-03</internalNodes>
      <leafValues>
        -7.2466805577278137e-02 1.7931386828422546e-01</leafValues></_>
    <_>
      <internalNodes>
        0 -1 44657 2.3992573551367968e-04</internalNodes>
      <leafValues>
        8.2465089857578278e-02 -1.6938966512680054e-01</leafValues></_>
    <_>
      <internalNodes>
        0 -1 65436 -4.8056868836283684e-03</internalNodes>
      <leafValues>
        4.2293152213096619e-01 -3.9254195988178253e-02</leafValues></_>
    <_>
      <internalNodes>
        0 -1 48699 -1.6429373063147068e-03</internalNodes>
      <leafValues>
        1.2216912209987640e-01 -9.8123192787170410e-02</leafValues></_>
    <_>
      <internalNodes>
        0 -1 51996 2.8978142654523253e-04</internalNodes>
      <leafValues>
        7.8318431973457336e-02 -1.7338429391384125e-01</leafValues></_>
    <_>
      <internalNodes>
        0 -1 38888 -4.8646694049239159e-03</internalNodes>
      <leafValues>
        1.5663863718509674e-01 -8.6474068462848663e-02</leafValues></_>
    <_>
      <internalNodes>
        0 -1 44069 -5.1443144911900163e-04</internalNodes>
      <leafValues>
        -1.7068120837211609e-01 8.0019474029541016e-02</leafValues></_>
    <_>
      <internalNodes>
        0 -1 34603 2.4440583586692810e-01</internalNodes>
      <leafValues>
        1.4415921643376350e-02 -6.9680148363113403e-01</leafValues></_>
    <_>
      <internalNodes>
        0 -1 17914 -3.6160091403871775e-03</internalNodes>
      <leafValues>
        1.3467070460319519e-01 -1.0298265516757965e-01</leafValues></_>
    <_>
      <internalNodes>
        0 -1 56354 4.7503953101113439e-04</internalNodes>
      <leafValues>
        6.5448075532913208e-02 -2.2820717096328735e-01</leafValues></_>
    <_>
      <internalNodes>
        0 -1 50592 5.1814951002597809e-02</internalNodes>
      <leafValues>
        -3.4121442586183548e-02 3.8703614473342896e-01</leafValues></_>
    <_>
      <internalNodes>
        0 -1 43823 -1.4313530409708619e-03</internalNodes>
      <leafValues>
        1.3965781033039093e-01 -9.8684556782245636e-02</leafValues></_>
    <_>
      <internalNodes>
        0 -1 70633 3.3008186146616936e-03</internalNodes>
      <leafValues>
        -9.4703547656536102e-02 1.4938785135746002e-01</leafValues></_>
    <_>
      <internalNodes>
        0 -1 6602 6.4595580101013184e-02</internalNodes>
      <leafValues>
        4.8528611660003662e-02 -2.9268676042556763e-01</leafValues></_>
    <_>
      <internalNodes>
        0 -1 33642 1.7489488527644426e-05</internalNodes>
      <leafValues>
        -1.3575325906276703e-01 1.1340292543172836e-01</leafValues></_>
    <_>
      <internalNodes>
        0 -1 57287 1.3938811421394348e-01</internalNodes>
      <leafValues>
        -1.9232153892517090e-02 5.9645581245422363e-01</leafValues></_>
    <_>
      <internalNodes>
        0 -1 6063 2.8711900813505054e-04</internalNodes>
      <leafValues>
        7.4274547398090363e-02 -1.7821559309959412e-01</leafValues></_>
    <_>
      <internalNodes>
        0 -1 63866 -7.3771104216575623e-03</internalNodes>
      <leafValues>
        4.5423546433448792e-01 -3.2219193875789642e-02</leafValues></_>
    <_>
      <internalNodes>
        0 -1 7300 -1.9397151845623739e-05</internalNodes>
      <leafValues>
        1.1479306221008301e-01 -1.1689931899309158e-01</leafValues></_>
    <_>
      <internalNodes>
        0 -1 7149 2.7783527038991451e-03</internalNodes>
      <leafValues>
        -6.0661405324935913e-02 2.6216155290603638e-01</leafValues></_>
    <_>
      <internalNodes>
        0 -1 77573 4.1571423935238272e-05</internalNodes>
      <leafValues>
        -1.3946639001369476e-01 9.9950797855854034e-02</leafValues></_>
    <_>
      <internalNodes>
        0 -1 78402 -3.8964546547504142e-05</internalNodes>
      <leafValues>
        1.1801587045192719e-01 -1.0860708355903625e-01</leafValues></_>
    <_>
      <internalNodes>
        0 -1 78402 -4.9674045294523239e-04</internalNodes>
      <leafValues>
        -2.0109443366527557e-01 6.8122625350952148e-02</leafValues></_>
    <_>
      <internalNodes>
        0 -1 77557 -7.2467233985662460e-04</internalNodes>
      <leafValues>
        1.2322141230106354e-01 -1.0294765233993530e-01</leafValues></_>
    <_>
      <internalNodes>
        0 -1 77682 3.4983247518539429e-02</internalNodes>
      <leafValues>
        1.7730861902236938e-02 -8.7534433603286743e-01</leafValues></_>
    <_>
      <internalNodes>
        0 -1 78046 -2.4177965242415667e-03</internalNodes>
      <leafValues>
        1.5572538971900940e-01 -8.3335988223552704e-02</leafValues></_>
    <_>
      <internalNodes>
        0 -1 13694 1.3077608309686184e-02</internalNodes>
      <leafValues>
        5.8808945119380951e-02 -2.4426956474781036e-01</leafValues></_>
    <_>
      <internalNodes>
        0 -1 29564 1.3158874213695526e-01</internalNodes>
      <leafValues>
        -2.3588260635733604e-02 5.3555959463119507e-01</leafValues></_>
    <_>
      <internalNodes>
        0 -1 52002 5.7323407381772995e-03</internalNodes>
      <leafValues>
        -6.1168987303972244e-02 2.2386264801025391e-01</leafValues></_>
    <_>
      <internalNodes>
        0 -1 1436 3.3698670449666679e-04</internalNodes>
      <leafValues>
        7.5294859707355499e-02 -1.8019738793373108e-01</leafValues></_>
    <_>
      <internalNodes>
        0 -1 4518 -7.3443003930151463e-04</internalNodes>
      <leafValues>
        1.1066394299268723e-01 -1.2348848581314087e-01</leafValues></_>
    <_>
      <internalNodes>
        0 -1 78355 4.1767167858779430e-03</internalNodes>
      <leafValues>
        -9.8099268972873688e-02 1.2680348753929138e-01</leafValues></_>
    <_>
      <internalNodes>
        0 -1 75805 -7.3441263521090150e-04</internalNodes>
      <leafValues>
        1.0366807132959366e-01 -1.3019779324531555e-01</leafValues></_>
    <_>
      <internalNodes>
        0 -1 78008 4.2842008173465729e-02</internalNodes>
      <leafValues>
        1.9372498616576195e-02 -6.9885301589965820e-01</leafValues></_>
    <_>
      <internalNodes>
        0 -1 6375 -1.3297146558761597e-01</internalNodes>
      <leafValues>
        2.0694839954376221e-01 -6.5636843442916870e-02</leafValues></_>
    <_>
      <internalNodes>
        0 -1 20877 7.4546694755554199e-02</internalNodes>
      <leafValues>
        -4.1259750723838806e-02 3.4028509259223938e-01</leafValues></_>
    <_>
      <internalNodes>
        0 -1 7611 -2.0460751838982105e-03</internalNodes>
      <leafValues>
        1.3148529827594757e-01 -1.0956254601478577e-01</leafValues></_>
    <_>
      <internalNodes>
        0 -1 7611 1.9564490765333176e-02</internalNodes>
      <leafValues>
        -3.4146893769502640e-02 3.5650077462196350e-01</leafValues></_>
    <_>
      <internalNodes>
        0 -1 53866 -4.0275679202750325e-04</internalNodes>
      <leafValues>
        -2.1154317259788513e-01 6.0938987880945206e-02</leafValues></_>
    <_>
      <internalNodes>
        0 -1 35277 -1.8210254609584808e-02</internalNodes>
      <leafValues>
        -2.4090078473091125e-01 5.6060019880533218e-02</leafValues></_>
    <_>
      <internalNodes>
        0 -1 41046 -2.1405518054962158e-02</internalNodes>
      <leafValues>
        2.2828802466392517e-01 -6.1330314725637436e-02</leafValues></_>
    <_>
      <internalNodes>
        0 -1 30359 -8.4241405129432678e-03</internalNodes>
      <leafValues>
        2.2073239088058472e-01 -6.0730949044227600e-02</leafValues></_>
    <_>
      <internalNodes>
        0 -1 67298 3.8425490492954850e-04</internalNodes>
      <leafValues>
        -9.4071477651596069e-02 1.3854375481605530e-01</leafValues></_>
    <_>
      <internalNodes>
        0 -1 51647 -5.3419573232531548e-03</internalNodes>
      <leafValues>
        -4.1708195209503174e-01 3.1330507248640060e-02</leafValues></_>
    <_>
      <internalNodes>
        0 -1 35093 -5.3120270371437073e-02</internalNodes>
      <leafValues>
        -9.3061167001724243e-01 1.1240948922932148e-02</leafValues></_>
    <_>
      <internalNodes>
        0 -1 65708 8.2301604561507702e-04</internalNodes>
      <leafValues>
        4.6040643006563187e-02 -2.5339743494987488e-01</leafValues></_>
    <_>
      <internalNodes>
        0 -1 53903 -5.0758644938468933e-03</internalNodes>
      <leafValues>
        1.4699570834636688e-01 -8.3822265267372131e-02</leafValues></_>
    <_>
      <internalNodes>
        0 -1 43793 5.7196114212274551e-02</internalNodes>
      <leafValues>
        3.4825582057237625e-02 -4.5090612769126892e-01</leafValues></_>
    <_>
      <internalNodes>
        0 -1 18754 -3.3368714153766632e-02</internalNodes>
      <leafValues>
        1.8811629712581635e-01 -7.9232245683670044e-02</leafValues></_>
    <_>
      <internalNodes>
        0 -1 20889 -4.0757404640316963e-03</internalNodes>
      <leafValues>
        -2.4165499210357666e-01 4.9370691180229187e-02</leafValues></_>
    <_>
      <internalNodes>
        0 -1 6151 -1.7016416415572166e-02</internalNodes>
      <leafValues>
        8.0204200744628906e-01 -1.4896554872393608e-02</leafValues></_>
    <_>
      <internalNodes>
        0 -1 44134 -5.2670724689960480e-03</internalNodes>
      <leafValues>
        1.6397076845169067e-01 -7.8595571219921112e-02</leafValues></_>
    <_>
      <internalNodes>
        0 -1 48521 -1.7880555242300034e-03</internalNodes>
      <leafValues>
        -2.4139691889286041e-01 6.5419405698776245e-02</leafValues></_>
    <_>
      <internalNodes>
        0 -1 49524 1.9382498066988774e-05</internalNodes>
      <leafValues>
        -9.6133850514888763e-02 1.3958553969860077e-01</leafValues></_>
    <_>
      <internalNodes>
        0 -1 75174 -3.8060723454691470e-05</internalNodes>
      <leafValues>
        1.1714817583560944e-01 -1.0897851735353470e-01</leafValues></_>
    <_>
      <internalNodes>
        0 -1 75172 1.6894027066882700e-04</internalNodes>
      <leafValues>
        9.0400293469429016e-02 -1.6790299117565155e-01</leafValues></_>
    <_>
      <internalNodes>
        0 -1 75172 -6.8678782554343343e-04</internalNodes>
      <leafValues>
        -2.3820868134498596e-01 5.4336413741111755e-02</leafValues></_>
    <_>
      <internalNodes>
        0 -1 5725 -9.1497050598263741e-03</internalNodes>
      <leafValues>
        -3.4446823596954346e-01 4.0369197726249695e-02</leafValues></_>
    <_>
      <internalNodes>
        0 -1 20281 -1.6837833449244499e-02</internalNodes>
      <leafValues>
        2.7396276593208313e-01 -5.1063925027847290e-02</leafValues></_>
    <_>
      <internalNodes>
        0 -1 65674 1.0972883552312851e-02</internalNodes>
      <leafValues>
        -2.0753737539052963e-02 6.2324351072311401e-01</leafValues></_>
    <_>
      <internalNodes>
        0 -1 67959 4.6555204316973686e-03</internalNodes>
      <leafValues>
        -2.5921313092112541e-02 4.4066983461380005e-01</leafValues></_>
    <_>
      <internalNodes>
        0 -1 12967 -1.9382498066988774e-05</internalNodes>
      <leafValues>
        1.0514499247074127e-01 -1.3138654828071594e-01</leafValues></_>
    <_>
      <internalNodes>
        0 -1 5349 2.1540636662393808e-03</internalNodes>
      <leafValues>
        -7.9141333699226379e-02 1.8060590326786041e-01</leafValues></_>
    <_>
      <internalNodes>
        0 -1 51033 -7.8275665640830994e-02</internalNodes>
      <leafValues>
        5.9753710031509399e-01 -2.1222032606601715e-02</leafValues></_>
    <_>
      <internalNodes>
        0 -1 58597 -3.8602658605668694e-05</internalNodes>
      <leafValues>
        1.2615683674812317e-01 -9.1222301125526428e-02</leafValues></_>
    <_>
      <internalNodes>
        0 -1 76690 1.9523773808032274e-03</internalNodes>
      <leafValues>
        -8.3038032054901123e-02 1.4572854340076447e-01</leafValues></_>
    <_>
      <internalNodes>
        0 -1 76883 6.4679356291890144e-03</internalNodes>
      <leafValues>
        -8.5214018821716309e-02 1.6454891860485077e-01</leafValues></_>
    <_>
      <internalNodes>
        0 -1 74530 -2.9252868145704269e-02</internalNodes>
      <leafValues>
        4.9628481268882751e-01 -2.4687102064490318e-02</leafValues></_>
    <_>
      <internalNodes>
        0 -1 23016 1.1752085760235786e-02</internalNodes>
      <leafValues>
        -5.2730828523635864e-02 2.1789869666099548e-01</leafValues></_>
    <_>
      <internalNodes>
        0 -1 34129 -6.8761925213038921e-03</internalNodes>
      <leafValues>
        -9.3539083003997803e-01 1.2188898399472237e-02</leafValues></_>
    <_>
      <internalNodes>
        0 -1 65752 6.9592744112014771e-03</internalNodes>
      <leafValues>
        1.6054015606641769e-02 -5.9355932474136353e-01</leafValues></_>
    <_>
      <internalNodes>
        0 -1 6072 -5.9607706498354673e-04</internalNodes>
      <leafValues>
        1.1263728141784668e-01 -1.0712099820375443e-01</leafValues></_>
    <_>
      <internalNodes>
        0 -1 791 2.5594844482839108e-03</internalNodes>
      <leafValues>
        -8.4895029664039612e-02 1.4675776660442352e-01</leafValues></_>
    <_>
      <internalNodes>
        0 -1 73336 4.4783325865864754e-03</internalNodes>
      <leafValues>
        -7.0385120809078217e-02 1.6695834696292877e-01</leafValues></_>
    <_>
      <internalNodes>
        0 -1 43809 -4.8450514441356063e-04</internalNodes>
      <leafValues>
        -1.8957068026065826e-01 6.4292371273040771e-02</leafValues></_>
    <_>
      <internalNodes>
        0 -1 31597 6.2246415764093399e-03</internalNodes>
      <leafValues>
        -4.0605001151561737e-02 3.2259666919708252e-01</leafValues></_>
    <_>
      <internalNodes>
        0 -1 22520 -3.7792668445035815e-04</internalNodes>
      <leafValues>
        9.2181004583835602e-02 -1.5158921480178833e-01</leafValues></_>
    <_>
      <internalNodes>
        0 -1 14880 -8.7767757475376129e-02</internalNodes>
      <leafValues>
        -5.6009066104888916e-01 2.0054180175065994e-02</leafValues></_>
    <_>
      <internalNodes>
        0 -1 14612 2.0651961676776409e-05</internalNodes>
      <leafValues>
        -1.0720244050025940e-01 1.0633504390716553e-01</leafValues></_></weakClassifiers></stage28>
</opencv_storage>
