<?xml version="1.0"?>
<opencv_storage>
<stage34>
  <maxWeakCount>100</maxWeakCount>
  <stageThreshold>-5.0586533546447754e-01</stageThreshold>
  <weakClassifiers>
    <_>
      <internalNodes>
        0 -1 37850 3.3561002463102341e-02</internalNodes>
      <leafValues>
        9.1984234750270844e-03 4.8314607143402100e-01</leafValues></_>
    <_>
      <internalNodes>
        0 -1 37850 3.3293675631284714e-02</internalNodes>
      <leafValues>
        9.9594483617693186e-04 -1.</leafValues></_>
    <_>
      <internalNodes>
        0 -1 37850 3.3156402409076691e-02</internalNodes>
      <leafValues>
        -6.5146549604833126e-04 1.</leafValues></_>
    <_>
      <internalNodes>
        0 -1 37850 3.2850183546543121e-02</internalNodes>
      <leafValues>
        9.9767197389155626e-04 -1.</leafValues></_>
    <_>
      <internalNodes>
        0 -1 37850 3.2581329345703125e-02</internalNodes>
      <leafValues>
        -9.7879243548959494e-04 1.</leafValues></_>
    <_>
      <internalNodes>
        0 -1 37850 3.2461464405059814e-02</internalNodes>
      <leafValues>
        6.6622218582779169e-04 -1.</leafValues></_>
    <_>
      <internalNodes>
        0 -1 37850 3.2355926930904388e-02</internalNodes>
      <leafValues>
        -6.5359467407688498e-04 1.</leafValues></_>
    <_>
      <internalNodes>
        0 -1 37850 3.2224863767623901e-02</internalNodes>
      <leafValues>
        6.6711130784824491e-04 -1.</leafValues></_>
    <_>
      <internalNodes>
        0 -1 37850 3.2140664756298065e-02</internalNodes>
      <leafValues>
        -3.2711800304241478e-04 1.</leafValues></_>
    <_>
      <internalNodes>
        0 -1 37850 3.2023251056671143e-02</internalNodes>
      <leafValues>
        3.3388979500159621e-04 -1.</leafValues></_>
    <_>
      <internalNodes>
        0 -1 37850 3.1877771019935608e-02</internalNodes>
      <leafValues>
        -6.5487885149195790e-04 1.</leafValues></_>
    <_>
      <internalNodes>
        0 -1 37850 3.1508378684520721e-02</internalNodes>
      <leafValues>
        6.6844909451901913e-04 -1.</leafValues></_>
    <_>
      <internalNodes>
        0 -1 37850 3.1309299170970917e-02</internalNodes>
      <leafValues>
        -6.5573758911341429e-04 1.</leafValues></_>
    <_>
      <internalNodes>
        0 -1 37850 3.1240168958902359e-02</internalNodes>
      <leafValues>
        3.3455996890552342e-04 -1.</leafValues></_>
    <_>
      <internalNodes>
        0 -1 37850 3.1178193166851997e-02</internalNodes>
      <leafValues>
        -3.2819164334796369e-04 1.</leafValues></_>
    <_>
      <internalNodes>
        0 -1 37850 3.1029995530843735e-02</internalNodes>
      <leafValues>
        3.3478403929620981e-04 -1.</leafValues></_>
    <_>
      <internalNodes>
        0 -1 37850 3.0894227325916290e-02</internalNodes>
      <leafValues>
        -3.2840721542015672e-04 1.</leafValues></_>
    <_>
      <internalNodes>
        0 -1 37850 3.0836531892418861e-02</internalNodes>
      <leafValues>
        3.3500837162137032e-04 -1.</leafValues></_>
    <_>
      <internalNodes>
        0 -1 37850 3.0787903815507889e-02</internalNodes>
      <leafValues>
        -3.2862304942682385e-04 1.</leafValues></_>
    <_>
      <internalNodes>
        0 -1 52335 -1.6882624477148056e-03</internalNodes>
      <leafValues>
        -2.8646257519721985e-01 4.5610826462507248e-02</leafValues></_>
    <_>
      <internalNodes>
        0 -1 37850 3.0727945268154144e-02</internalNodes>
      <leafValues>
        1.9893615972250700e-03 -8.5310864448547363e-01</leafValues></_>
    <_>
      <internalNodes>
        0 -1 37850 3.0684409663081169e-02</internalNodes>
      <leafValues>
        -4.4038498890586197e-04 1.</leafValues></_>
    <_>
      <internalNodes>
        0 -1 37850 3.0551280826330185e-02</internalNodes>
      <leafValues>
        7.0871115894988179e-04 -1.</leafValues></_>
    <_>
      <internalNodes>
        0 -1 37850 3.0367746949195862e-02</internalNodes>
      <leafValues>
        -6.3257687725126743e-04 1.</leafValues></_>
    <_>
      <internalNodes>
        0 -1 37850 3.0042773112654686e-02</internalNodes>
      <leafValues>
        1.3199680252000690e-03 -1.</leafValues></_>
    <_>
      <internalNodes>
        0 -1 37850 2.9898870736360550e-02</internalNodes>
      <leafValues>
        -3.1658812076784670e-04 1.</leafValues></_>
    <_>
      <internalNodes>
        0 -1 37850 2.9672784730792046e-02</internalNodes>
      <leafValues>
        7.1159459184855223e-04 -1.</leafValues></_>
    <_>
      <internalNodes>
        0 -1 37850 2.8726164251565933e-02</internalNodes>
      <leafValues>
        -2.9969147872179747e-03 9.8437279462814331e-01</leafValues></_>
    <_>
      <internalNodes>
        0 -1 37850 2.7579631656408310e-02</internalNodes>
      <leafValues>
        4.5382613316178322e-03 -9.8321950435638428e-01</leafValues></_>
    <_>
      <internalNodes>
        0 -1 37850 2.7553997933864594e-02</internalNodes>
      <leafValues>
        -3.1975444289855659e-04 9.8456472158432007e-01</leafValues></_>
    <_>
      <internalNodes>
        0 -1 37850 2.7516391128301620e-02</internalNodes>
      <leafValues>
        3.6065676249563694e-04 -9.8323023319244385e-01</leafValues></_>
    <_>
      <internalNodes>
        0 -1 37850 2.7461363002657890e-02</internalNodes>
      <leafValues>
        -6.4018537523224950e-04 9.8459416627883911e-01</leafValues></_>
    <_>
      <internalNodes>
        0 -1 37850 2.7410518378019333e-02</internalNodes>
      <leafValues>
        3.6091700894758105e-04 -9.8335385322570801e-01</leafValues></_>
    <_>
      <internalNodes>
        0 -1 37850 2.7357582002878189e-02</internalNodes>
      <leafValues>
        -3.2040034420788288e-04 9.8459130525588989e-01</leafValues></_>
    <_>
      <internalNodes>
        0 -1 37850 2.7214491739869118e-02</internalNodes>
      <leafValues>
        6.2046007951721549e-04 -9.8352694511413574e-01</leafValues></_>
    <_>
      <internalNodes>
        0 -1 37850 2.7130940929055214e-02</internalNodes>
      <leafValues>
        -7.6782691758126020e-04 9.8464232683181763e-01</leafValues></_>
    <_>
      <internalNodes>
        0 -1 37850 2.7079276740550995e-02</internalNodes>
      <leafValues>
        3.6162629839964211e-04 -9.8374682664871216e-01</leafValues></_>
    <_>
      <internalNodes>
        0 -1 37850 2.7046374976634979e-02</internalNodes>
      <leafValues>
        -3.2109866151586175e-04 9.8464977741241455e-01</leafValues></_>
    <_>
      <internalNodes>
        0 -1 37850 2.6973932981491089e-02</internalNodes>
      <leafValues>
        3.6188817466609180e-04 -9.8384988307952881e-01</leafValues></_>
    <_>
      <internalNodes>
        0 -1 37850 2.6678305119276047e-02</internalNodes>
      <leafValues>
        -6.4281659433618188e-04 9.8469460010528564e-01</leafValues></_>
    <_>
      <internalNodes>
        0 -1 37850 2.6539102196693420e-02</internalNodes>
      <leafValues>
        3.6215022555552423e-04 -9.8394995927810669e-01</leafValues></_>
    <_>
      <internalNodes>
        0 -1 37850 2.6449520140886307e-02</internalNodes>
      <leafValues>
        -6.4364407444372773e-04 9.8474079370498657e-01</leafValues></_>
    <_>
      <internalNodes>
        0 -1 37850 2.6261446997523308e-02</internalNodes>
      <leafValues>
        7.2508829180151224e-04 -9.8411887884140015e-01</leafValues></_>
    <_>
      <internalNodes>
        0 -1 37850 2.6064377278089523e-02</internalNodes>
      <leafValues>
        -1.2897785054519773e-03 9.8485785722732544e-01</leafValues></_>
    <_>
      <internalNodes>
        0 -1 37850 2.6032019406557083e-02</internalNodes>
      <leafValues>
        7.2614068631082773e-04 -9.8428297042846680e-01</leafValues></_>
    <_>
      <internalNodes>
        0 -1 37850 2.5878319516777992e-02</internalNodes>
      <leafValues>
        -9.6952216699719429e-04 9.8494124412536621e-01</leafValues></_>
    <_>
      <internalNodes>
        0 -1 37850 2.5836367160081863e-02</internalNodes>
      <leafValues>
        3.6346630076877773e-04 -9.8437279462814331e-01</leafValues></_>
    <_>
      <internalNodes>
        0 -1 37850 2.5757588446140289e-02</internalNodes>
      <leafValues>
        -6.4739427762106061e-04 9.8499071598052979e-01</leafValues></_>
    <_>
      <internalNodes>
        0 -1 37850 2.5685682892799377e-02</internalNodes>
      <leafValues>
        6.2484719092026353e-04 -9.8450934886932373e-01</leafValues></_>
    <_>
      <internalNodes>
        0 -1 37850 2.4921601638197899e-02</internalNodes>
      <leafValues>
        -2.3877501953393221e-03 9.7231960296630859e-01</leafValues></_>
    <_>
      <internalNodes>
        0 -1 37850 2.4547884240746498e-02</internalNodes>
      <leafValues>
        1.8272039014846087e-03 -9.8476034402847290e-01</leafValues></_>
    <_>
      <internalNodes>
        0 -1 37850 2.4218857288360596e-02</internalNodes>
      <leafValues>
        -1.3061120407655835e-03 9.7652202844619751e-01</leafValues></_>
    <_>
      <internalNodes>
        0 -1 37850 2.4071466177701950e-02</internalNodes>
      <leafValues>
        3.6624399945139885e-04 -9.8475933074951172e-01</leafValues></_>
    <_>
      <internalNodes>
        0 -1 37850 2.3980841040611267e-02</internalNodes>
      <leafValues>
        -6.5433897543698549e-04 9.7699737548828125e-01</leafValues></_>
    <_>
      <internalNodes>
        0 -1 37850 2.3895949125289917e-02</internalNodes>
      <leafValues>
        3.6651309346780181e-04 -8.9559221267700195e-01</leafValues></_>
    <_>
      <internalNodes>
        0 -1 37850 2.3395586758852005e-02</internalNodes>
      <leafValues>
        -1.7964141443371773e-03 7.0814847946166992e-01</leafValues></_>
    <_>
      <internalNodes>
        0 -1 6437 -2.6165917515754700e-03</internalNodes>
      <leafValues>
        -3.2271918654441833e-01 3.3745575696229935e-02</leafValues></_>
    <_>
      <internalNodes>
        0 -1 52330 4.7362805344164371e-04</internalNodes>
      <leafValues>
        6.9843880832195282e-02 -2.1297609806060791e-01</leafValues></_>
    <_>
      <internalNodes>
        0 -1 37850 2.3354090750217438e-02</internalNodes>
      <leafValues>
        3.5898273345082998e-03 -5.7306385040283203e-01</leafValues></_>
    <_>
      <internalNodes>
        0 -1 37850 2.3247487843036652e-02</internalNodes>
      <leafValues>
        2.1326111629605293e-02 7.3421764373779297e-01</leafValues></_>
    <_>
      <internalNodes>
        0 -1 37850 2.3226559162139893e-02</internalNodes>
      <leafValues>
        -1.4243897050619125e-02 -6.7353481054306030e-01</leafValues></_>
    <_>
      <internalNodes>
        0 -1 37850 2.3639485239982605e-02</internalNodes>
      <leafValues>
        1.4964262954890728e-02 7.0664513111114502e-01</leafValues></_>
    <_>
      <internalNodes>
        0 -1 37850 2.3602111265063286e-02</internalNodes>
      <leafValues>
        -1.2929815798997879e-02 -7.6907169818878174e-01</leafValues></_>
    <_>
      <internalNodes>
        0 -1 37850 2.3181907832622528e-02</internalNodes>
      <leafValues>
        1.2344980612397194e-02 7.3796230554580688e-01</leafValues></_>
    <_>
      <internalNodes>
        0 -1 37850 2.3148365318775177e-02</internalNodes>
      <leafValues>
        -1.4258666895329952e-02 -6.7519026994705200e-01</leafValues></_>
    <_>
      <internalNodes>
        0 -1 37850 2.3033510893583298e-02</internalNodes>
      <leafValues>
        1.3962520286440849e-02 7.0525097846984863e-01</leafValues></_>
    <_>
      <internalNodes>
        0 -1 37850 2.2738084197044373e-02</internalNodes>
      <leafValues>
        -1.3953062705695629e-02 -7.7616268396377563e-01</leafValues></_>
    <_>
      <internalNodes>
        0 -1 37850 2.2657241672277451e-02</internalNodes>
      <leafValues>
        1.3443599455058575e-02 7.4542397260665894e-01</leafValues></_>
    <_>
      <internalNodes>
        0 -1 37850 2.2734429687261581e-02</internalNodes>
      <leafValues>
        -1.4439243823289871e-02 -6.7711478471755981e-01</leafValues></_>
    <_>
      <internalNodes>
        0 -1 37850 2.2881081327795982e-02</internalNodes>
      <leafValues>
        1.4439050108194351e-02 7.0409214496612549e-01</leafValues></_>
    <_>
      <internalNodes>
        0 -1 37850 2.2824127227067947e-02</internalNodes>
      <leafValues>
        -1.4439050108194351e-02 -6.9051182270050049e-01</leafValues></_>
    <_>
      <internalNodes>
        0 -1 37850 2.2881081327795982e-02</internalNodes>
      <leafValues>
        1.4439050108194351e-02 6.1443614959716797e-01</leafValues></_>
    <_>
      <internalNodes>
        0 -1 37850 2.3130320012569427e-02</internalNodes>
      <leafValues>
        -1.4595087617635727e-02 -6.4718812704086304e-01</leafValues></_>
    <_>
      <internalNodes>
        0 -1 37850 2.3051556199789047e-02</internalNodes>
      <leafValues>
        1.4194304123520851e-02 7.1633321046829224e-01</leafValues></_>
    <_>
      <internalNodes>
        0 -1 37850 2.2824127227067947e-02</internalNodes>
      <leafValues>
        -1.4038347639143467e-02 -6.8678295612335205e-01</leafValues></_>
    <_>
      <internalNodes>
        0 -1 37850 2.2899128496646881e-02</internalNodes>
      <leafValues>
        1.4439131133258343e-02 6.1602675914764404e-01</leafValues></_>
    <_>
      <internalNodes>
        0 -1 37850 2.2824127227067947e-02</internalNodes>
      <leafValues>
        -1.4439050108194351e-02 -6.4755982160568237e-01</leafValues></_>
    <_>
      <internalNodes>
        0 -1 37850 2.2899128496646881e-02</internalNodes>
      <leafValues>
        1.4439050108194351e-02 7.1790742874145508e-01</leafValues></_>
    <_>
      <internalNodes>
        0 -1 37850 2.2824127227067947e-02</internalNodes>
      <leafValues>
        -1.4439050108194351e-02 -6.8656700849533081e-01</leafValues></_>
    <_>
      <internalNodes>
        0 -1 37850 2.2899128496646881e-02</internalNodes>
      <leafValues>
        1.4439050108194351e-02 6.1614626646041870e-01</leafValues></_>
    <_>
      <internalNodes>
        0 -1 37850 2.2824127227067947e-02</internalNodes>
      <leafValues>
        -1.4439050108194351e-02 -6.4751732349395752e-01</leafValues></_>
    <_>
      <internalNodes>
        0 -1 37850 2.2899128496646881e-02</internalNodes>
      <leafValues>
        1.4439050108194351e-02 7.1792227029800415e-01</leafValues></_>
    <_>
      <internalNodes>
        0 -1 37850 2.2824127227067947e-02</internalNodes>
      <leafValues>
        -1.4439050108194351e-02 -6.8655866384506226e-01</leafValues></_>
    <_>
      <internalNodes>
        0 -1 37850 2.2899128496646881e-02</internalNodes>
      <leafValues>
        1.4439050108194351e-02 6.1615091562271118e-01</leafValues></_>
    <_>
      <internalNodes>
        0 -1 37850 2.2824127227067947e-02</internalNodes>
      <leafValues>
        -1.4439050108194351e-02 -6.4751571416854858e-01</leafValues></_>
    <_>
      <internalNodes>
        0 -1 37850 2.2899128496646881e-02</internalNodes>
      <leafValues>
        1.4439050108194351e-02 7.1792286634445190e-01</leafValues></_>
    <_>
      <internalNodes>
        0 -1 37850 2.2824127227067947e-02</internalNodes>
      <leafValues>
        -1.4439050108194351e-02 -6.8655836582183838e-01</leafValues></_>
    <_>
      <internalNodes>
        0 -1 37850 2.2899128496646881e-02</internalNodes>
      <leafValues>
        1.4439050108194351e-02 6.1615109443664551e-01</leafValues></_>
    <_>
      <internalNodes>
        0 -1 37850 2.2824127227067947e-02</internalNodes>
      <leafValues>
        -1.4439050108194351e-02 -6.4751565456390381e-01</leafValues></_>
    <_>
      <internalNodes>
        0 -1 37850 2.2899128496646881e-02</internalNodes>
      <leafValues>
        1.4439050108194351e-02 7.1792286634445190e-01</leafValues></_>
    <_>
      <internalNodes>
        0 -1 37850 2.2824127227067947e-02</internalNodes>
      <leafValues>
        -1.4439050108194351e-02 -6.8655836582183838e-01</leafValues></_>
    <_>
      <internalNodes>
        0 -1 37850 2.2899128496646881e-02</internalNodes>
      <leafValues>
        1.4439050108194351e-02 6.1615109443664551e-01</leafValues></_>
    <_>
      <internalNodes>
        0 -1 37850 2.2824127227067947e-02</internalNodes>
      <leafValues>
        -1.4439050108194351e-02 -6.4751565456390381e-01</leafValues></_>
    <_>
      <internalNodes>
        0 -1 37850 2.2899128496646881e-02</internalNodes>
      <leafValues>
        1.4439050108194351e-02 7.1792286634445190e-01</leafValues></_>
    <_>
      <internalNodes>
        0 -1 37850 2.2824127227067947e-02</internalNodes>
      <leafValues>
        -1.4439050108194351e-02 -6.8655836582183838e-01</leafValues></_>
    <_>
      <internalNodes>
        0 -1 37850 2.2899128496646881e-02</internalNodes>
      <leafValues>
        1.4439050108194351e-02 6.1615109443664551e-01</leafValues></_>
    <_>
      <internalNodes>
        0 -1 37850 2.2824127227067947e-02</internalNodes>
      <leafValues>
        -1.4439050108194351e-02 -6.4751565456390381e-01</leafValues></_>
    <_>
      <internalNodes>
        0 -1 37850 2.2899128496646881e-02</internalNodes>
      <leafValues>
        1.4439050108194351e-02 7.1792286634445190e-01</leafValues></_>
    <_>
      <internalNodes>
        0 -1 37850 2.2824127227067947e-02</internalNodes>
      <leafValues>
        -1.4439050108194351e-02 -6.8655836582183838e-01</leafValues></_>
    <_>
      <internalNodes>
        0 -1 37850 2.2899128496646881e-02</internalNodes>
      <leafValues>
        1.4439050108194351e-02 6.1615109443664551e-01</leafValues></_></weakClassifiers></stage34>
</opencv_storage>
