<?xml version="1.0"?>
<opencv_storage>
<stage22>
  <maxWeakCount>100</maxWeakCount>
  <stageThreshold>-1.0379449129104614e+00</stageThreshold>
  <weakClassifiers>
    <_>
      <internalNodes>
        0 -1 17477 2.6863899081945419e-02</internalNodes>
      <leafValues>
        -1.6494054347276688e-02 3.0643126368522644e-01</leafValues></_>
    <_>
      <internalNodes>
        0 -1 47920 9.7200441814493388e-05</internalNodes>
      <leafValues>
        1.0829008370637894e-01 -1.4486351609230042e-01</leafValues></_>
    <_>
      <internalNodes>
        0 -1 7633 -1.4714587479829788e-02</internalNodes>
      <leafValues>
        -3.9880156517028809e-01 3.4013736993074417e-02</leafValues></_>
    <_>
      <internalNodes>
        0 -1 5317 -4.6677590580657125e-04</internalNodes>
      <leafValues>
        1.2861683964729309e-01 -1.1244972050189972e-01</leafValues></_>
    <_>
      <internalNodes>
        0 -1 3763 1.4638729393482208e-02</internalNodes>
      <leafValues>
        -7.9007089138031006e-02 2.2800326347351074e-01</leafValues></_>
    <_>
      <internalNodes>
        0 -1 36568 1.8170233815908432e-02</internalNodes>
      <leafValues>
        -3.2547783106565475e-02 3.4279707074165344e-01</leafValues></_>
    <_>
      <internalNodes>
        0 -1 52000 2.3211613297462463e-03</internalNodes>
      <leafValues>
        -7.9766631126403809e-02 2.4629473686218262e-01</leafValues></_>
    <_>
      <internalNodes>
        0 -1 48018 3.4390450455248356e-03</internalNodes>
      <leafValues>
        9.4484530389308929e-02 -1.6912445425987244e-01</leafValues></_>
    <_>
      <internalNodes>
        0 -1 52332 -2.4902916629798710e-04</internalNodes>
      <leafValues>
        -1.6211494803428650e-01 8.6020313203334808e-02</leafValues></_>
    <_>
      <internalNodes>
        0 -1 52332 2.4998682783916593e-04</internalNodes>
      <leafValues>
        8.0743916332721710e-02 -2.0654147863388062e-01</leafValues></_>
    <_>
      <internalNodes>
        0 -1 3893 -3.0479603447020054e-03</internalNodes>
      <leafValues>
        1.8809518218040466e-01 -7.6308257877826691e-02</leafValues></_>
    <_>
      <internalNodes>
        0 -1 56644 4.0527405217289925e-03</internalNodes>
      <leafValues>
        -4.4656082987785339e-02 3.2142573595046997e-01</leafValues></_>
    <_>
      <internalNodes>
        0 -1 37713 1.2220424413681030e-01</internalNodes>
      <leafValues>
        -5.1486849784851074e-02 2.6268616318702698e-01</leafValues></_>
    <_>
      <internalNodes>
        0 -1 41992 -4.7509379684925079e-02</internalNodes>
      <leafValues>
        1.7093913257122040e-01 -8.4578722715377808e-02</leafValues></_>
    <_>
      <internalNodes>
        0 -1 8953 2.2985011339187622e-02</internalNodes>
      <leafValues>
        -1.2083298712968826e-01 1.2708041071891785e-01</leafValues></_>
    <_>
      <internalNodes>
        0 -1 46454 -2.7109943330287933e-03</internalNodes>
      <leafValues>
        1.8597072362899780e-01 -7.5509622693061829e-02</leafValues></_>
    <_>
      <internalNodes>
        0 -1 59959 3.2052583992481232e-04</internalNodes>
      <leafValues>
        7.3173478245735168e-02 -1.7715094983577728e-01</leafValues></_>
    <_>
      <internalNodes>
        0 -1 53209 -1.8857096438296139e-04</internalNodes>
      <leafValues>
        1.4168523252010345e-01 -8.8111832737922668e-02</leafValues></_>
    <_>
      <internalNodes>
        0 -1 74744 1.1294327676296234e-02</internalNodes>
      <leafValues>
        6.0217700898647308e-02 -2.0940689742565155e-01</leafValues></_>
    <_>
      <internalNodes>
        0 -1 27650 -6.8468309938907623e-02</internalNodes>
      <leafValues>
        3.1356337666511536e-01 -4.6272080391645432e-02</leafValues></_>
    <_>
      <internalNodes>
        0 -1 39336 7.3375226929783821e-04</internalNodes>
      <leafValues>
        -1.4391618967056274e-01 1.3462908565998077e-01</leafValues></_>
    <_>
      <internalNodes>
        0 -1 49192 4.9400853458791971e-04</internalNodes>
      <leafValues>
        7.6491191983222961e-02 -1.8032820522785187e-01</leafValues></_>
    <_>
      <internalNodes>
        0 -1 26174 -2.8898336458951235e-03</internalNodes>
      <leafValues>
        -2.6348054409027100e-01 5.3422108292579651e-02</leafValues></_>
    <_>
      <internalNodes>
        0 -1 35731 7.1893082931637764e-03</internalNodes>
      <leafValues>
        -7.9741515219211578e-02 1.6330182552337646e-01</leafValues></_>
    <_>
      <internalNodes>
        0 -1 49898 1.0474141454324126e-03</internalNodes>
      <leafValues>
        -1.1930421739816666e-01 1.0711821168661118e-01</leafValues></_>
    <_>
      <internalNodes>
        0 -1 68124 -2.2841472178697586e-02</internalNodes>
      <leafValues>
        -9.2417204380035400e-01 1.7894089221954346e-02</leafValues></_>
    <_>
      <internalNodes>
        0 -1 443 2.0349516125861555e-04</internalNodes>
      <leafValues>
        -1.2108083069324493e-01 9.6988551318645477e-02</leafValues></_>
    <_>
      <internalNodes>
        0 -1 44460 -8.1844599917531013e-03</internalNodes>
      <leafValues>
        1.9306899607181549e-01 -5.9619683772325516e-02</leafValues></_>
    <_>
      <internalNodes>
        0 -1 7486 -5.9672752395272255e-03</internalNodes>
      <leafValues>
        1.0967195034027100e-01 -1.2266307324171066e-01</leafValues></_>
    <_>
      <internalNodes>
        0 -1 68414 -6.0594109818339348e-03</internalNodes>
      <leafValues>
        1.7308473587036133e-01 -8.5461169481277466e-02</leafValues></_>
    <_>
      <internalNodes>
        0 -1 71566 2.1699203178286552e-02</internalNodes>
      <leafValues>
        -9.0694956481456757e-02 1.5011721849441528e-01</leafValues></_>
    <_>
      <internalNodes>
        0 -1 54161 -3.3573359251022339e-03</internalNodes>
      <leafValues>
        1.6590571403503418e-01 -8.5646905004978180e-02</leafValues></_>
    <_>
      <internalNodes>
        0 -1 68340 2.4588854284957051e-04</internalNodes>
      <leafValues>
        8.7500631809234619e-02 -1.6141037642955780e-01</leafValues></_>
    <_>
      <internalNodes>
        0 -1 20569 -6.4570792019367218e-03</internalNodes>
      <leafValues>
        1.7450621724128723e-01 -8.4630765020847321e-02</leafValues></_>
    <_>
      <internalNodes>
        0 -1 78188 -3.0709838028997183e-03</internalNodes>
      <leafValues>
        -3.3766937255859375e-01 4.0105991065502167e-02</leafValues></_>
    <_>
      <internalNodes>
        0 -1 71071 -7.6601826585829258e-03</internalNodes>
      <leafValues>
        3.0931851267814636e-01 -4.5644100755453110e-02</leafValues></_>
    <_>
      <internalNodes>
        0 -1 78020 -8.6175918113440275e-04</internalNodes>
      <leafValues>
        1.2129873782396317e-01 -1.0005841404199600e-01</leafValues></_>
    <_>
      <internalNodes>
        0 -1 45116 -1.9045395310968161e-03</internalNodes>
      <leafValues>
        1.0164281725883484e-01 -1.2004388123750687e-01</leafValues></_>
    <_>
      <internalNodes>
        0 -1 62259 3.6621175240725279e-04</internalNodes>
      <leafValues>
        -1.0864544659852982e-01 1.2286148220300674e-01</leafValues></_>
    <_>
      <internalNodes>
        0 -1 2 -6.2418403103947639e-04</internalNodes>
      <leafValues>
        -2.2568264603614807e-01 6.3169740140438080e-02</leafValues></_>
    <_>
      <internalNodes>
        0 -1 38056 -9.5607340335845947e-02</internalNodes>
      <leafValues>
        5.4063248634338379e-01 -2.5449559092521667e-02</leafValues></_>
    <_>
      <internalNodes>
        0 -1 13063 -5.7366680353879929e-02</internalNodes>
      <leafValues>
        -7.6108342409133911e-01 1.8208118155598640e-02</leafValues></_>
    <_>
      <internalNodes>
        0 -1 76881 -4.2572271078824997e-02</internalNodes>
      <leafValues>
        5.0333839654922485e-01 -2.7099817991256714e-02</leafValues></_>
    <_>
      <internalNodes>
        0 -1 75322 -1.4938894892111421e-03</internalNodes>
      <leafValues>
        1.5998753905296326e-01 -7.8990183770656586e-02</leafValues></_>
    <_>
      <internalNodes>
        0 -1 5715 4.2445305734872818e-03</internalNodes>
      <leafValues>
        -5.9495292603969574e-02 2.0455226302146912e-01</leafValues></_>
    <_>
      <internalNodes>
        0 -1 28846 5.4453007876873016e-02</internalNodes>
      <leafValues>
        -5.3367864340543747e-02 2.4478703737258911e-01</leafValues></_>
    <_>
      <internalNodes>
        0 -1 73477 2.0641991868615150e-03</internalNodes>
      <leafValues>
        5.2100311964750290e-02 -2.3441644012928009e-01</leafValues></_>
    <_>
      <internalNodes>
        0 -1 78436 -8.5651059634983540e-05</internalNodes>
      <leafValues>
        1.1634466797113419e-01 -1.0760437697172165e-01</leafValues></_>
    <_>
      <internalNodes>
        0 -1 73344 2.8719143010675907e-03</internalNodes>
      <leafValues>
        -8.4765590727329254e-02 1.3450914621353149e-01</leafValues></_>
    <_>
      <internalNodes>
        0 -1 77340 -2.9936082661151886e-02</internalNodes>
      <leafValues>
        -4.2552334070205688e-01 2.4660956114530563e-02</leafValues></_>
    <_>
      <internalNodes>
        0 -1 6420 -1.5995698049664497e-03</internalNodes>
      <leafValues>
        1.0540322959423065e-01 -1.1539171636104584e-01</leafValues></_>
    <_>
      <internalNodes>
        0 -1 6391 -2.1951197413727641e-04</internalNodes>
      <leafValues>
        1.2755264341831207e-01 -1.1473635584115982e-01</leafValues></_>
    <_>
      <internalNodes>
        0 -1 76037 -7.8766457736492157e-03</internalNodes>
      <leafValues>
        4.0658873319625854e-01 -2.9511788859963417e-02</leafValues></_>
    <_>
      <internalNodes>
        0 -1 12998 -4.7242846339941025e-03</internalNodes>
      <leafValues>
        -1.7251285910606384e-01 7.3249243199825287e-02</leafValues></_>
    <_>
      <internalNodes>
        0 -1 19989 9.2173606390133500e-04</internalNodes>
      <leafValues>
        8.4623835980892181e-02 -1.6904368996620178e-01</leafValues></_>
    <_>
      <internalNodes>
        0 -1 77756 -2.0593404769897461e-02</internalNodes>
      <leafValues>
        -8.3273500204086304e-01 1.4326601289212704e-02</leafValues></_>
    <_>
      <internalNodes>
        0 -1 70073 2.6411812752485275e-02</internalNodes>
      <leafValues>
        2.4774111807346344e-02 -4.1767573356628418e-01</leafValues></_>
    <_>
      <internalNodes>
        0 -1 74001 -1.0360253509134054e-03</internalNodes>
      <leafValues>
        1.5329058468341827e-01 -8.5568442940711975e-02</leafValues></_>
    <_>
      <internalNodes>
        0 -1 10853 -9.1485798358917236e-02</internalNodes>
      <leafValues>
        7.5018733739852905e-01 -1.5210138633847237e-02</leafValues></_>
    <_>
      <internalNodes>
        0 -1 6371 4.8738298937678337e-03</internalNodes>
      <leafValues>
        -7.4187368154525757e-02 1.6262279450893402e-01</leafValues></_>
    <_>
      <internalNodes>
        0 -1 78362 -1.2475923635065556e-02</internalNodes>
      <leafValues>
        -3.7713432312011719e-01 3.3070500940084457e-02</leafValues></_>
    <_>
      <internalNodes>
        0 -1 34192 3.9558988646604121e-05</internalNodes>
      <leafValues>
        -1.0570912063121796e-01 1.2448095530271530e-01</leafValues></_>
    <_>
      <internalNodes>
        0 -1 17860 1.9214525818824768e-03</internalNodes>
      <leafValues>
        -7.1670711040496826e-02 1.6788974404335022e-01</leafValues></_>
    <_>
      <internalNodes>
        0 -1 27235 5.3786590695381165e-02</internalNodes>
      <leafValues>
        -4.0337100625038147e-02 3.0662694573402405e-01</leafValues></_>
    <_>
      <internalNodes>
        0 -1 12179 -6.4324131235480309e-03</internalNodes>
      <leafValues>
        -2.4830079078674316e-01 4.6255033463239670e-02</leafValues></_>
    <_>
      <internalNodes>
        0 -1 5699 2.1963553444948047e-04</internalNodes>
      <leafValues>
        -1.0338537395000458e-01 1.2128934264183044e-01</leafValues></_>
    <_>
      <internalNodes>
        0 -1 40873 3.0292395967990160e-04</internalNodes>
      <leafValues>
        -1.0824364423751831e-01 1.1066719889640808e-01</leafValues></_>
    <_>
      <internalNodes>
        0 -1 4308 -6.3651315867900848e-03</internalNodes>
      <leafValues>
        1.6533234715461731e-01 -7.5670905411243439e-02</leafValues></_>
    <_>
      <internalNodes>
        0 -1 3524 -5.6309215724468231e-02</internalNodes>
      <leafValues>
        -8.6061996221542358e-01 1.6492549329996109e-02</leafValues></_>
    <_>
      <internalNodes>
        0 -1 47643 -2.1163970232009888e-03</internalNodes>
      <leafValues>
        -2.1638169884681702e-01 5.6557256728410721e-02</leafValues></_>
    <_>
      <internalNodes>
        0 -1 10445 -3.8896612823009491e-03</internalNodes>
      <leafValues>
        1.6357529163360596e-01 -9.0267769992351532e-02</leafValues></_>
    <_>
      <internalNodes>
        0 -1 41860 5.9561361558735371e-03</internalNodes>
      <leafValues>
        -9.2290423810482025e-02 1.4111575484275818e-01</leafValues></_>
    <_>
      <internalNodes>
        0 -1 59666 -2.0622364245355129e-03</internalNodes>
      <leafValues>
        -2.2091946005821228e-01 6.5330438315868378e-02</leafValues></_>
    <_>
      <internalNodes>
        0 -1 58826 -9.7173750400543213e-02</internalNodes>
      <leafValues>
        -2.5284415483474731e-01 4.5925170183181763e-02</leafValues></_>
    <_>
      <internalNodes>
        0 -1 35070 -7.1124762296676636e-02</internalNodes>
      <leafValues>
        2.1766605973243713e-01 -5.6007575243711472e-02</leafValues></_>
    <_>
      <internalNodes>
        0 -1 75967 1.9055221229791641e-02</internalNodes>
      <leafValues>
        4.0041759610176086e-02 -3.1041350960731506e-01</leafValues></_>
    <_>
      <internalNodes>
        0 -1 67512 -5.1388833671808243e-03</internalNodes>
      <leafValues>
        1.2260429561138153e-01 -1.0778532922267914e-01</leafValues></_>
    <_>
      <internalNodes>
        0 -1 70241 -1.5396965900436044e-03</internalNodes>
      <leafValues>
        1.0631384700536728e-01 -1.2770015001296997e-01</leafValues></_>
    <_>
      <internalNodes>
        0 -1 45030 -8.4823602810502052e-04</internalNodes>
      <leafValues>
        -1.7243106663227081e-01 7.6069056987762451e-02</leafValues></_>
    <_>
      <internalNodes>
        0 -1 64272 -5.5718835443258286e-02</internalNodes>
      <leafValues>
        6.0504597425460815e-01 -2.2198209539055824e-02</leafValues></_>
    <_>
      <internalNodes>
        0 -1 75520 -2.5821264833211899e-02</internalNodes>
      <leafValues>
        -8.2484573125839233e-01 1.8715722486376762e-02</leafValues></_>
    <_>
      <internalNodes>
        0 -1 41182 5.9338517487049103e-02</internalNodes>
      <leafValues>
        -3.1122021377086639e-02 4.4146606326103210e-01</leafValues></_>
    <_>
      <internalNodes>
        0 -1 29400 -4.8044420778751373e-02</internalNodes>
      <leafValues>
        -2.9959952831268311e-01 4.3505229055881500e-02</leafValues></_>
    <_>
      <internalNodes>
        0 -1 28063 -1.2303955154493451e-03</internalNodes>
      <leafValues>
        1.3433270156383514e-01 -9.9979966878890991e-02</leafValues></_>
    <_>
      <internalNodes>
        0 -1 8969 2.3014100734144449e-03</internalNodes>
      <leafValues>
        -2.7092734351754189e-02 4.3669927120208740e-01</leafValues></_>
    <_>
      <internalNodes>
        0 -1 65289 2.7094781398773193e-02</internalNodes>
      <leafValues>
        -5.6590203195810318e-02 2.3465900123119354e-01</leafValues></_>
    <_>
      <internalNodes>
        0 -1 19845 -5.4872237145900726e-02</internalNodes>
      <leafValues>
        2.6327988505363464e-01 -5.0382278859615326e-02</leafValues></_>
    <_>
      <internalNodes>
        0 -1 20201 8.7773099541664124e-02</internalNodes>
      <leafValues>
        -4.5154131948947906e-02 2.6945555210113525e-01</leafValues></_>
    <_>
      <internalNodes>
        0 -1 19789 5.7117298245429993e-02</internalNodes>
      <leafValues>
        4.2322982102632523e-02 -3.4594237804412842e-01</leafValues></_>
    <_>
      <internalNodes>
        0 -1 45572 2.5112273171544075e-02</internalNodes>
      <leafValues>
        -1.1682446300983429e-01 1.1039159446954727e-01</leafValues></_>
    <_>
      <internalNodes>
        0 -1 65930 -6.9492058828473091e-03</internalNodes>
      <leafValues>
        1.5828581154346466e-01 -8.7101154029369354e-02</leafValues></_>
    <_>
      <internalNodes>
        0 -1 69768 -5.5323923006653786e-03</internalNodes>
      <leafValues>
        1.1664254218339920e-01 -1.1278318613767624e-01</leafValues></_>
    <_>
      <internalNodes>
        0 -1 76948 1.7561265267431736e-03</internalNodes>
      <leafValues>
        -7.6909631490707397e-02 1.7479956150054932e-01</leafValues></_>
    <_>
      <internalNodes>
        0 -1 39292 3.9654951542615891e-03</internalNodes>
      <leafValues>
        -1.0261957347393036e-01 1.2993673980236053e-01</leafValues></_>
    <_>
      <internalNodes>
        0 -1 78405 4.1969316080212593e-03</internalNodes>
      <leafValues>
        5.4090052843093872e-02 -2.5484216213226318e-01</leafValues></_>
    <_>
      <internalNodes>
        0 -1 7304 -5.8325054123997688e-04</internalNodes>
      <leafValues>
        1.8855181336402893e-01 -6.2905319035053253e-02</leafValues></_>
    <_>
      <internalNodes>
        0 -1 5693 2.2503561340272427e-03</internalNodes>
      <leafValues>
        3.7958882749080658e-02 -3.2645791769027710e-01</leafValues></_>
    <_>
      <internalNodes>
        0 -1 51928 -3.2736408710479736e-01</internalNodes>
      <leafValues>
        9.5407730340957642e-01 -1.4345210045576096e-02</leafValues></_>
    <_>
      <internalNodes>
        0 -1 60370 -9.4658672809600830e-02</internalNodes>
      <leafValues>
        -8.4220939874649048e-01 1.8528604879975319e-02</leafValues></_>
    <_>
      <internalNodes>
        0 -1 73195 -2.8917063027620316e-02</internalNodes>
      <leafValues>
        3.7130895256996155e-01 -3.6785304546356201e-02</leafValues></_></weakClassifiers></stage22>
</opencv_storage>
