<?xml version="1.0"?>
<opencv_storage>
<stage38>
  <maxWeakCount>100</maxWeakCount>
  <stageThreshold>-1.2365266084671021e+00</stageThreshold>
  <weakClassifiers>
    <_>
      <internalNodes>
        0 -1 52154 -8.9564770460128784e-02</internalNodes>
      <leafValues>
        4.4063323736190796e-01 1.0923535563051701e-02</leafValues></_>
    <_>
      <internalNodes>
        0 -1 69614 -6.1794938519597054e-03</internalNodes>
      <leafValues>
        2.4156771600246429e-01 -4.8089459538459778e-02</leafValues></_>
    <_>
      <internalNodes>
        0 -1 40718 1.3215784728527069e-01</internalNodes>
      <leafValues>
        -4.3597593903541565e-02 3.5638281702995300e-01</leafValues></_>
    <_>
      <internalNodes>
        0 -1 63033 -6.5832759719341993e-04</internalNodes>
      <leafValues>
        -2.1549174189567566e-01 5.2171513438224792e-02</leafValues></_>
    <_>
      <internalNodes>
        0 -1 56465 -6.6969692707061768e-02</internalNodes>
      <leafValues>
        -6.8597221374511719e-01 1.7079418525099754e-02</leafValues></_>
    <_>
      <internalNodes>
        0 -1 56465 -6.6834002733230591e-02</internalNodes>
      <leafValues>
        9.0286725759506226e-01 -2.4670071899890900e-02</leafValues></_>
    <_>
      <internalNodes>
        0 -1 56465 -6.6743284463882446e-02</internalNodes>
      <leafValues>
        -7.8987175226211548e-01 1.9650949165225029e-02</leafValues></_>
    <_>
      <internalNodes>
        0 -1 56465 -6.5365746617317200e-02</internalNodes>
      <leafValues>
        6.2016874551773071e-01 -2.1633157506585121e-02</leafValues></_>
    <_>
      <internalNodes>
        0 -1 56465 -6.5228298306465149e-02</internalNodes>
      <leafValues>
        -7.1967536211013794e-01 2.4651665240526199e-02</leafValues></_>
    <_>
      <internalNodes>
        0 -1 56465 -6.4850218594074249e-02</internalNodes>
      <leafValues>
        6.7920899391174316e-01 -2.4982759729027748e-02</leafValues></_>
    <_>
      <internalNodes>
        0 -1 56465 -6.4830735325813293e-02</internalNodes>
      <leafValues>
        -7.0160061120986938e-01 2.4807043373584747e-02</leafValues></_>
    <_>
      <internalNodes>
        0 -1 56465 -6.4820937812328339e-02</internalNodes>
      <leafValues>
        8.9494973421096802e-01 -2.4652423337101936e-02</leafValues></_>
    <_>
      <internalNodes>
        0 -1 56465 -6.4812168478965759e-02</internalNodes>
      <leafValues>
        -7.9269570112228394e-01 1.9987832754850388e-02</leafValues></_>
    <_>
      <internalNodes>
        0 -1 56465 -6.4271137118339539e-02</internalNodes>
      <leafValues>
        6.3108652830123901e-01 -2.0623516291379929e-02</leafValues></_>
    <_>
      <internalNodes>
        0 -1 56465 -6.4186900854110718e-02</internalNodes>
      <leafValues>
        -7.1797311305999756e-01 2.4976301938295364e-02</leafValues></_>
    <_>
      <internalNodes>
        0 -1 56465 -6.2788933515548706e-02</internalNodes>
      <leafValues>
        6.7159652709960938e-01 -2.7149546891450882e-02</leafValues></_>
    <_>
      <internalNodes>
        0 -1 72538 -2.2850946988910437e-03</internalNodes>
      <leafValues>
        2.5393009185791016e-01 -4.3934773653745651e-02</leafValues></_>
    <_>
      <internalNodes>
        0 -1 22812 -2.5659358501434326e-01</internalNodes>
      <leafValues>
        -4.3491569161415100e-01 1.3615832664072514e-02</leafValues></_>
    <_>
      <internalNodes>
        0 -1 23338 -1.8494585156440735e-01</internalNodes>
      <leafValues>
        5.0014448165893555e-01 -9.2778271064162254e-03</leafValues></_>
    <_>
      <internalNodes>
        0 -1 23387 -3.4380817413330078e-01</internalNodes>
      <leafValues>
        -6.5761506557464600e-01 -3.7105325609445572e-03</leafValues></_>
    <_>
      <internalNodes>
        0 -1 52651 5.4994394304230809e-04</internalNodes>
      <leafValues>
        8.8760942220687866e-02 -1.6135235130786896e-01</leafValues></_>
    <_>
      <internalNodes>
        0 -1 52646 -1.7524629947729409e-04</internalNodes>
      <leafValues>
        -1.4885818958282471e-01 9.8677895963191986e-02</leafValues></_>
    <_>
      <internalNodes>
        0 -1 74747 -1.0997187346220016e-02</internalNodes>
      <leafValues>
        -6.0408294200897217e-01 -6.2106847763061523e-03</leafValues></_>
    <_>
      <internalNodes>
        0 -1 39989 -8.2647812087088823e-04</internalNodes>
      <leafValues>
        -1.3643023371696472e-01 7.9797513782978058e-02</leafValues></_>
    <_>
      <internalNodes>
        0 -1 50105 1.9896775484085083e-02</internalNodes>
      <leafValues>
        4.7455545514822006e-02 -2.7629160881042480e-01</leafValues></_>
    <_>
      <internalNodes>
        0 -1 9205 4.3975757434964180e-03</internalNodes>
      <leafValues>
        -9.4861738383769989e-02 1.2788587808609009e-01</leafValues></_>
    <_>
      <internalNodes>
        0 -1 16263 -4.8953144869301468e-05</internalNodes>
      <leafValues>
        1.2925744056701660e-01 -1.1414586007595062e-01</leafValues></_>
    <_>
      <internalNodes>
        0 -1 49966 -3.6944235034752637e-05</internalNodes>
      <leafValues>
        1.3579671084880829e-01 -7.8540652990341187e-02</leafValues></_>
    <_>
      <internalNodes>
        0 -1 28056 -3.2699136063456535e-03</internalNodes>
      <leafValues>
        5.2395254373550415e-01 -2.6766149327158928e-02</leafValues></_>
    <_>
      <internalNodes>
        0 -1 37808 8.3277644589543343e-03</internalNodes>
      <leafValues>
        -3.4205723553895950e-02 3.1308656930923462e-01</leafValues></_>
    <_>
      <internalNodes>
        0 -1 13224 1.1027402244508266e-02</internalNodes>
      <leafValues>
        4.2080041021108627e-02 -3.3166202902793884e-01</leafValues></_>
    <_>
      <internalNodes>
        0 -1 53209 -5.2050985395908356e-03</internalNodes>
      <leafValues>
        4.6134117245674133e-01 -2.8015779331326485e-02</leafValues></_>
    <_>
      <internalNodes>
        0 -1 42460 1.8618244677782059e-02</internalNodes>
      <leafValues>
        -3.9132867008447647e-02 2.8500902652740479e-01</leafValues></_>
    <_>
      <internalNodes>
        0 -1 49966 -1.9401479221414775e-04</internalNodes>
      <leafValues>
        -1.6271984577178955e-01 6.1036363244056702e-02</leafValues></_>
    <_>
      <internalNodes>
        0 -1 41103 -1.2276202440261841e-02</internalNodes>
      <leafValues>
        1.2030175328254700e-01 -9.4465129077434540e-02</leafValues></_>
    <_>
      <internalNodes>
        0 -1 69192 8.5902458522468805e-05</internalNodes>
      <leafValues>
        -1.0090691596269608e-01 1.1591112613677979e-01</leafValues></_>
    <_>
      <internalNodes>
        0 -1 69106 3.1604818999767303e-02</internalNodes>
      <leafValues>
        -6.2901996076107025e-02 1.8228855729103088e-01</leafValues></_>
    <_>
      <internalNodes>
        0 -1 40595 1.4184466563165188e-02</internalNodes>
      <leafValues>
        -1.1607017368078232e-01 1.0287342220544815e-01</leafValues></_>
    <_>
      <internalNodes>
        0 -1 71466 2.7527161873877048e-03</internalNodes>
      <leafValues>
        -8.5035100579261780e-02 1.5595030784606934e-01</leafValues></_>
    <_>
      <internalNodes>
        0 -1 73729 2.7294154278934002e-03</internalNodes>
      <leafValues>
        -7.1929253637790680e-02 1.6340912878513336e-01</leafValues></_>
    <_>
      <internalNodes>
        0 -1 6092 1.0647306917235255e-03</internalNodes>
      <leafValues>
        4.8216950148344040e-02 -1.9769759476184845e-01</leafValues></_>
    <_>
      <internalNodes>
        0 -1 17264 -1.7489488527644426e-05</internalNodes>
      <leafValues>
        1.0686182975769043e-01 -1.0066879540681839e-01</leafValues></_>
    <_>
      <internalNodes>
        0 -1 17907 -2.2721632849425077e-03</internalNodes>
      <leafValues>
        1.6411231458187103e-01 -8.2361884415149689e-02</leafValues></_>
    <_>
      <internalNodes>
        0 -1 7858 7.2484448552131653e-02</internalNodes>
      <leafValues>
        -5.1881168037652969e-02 2.0826673507690430e-01</leafValues></_>
    <_>
      <internalNodes>
        0 -1 42615 8.2011613994836807e-04</internalNodes>
      <leafValues>
        1.0092724859714508e-01 -1.0920178145170212e-01</leafValues></_>
    <_>
      <internalNodes>
        0 -1 15313 -2.9842779040336609e-01</internalNodes>
      <leafValues>
        -3.6314240097999573e-01 3.5661917179822922e-02</leafValues></_>
    <_>
      <internalNodes>
        0 -1 34380 -9.9394157528877258e-02</internalNodes>
      <leafValues>
        -6.1947065591812134e-01 2.0353563129901886e-02</leafValues></_>
    <_>
      <internalNodes>
        0 -1 77664 -2.8668134473264217e-04</internalNodes>
      <leafValues>
        -1.8996746838092804e-01 6.2435723841190338e-02</leafValues></_>
    <_>
      <internalNodes>
        0 -1 6685 3.7385597825050354e-03</internalNodes>
      <leafValues>
        -5.0376314669847488e-02 1.9574670493602753e-01</leafValues></_>
    <_>
      <internalNodes>
        0 -1 64578 -2.9995260760188103e-02</internalNodes>
      <leafValues>
        4.8204806447029114e-01 -1.6419194638729095e-02</leafValues></_>
    <_>
      <internalNodes>
        0 -1 64834 -7.2524202987551689e-03</internalNodes>
      <leafValues>
        -2.8753456473350525e-01 3.6930009722709656e-02</leafValues></_>
    <_>
      <internalNodes>
        0 -1 14752 -3.8424259400926530e-05</internalNodes>
      <leafValues>
        9.9534064531326294e-02 -9.9877983331680298e-02</leafValues></_>
    <_>
      <internalNodes>
        0 -1 39725 1.3136854977346957e-04</internalNodes>
      <leafValues>
        -9.8385438323020935e-02 1.1013986170291901e-01</leafValues></_>
    <_>
      <internalNodes>
        0 -1 14001 7.7946171164512634e-02</internalNodes>
      <leafValues>
        -2.1509626880288124e-02 5.2313023805618286e-01</leafValues></_>
    <_>
      <internalNodes>
        0 -1 6697 1.9028151873499155e-03</internalNodes>
      <leafValues>
        4.9076285213232040e-02 -2.1240851283073425e-01</leafValues></_>
    <_>
      <internalNodes>
        0 -1 14535 1.0079925414174795e-03</internalNodes>
      <leafValues>
        -9.1197311878204346e-02 1.1754567921161652e-01</leafValues></_>
    <_>
      <internalNodes>
        0 -1 11295 -3.5543717443943024e-02</internalNodes>
      <leafValues>
        -6.1665987968444824e-01 1.7670081928372383e-02</leafValues></_>
    <_>
      <internalNodes>
        0 -1 8928 2.4082076549530029e-01</internalNodes>
      <leafValues>
        1.2613982893526554e-02 -7.1483612060546875e-01</leafValues></_>
    <_>
      <internalNodes>
        0 -1 39726 -6.1343261040747166e-04</internalNodes>
      <leafValues>
        -1.7240689694881439e-01 5.8506008237600327e-02</leafValues></_>
    <_>
      <internalNodes>
        0 -1 56454 2.4838913232088089e-02</internalNodes>
      <leafValues>
        1.8367575481534004e-02 -5.5227780342102051e-01</leafValues></_>
    <_>
      <internalNodes>
        0 -1 72086 -8.4951356984674931e-04</internalNodes>
      <leafValues>
        1.5036207437515259e-01 -7.7784530818462372e-02</leafValues></_>
    <_>
      <internalNodes>
        0 -1 38943 3.4723663702607155e-04</internalNodes>
      <leafValues>
        7.4873678386211395e-02 -1.4158764481544495e-01</leafValues></_>
    <_>
      <internalNodes>
        0 -1 38938 -1.3212014164309949e-04</internalNodes>
      <leafValues>
        -1.2746275961399078e-01 9.6938006579875946e-02</leafValues></_>
    <_>
      <internalNodes>
        0 -1 22923 -8.0616641789674759e-03</internalNodes>
      <leafValues>
        1.8686358630657196e-01 -6.1012249439954758e-02</leafValues></_>
    <_>
      <internalNodes>
        0 -1 71097 4.8824638361111283e-04</internalNodes>
      <leafValues>
        -6.1682831496000290e-02 1.7489972710609436e-01</leafValues></_>
    <_>
      <internalNodes>
        0 -1 63878 9.8882988095283508e-04</internalNodes>
      <leafValues>
        8.6197316646575928e-02 -1.3728699088096619e-01</leafValues></_>
    <_>
      <internalNodes>
        0 -1 1483 5.2033774554729462e-03</internalNodes>
      <leafValues>
        -6.2900714576244354e-02 1.6503436863422394e-01</leafValues></_>
    <_>
      <internalNodes>
        0 -1 3872 3.9381589158438146e-04</internalNodes>
      <leafValues>
        8.0454595386981964e-02 -1.6615462303161621e-01</leafValues></_>
    <_>
      <internalNodes>
        0 -1 45094 3.9541795558761805e-05</internalNodes>
      <leafValues>
        -1.1163891106843948e-01 9.8869748413562775e-02</leafValues></_>
    <_>
      <internalNodes>
        0 -1 58244 -1.9913346477551386e-05</internalNodes>
      <leafValues>
        1.0219790041446686e-01 -1.1446738243103027e-01</leafValues></_>
    <_>
      <internalNodes>
        0 -1 33276 1.3857347890734673e-02</internalNodes>
      <leafValues>
        -2.0446892827749252e-02 5.3692096471786499e-01</leafValues></_>
    <_>
      <internalNodes>
        0 -1 63760 1.3182754628360271e-03</internalNodes>
      <leafValues>
        -8.7326027452945709e-02 1.1794083565473557e-01</leafValues></_>
    <_>
      <internalNodes>
        0 -1 47121 1.3412628322839737e-02</internalNodes>
      <leafValues>
        -4.1955754160881042e-02 2.8798726201057434e-01</leafValues></_>
    <_>
      <internalNodes>
        0 -1 60882 -1.2222157791256905e-02</internalNodes>
      <leafValues>
        1.3681961596012115e-01 -8.2829423248767853e-02</leafValues></_>
    <_>
      <internalNodes>
        0 -1 64094 1.1034533381462097e-02</internalNodes>
      <leafValues>
        -7.3882341384887695e-02 1.8217583000659943e-01</leafValues></_>
    <_>
      <internalNodes>
        0 -1 72797 4.6672471798956394e-03</internalNodes>
      <leafValues>
        4.9923527985811234e-02 -3.0378291010856628e-01</leafValues></_>
    <_>
      <internalNodes>
        0 -1 992 1.6800437122583389e-02</internalNodes>
      <leafValues>
        -2.5119403377175331e-02 4.6046796441078186e-01</leafValues></_>
    <_>
      <internalNodes>
        0 -1 75736 -4.5373002067208290e-03</internalNodes>
      <leafValues>
        1.7395347356796265e-01 -6.0058537870645523e-02</leafValues></_>
    <_>
      <internalNodes>
        0 -1 64204 -6.0291007161140442e-02</internalNodes>
      <leafValues>
        -4.8373103141784668e-01 2.5156656280159950e-02</leafValues></_>
    <_>
      <internalNodes>
        0 -1 53894 -9.2165572568774223e-03</internalNodes>
      <leafValues>
        -5.1030284166336060e-01 1.8234044313430786e-02</leafValues></_>
    <_>
      <internalNodes>
        0 -1 77973 -9.9081706139259040e-05</internalNodes>
      <leafValues>
        1.0449099540710449e-01 -1.0047359764575958e-01</leafValues></_>
    <_>
      <internalNodes>
        0 -1 33840 -2.4366781115531921e-02</internalNodes>
      <leafValues>
        3.2812350988388062e-01 -3.0328625813126564e-02</leafValues></_>
    <_>
      <internalNodes>
        0 -1 21681 -8.0687636509537697e-03</internalNodes>
      <leafValues>
        -1. 1.1542742140591145e-02</leafValues></_>
    <_>
      <internalNodes>
        0 -1 19983 -2.8933272697031498e-03</internalNodes>
      <leafValues>
        3.1394234299659729e-01 -3.7041369825601578e-02</leafValues></_>
    <_>
      <internalNodes>
        0 -1 68464 -7.8431675210595131e-03</internalNodes>
      <leafValues>
        1.4957803487777710e-01 -6.7033126950263977e-02</leafValues></_>
    <_>
      <internalNodes>
        0 -1 68590 -4.4163934944663197e-05</internalNodes>
      <leafValues>
        1.1003392189741135e-01 -1.0209158807992935e-01</leafValues></_>
    <_>
      <internalNodes>
        0 -1 60130 9.5017641782760620e-02</internalNodes>
      <leafValues>
        -2.4983491748571396e-02 4.1669055819511414e-01</leafValues></_>
    <_>
      <internalNodes>
        0 -1 5271 -4.3428736925125122e-01</internalNodes>
      <leafValues>
        -7.6283717155456543e-01 1.7207883298397064e-02</leafValues></_>
    <_>
      <internalNodes>
        0 -1 60032 -3.7765081971883774e-02</internalNodes>
      <leafValues>
        3.9478912949562073e-01 -2.7283921837806702e-02</leafValues></_>
    <_>
      <internalNodes>
        0 -1 62251 -1.4938953099772334e-03</internalNodes>
      <leafValues>
        1.6535164415836334e-01 -5.9202589094638824e-02</leafValues></_>
    <_>
      <internalNodes>
        0 -1 25499 6.2529988586902618e-02</internalNodes>
      <leafValues>
        2.9272830113768578e-02 -3.6710378527641296e-01</leafValues></_>
    <_>
      <internalNodes>
        0 -1 62407 -3.0030217021703720e-04</internalNodes>
      <leafValues>
        -1.5691199898719788e-01 6.3752233982086182e-02</leafValues></_>
    <_>
      <internalNodes>
        0 -1 29865 -4.8210229724645615e-03</internalNodes>
      <leafValues>
        2.1375760436058044e-01 -5.1139734685420990e-02</leafValues></_>
    <_>
      <internalNodes>
        0 -1 34838 1.9087363034486771e-02</internalNodes>
      <leafValues>
        -6.2545500695705414e-02 1.7411021888256073e-01</leafValues></_>
    <_>
      <internalNodes>
        0 -1 51666 1.5868701040744781e-02</internalNodes>
      <leafValues>
        2.1979294717311859e-02 -4.9452352523803711e-01</leafValues></_>
    <_>
      <internalNodes>
        0 -1 28838 -1.5113173052668571e-02</internalNodes>
      <leafValues>
        -6.1602354049682617e-01 1.4457043260335922e-02</leafValues></_>
    <_>
      <internalNodes>
        0 -1 13367 -3.4219432622194290e-02</internalNodes>
      <leafValues>
        -5.4922670125961304e-01 1.5480782836675644e-02</leafValues></_>
    <_>
      <internalNodes>
        0 -1 27031 -3.6889287002850324e-05</internalNodes>
      <leafValues>
        8.8598109781742096e-02 -1.1538593471050262e-01</leafValues></_>
    <_>
      <internalNodes>
        0 -1 39151 -4.8763037193566561e-04</internalNodes>
      <leafValues>
        1.7730261385440826e-01 -6.5843366086483002e-02</leafValues></_>
    <_>
      <internalNodes>
        0 -1 24562 4.2759962379932404e-02</internalNodes>
      <leafValues>
        1.2911782599985600e-02 -8.4847038984298706e-01</leafValues></_></weakClassifiers></stage38>
</opencv_storage>
