<?xml version="1.0"?>
<opencv_storage>
<stage29>
  <maxWeakCount>100</maxWeakCount>
  <stageThreshold>-1.0602843016386032e-01</stageThreshold>
  <weakClassifiers>
    <_>
      <internalNodes>
        0 -1 65333 -1.1062710545957088e-03</internalNodes>
      <leafValues>
        2.4246771633625031e-01 -6.8793617188930511e-02</leafValues></_>
    <_>
      <internalNodes>
        0 -1 69804 -9.4883460551500320e-03</internalNodes>
      <leafValues>
        4.7802013158798218e-01 -3.6887191236019135e-02</leafValues></_>
    <_>
      <internalNodes>
        0 -1 69804 -9.4635765999555588e-03</internalNodes>
      <leafValues>
        -1. 2.7367856819182634e-04</leafValues></_>
    <_>
      <internalNodes>
        0 -1 69804 -9.4262985512614250e-03</internalNodes>
      <leafValues>
        1. -3.5881274379789829e-04</leafValues></_>
    <_>
      <internalNodes>
        0 -1 69804 -9.3890605494379997e-03</internalNodes>
      <leafValues>
        -1. 3.9674175786785781e-04</leafValues></_>
    <_>
      <internalNodes>
        0 -1 69804 -9.3675889074802399e-03</internalNodes>
      <leafValues>
        1. -5.2614207379519939e-04</leafValues></_>
    <_>
      <internalNodes>
        0 -1 69804 -9.3543045222759247e-03</internalNodes>
      <leafValues>
        -1. 2.9082209221087396e-04</leafValues></_>
    <_>
      <internalNodes>
        0 -1 69804 -9.3289222568273544e-03</internalNodes>
      <leafValues>
        1. -2.6327883824706078e-04</leafValues></_>
    <_>
      <internalNodes>
        0 -1 69804 -9.3110324814915657e-03</internalNodes>
      <leafValues>
        -1. 2.9099138919264078e-04</leafValues></_>
    <_>
      <internalNodes>
        0 -1 69804 -9.2667955905199051e-03</internalNodes>
      <leafValues>
        1. -7.1953475708141923e-04</leafValues></_>
    <_>
      <internalNodes>
        0 -1 69804 -9.2480834573507309e-03</internalNodes>
      <leafValues>
        -1. 5.8249116409569979e-04</leafValues></_>
    <_>
      <internalNodes>
        0 -1 69804 -9.2295929789543152e-03</internalNodes>
      <leafValues>
        1. -3.6015603109262884e-04</leafValues></_>
    <_>
      <internalNodes>
        0 -1 69804 -9.2171616852283478e-03</internalNodes>
      <leafValues>
        -1. 3.9798286161385477e-04</leafValues></_>
    <_>
      <internalNodes>
        0 -1 69804 -9.2112384736537933e-03</internalNodes>
      <leafValues>
        1. -3.6041569546796381e-04</leafValues></_>
    <_>
      <internalNodes>
        0 -1 69804 -9.1636944562196732e-03</internalNodes>
      <leafValues>
        -1. 5.8363529387861490e-04</leafValues></_>
    <_>
      <internalNodes>
        0 -1 69804 -9.1505097225308418e-03</internalNodes>
      <leafValues>
        1. -3.6067562177777290e-04</leafValues></_>
    <_>
      <internalNodes>
        0 -1 69804 -9.1277845203876495e-03</internalNodes>
      <leafValues>
        -1. 9.8354893270879984e-04</leafValues></_>
    <_>
      <internalNodes>
        0 -1 69804 -9.1229416429996490e-03</internalNodes>
      <leafValues>
        1. -2.6436790358275175e-04</leafValues></_>
    <_>
      <internalNodes>
        0 -1 69804 -9.0955905616283417e-03</internalNodes>
      <leafValues>
        -1. 6.9243332836776972e-04</leafValues></_>
    <_>
      <internalNodes>
        0 -1 69804 -9.0612526983022690e-03</internalNodes>
      <leafValues>
        1. -6.2582606915384531e-04</leafValues></_>
    <_>
      <internalNodes>
        0 -1 69804 -9.0388050302863121e-03</internalNodes>
      <leafValues>
        -1. 2.9305423959158361e-04</leafValues></_>
    <_>
      <internalNodes>
        0 -1 69804 -8.9910160750150681e-03</internalNodes>
      <leafValues>
        1. -3.6157944123260677e-04</leafValues></_>
    <_>
      <internalNodes>
        0 -1 69804 -8.9485105127096176e-03</internalNodes>
      <leafValues>
        -1. 4.0033936966210604e-04</leafValues></_>
    <_>
      <internalNodes>
        0 -1 69804 -8.9290160685777664e-03</internalNodes>
      <leafValues>
        1. -2.6503106346353889e-04</leafValues></_>
    <_>
      <internalNodes>
        0 -1 69804 -8.8580753654241562e-03</internalNodes>
      <leafValues>
        -1. 5.8709451695904136e-04</leafValues></_>
    <_>
      <internalNodes>
        0 -1 69804 -8.8344756513834000e-03</internalNodes>
      <leafValues>
        1. -2.6517157675698400e-04</leafValues></_>
    <_>
      <internalNodes>
        0 -1 69804 -8.7416581809520721e-03</internalNodes>
      <leafValues>
        -9.8286694288253784e-01 1.0290882783010602e-03</leafValues></_>
    <_>
      <internalNodes>
        0 -1 69804 -8.7173869833350182e-03</internalNodes>
      <leafValues>
        1. -2.6550432085059583e-04</leafValues></_>
    <_>
      <internalNodes>
        0 -1 69804 -8.7091010063886642e-03</internalNodes>
      <leafValues>
        -9.8355180025100708e-01 2.9462491511367261e-04</leafValues></_>
    <_>
      <internalNodes>
        0 -1 69804 -8.6946021765470505e-03</internalNodes>
      <leafValues>
        1. -5.3143262630328536e-04</leafValues></_>
    <_>
      <internalNodes>
        0 -1 69804 -8.6783841252326965e-03</internalNodes>
      <leafValues>
        -9.8453098535537720e-01 1.2881169095635414e-03</leafValues></_>
    <_>
      <internalNodes>
        0 -1 69804 -8.6299721151590347e-03</internalNodes>
      <leafValues>
        1. -6.2918697949498892e-04</leafValues></_>
    <_>
      <internalNodes>
        0 -1 69804 -8.5788695141673088e-03</internalNodes>
      <leafValues>
        -9.8518824577331543e-01 5.9129332657903433e-04</leafValues></_>
    <_>
      <internalNodes>
        0 -1 69804 -8.2168765366077423e-03</internalNodes>
      <leafValues>
        9.7061198949813843e-01 -4.0106298401951790e-03</leafValues></_>
    <_>
      <internalNodes>
        0 -1 69804 -8.1543242558836937e-03</internalNodes>
      <leafValues>
        -9.8621350526809692e-01 7.0236076135188341e-04</leafValues></_>
    <_>
      <internalNodes>
        0 -1 69804 -8.1427656114101410e-03</internalNodes>
      <leafValues>
        9.7159641981124878e-01 -3.6761950468644500e-04</leafValues></_>
    <_>
      <internalNodes>
        0 -1 69804 -8.1075066700577736e-03</internalNodes>
      <leafValues>
        -9.7211462259292603e-01 7.4191158637404442e-04</leafValues></_>
    <_>
      <internalNodes>
        0 -1 69804 -8.0974232405424118e-03</internalNodes>
      <leafValues>
        9.7212177515029907e-01 -1.0066500399261713e-03</leafValues></_>
    <_>
      <internalNodes>
        0 -1 69804 -8.0710370093584061e-03</internalNodes>
      <leafValues>
        -9.7269487380981445e-01 1.1122698197141290e-03</leafValues></_>
    <_>
      <internalNodes>
        0 -1 69804 -8.0535244196653366e-03</internalNodes>
      <leafValues>
        9.7224348783493042e-01 -3.6890275077894330e-04</leafValues></_>
    <_>
      <internalNodes>
        0 -1 69804 -8.0404765903949738e-03</internalNodes>
      <leafValues>
        -9.7282224893569946e-01 2.9859357164241374e-04</leafValues></_>
    <_>
      <internalNodes>
        0 -1 69804 -8.0379117280244827e-03</internalNodes>
      <leafValues>
        9.7236466407775879e-01 -3.6917559918947518e-04</leafValues></_>
    <_>
      <internalNodes>
        0 -1 69804 -8.0208824947476387e-03</internalNodes>
      <leafValues>
        -9.7329664230346680e-01 1.0061223292723298e-03</leafValues></_>
    <_>
      <internalNodes>
        0 -1 69804 -7.9645160585641861e-03</internalNodes>
      <leafValues>
        9.7272014617919922e-01 -1.0101723019033670e-03</leafValues></_>
    <_>
      <internalNodes>
        0 -1 69804 -7.8562200069427490e-03</internalNodes>
      <leafValues>
        -9.7360670566558838e-01 7.0835230872035027e-04</leafValues></_>
    <_>
      <internalNodes>
        0 -1 69804 -7.8031672164797783e-03</internalNodes>
      <leafValues>
        9.7294026613235474e-01 -7.4066570959985256e-04</leafValues></_>
    <_>
      <internalNodes>
        0 -1 69804 -7.7654430642724037e-03</internalNodes>
      <leafValues>
        -9.7376495599746704e-01 4.0931341936811805e-04</leafValues></_>
    <_>
      <internalNodes>
        0 -1 69804 -7.7613629400730133e-03</internalNodes>
      <leafValues>
        9.7304672002792358e-01 -2.7155195130035281e-04</leafValues></_>
    <_>
      <internalNodes>
        0 -1 69804 -7.7633317559957504e-03</internalNodes>
      <leafValues>
        -9.7372770309448242e-01 -6.6825950155446900e-12</leafValues></_>
    <_>
      <internalNodes>
        0 -1 69804 -7.7613629400730133e-03</internalNodes>
      <leafValues>
        9.7308290004730225e-01 2.5383248088606432e-15</leafValues></_>
    <_>
      <internalNodes>
        0 -1 69804 -7.7633317559957504e-03</internalNodes>
      <leafValues>
        -9.7369426488876343e-01 1.0365705452460797e-15</leafValues></_>
    <_>
      <internalNodes>
        0 -1 69804 -7.7613629400730133e-03</internalNodes>
      <leafValues>
        9.7311538457870483e-01 1.0322839656099099e-14</leafValues></_>
    <_>
      <internalNodes>
        0 -1 69804 -7.7633317559957504e-03</internalNodes>
      <leafValues>
        -9.7366416454315186e-01 -1.8550468778265328e-14</leafValues></_>
    <_>
      <internalNodes>
        0 -1 69804 -7.7613629400730133e-03</internalNodes>
      <leafValues>
        9.7314447164535522e-01 2.5525263326608982e-14</leafValues></_>
    <_>
      <internalNodes>
        0 -1 69804 -7.7633317559957504e-03</internalNodes>
      <leafValues>
        -9.7363716363906860e-01 -2.5401499954553867e-14</leafValues></_>
    <_>
      <internalNodes>
        0 -1 69804 -7.7613629400730133e-03</internalNodes>
      <leafValues>
        9.7317057847976685e-01 1.2048590512065641e-14</leafValues></_>
    <_>
      <internalNodes>
        0 -1 69804 -7.7633317559957504e-03</internalNodes>
      <leafValues>
        -9.7361284494400024e-01 -8.8089901855142178e-15</leafValues></_>
    <_>
      <internalNodes>
        0 -1 69804 -7.7613629400730133e-03</internalNodes>
      <leafValues>
        9.7319394350051880e-01 -4.4168888788413338e-15</leafValues></_>
    <_>
      <internalNodes>
        0 -1 69804 -7.7633317559957504e-03</internalNodes>
      <leafValues>
        -9.7359102964401245e-01 9.7345888267581435e-15</leafValues></_>
    <_>
      <internalNodes>
        0 -1 69804 -7.7613629400730133e-03</internalNodes>
      <leafValues>
        9.7321492433547974e-01 4.8375279815466611e-16</leafValues></_>
    <_>
      <internalNodes>
        0 -1 69804 -7.7633317559957504e-03</internalNodes>
      <leafValues>
        -9.7357141971588135e-01 -1.2892261585552289e-14</leafValues></_>
    <_>
      <internalNodes>
        0 -1 69804 -7.7613629400730133e-03</internalNodes>
      <leafValues>
        9.7323375940322876e-01 1.8785752508155944e-14</leafValues></_>
    <_>
      <internalNodes>
        0 -1 69804 -7.7633317559957504e-03</internalNodes>
      <leafValues>
        -9.7355383634567261e-01 1.5195852388905084e-14</leafValues></_>
    <_>
      <internalNodes>
        0 -1 69804 -7.7613629400730133e-03</internalNodes>
      <leafValues>
        9.7325068712234497e-01 -1.8009379049361597e-14</leafValues></_>
    <_>
      <internalNodes>
        0 -1 69804 -7.7633317559957504e-03</internalNodes>
      <leafValues>
        -9.7353798151016235e-01 -1.6451204344646898e-14</leafValues></_>
    <_>
      <internalNodes>
        0 -1 69804 -7.7613629400730133e-03</internalNodes>
      <leafValues>
        9.7326582670211792e-01 1.6728236846200021e-15</leafValues></_>
    <_>
      <internalNodes>
        0 -1 69804 -7.7633317559957504e-03</internalNodes>
      <leafValues>
        -9.7352379560470581e-01 3.0012037505796479e-15</leafValues></_>
    <_>
      <internalNodes>
        0 -1 69804 -7.7613629400730133e-03</internalNodes>
      <leafValues>
        9.7327947616577148e-01 -3.2490845544618299e-15</leafValues></_>
    <_>
      <internalNodes>
        0 -1 69804 -7.7633317559957504e-03</internalNodes>
      <leafValues>
        -9.7351098060607910e-01 1.3436690318334096e-14</leafValues></_>
    <_>
      <internalNodes>
        0 -1 69804 -7.7613629400730133e-03</internalNodes>
      <leafValues>
        9.7329163551330566e-01 -8.2510250192023397e-15</leafValues></_>
    <_>
      <internalNodes>
        0 -1 69804 -7.7633317559957504e-03</internalNodes>
      <leafValues>
        -9.7349953651428223e-01 2.1318665200000106e-15</leafValues></_>
    <_>
      <internalNodes>
        0 -1 69804 -7.7613629400730133e-03</internalNodes>
      <leafValues>
        9.7330260276794434e-01 -5.1691714500663472e-15</leafValues></_>
    <_>
      <internalNodes>
        0 -1 69804 -7.7633317559957504e-03</internalNodes>
      <leafValues>
        -9.7348922491073608e-01 -8.4698458167301212e-15</leafValues></_>
    <_>
      <internalNodes>
        0 -1 69804 -7.7613629400730133e-03</internalNodes>
      <leafValues>
        9.7331243753433228e-01 1.6561189878781975e-14</leafValues></_>
    <_>
      <internalNodes>
        0 -1 69804 -7.7633317559957504e-03</internalNodes>
      <leafValues>
        -9.7347998619079590e-01 -2.9172183162770159e-15</leafValues></_>
    <_>
      <internalNodes>
        0 -1 69804 -7.7613629400730133e-03</internalNodes>
      <leafValues>
        9.7332125902175903e-01 1.9987092560983140e-14</leafValues></_>
    <_>
      <internalNodes>
        0 -1 69804 -7.7633317559957504e-03</internalNodes>
      <leafValues>
        -9.7347170114517212e-01 -7.3762822361115622e-15</leafValues></_>
    <_>
      <internalNodes>
        0 -1 69804 -7.7613629400730133e-03</internalNodes>
      <leafValues>
        9.7332918643951416e-01 -7.5811955996783753e-15</leafValues></_>
    <_>
      <internalNodes>
        0 -1 69804 -7.7633317559957504e-03</internalNodes>
      <leafValues>
        -9.7346419095993042e-01 -1.8711054366603481e-14</leafValues></_>
    <_>
      <internalNodes>
        0 -1 69804 -7.7613629400730133e-03</internalNodes>
      <leafValues>
        9.7333627939224243e-01 3.6804631879053945e-15</leafValues></_>
    <_>
      <internalNodes>
        0 -1 69804 -7.7633317559957504e-03</internalNodes>
      <leafValues>
        -9.7345751523971558e-01 3.6788292613501410e-15</leafValues></_>
    <_>
      <internalNodes>
        0 -1 69804 -7.7613629400730133e-03</internalNodes>
      <leafValues>
        9.7334265708923340e-01 1.6887297563474880e-14</leafValues></_>
    <_>
      <internalNodes>
        0 -1 69804 -7.7633317559957504e-03</internalNodes>
      <leafValues>
        -9.7345149517059326e-01 5.1411244951168628e-15</leafValues></_>
    <_>
      <internalNodes>
        0 -1 69804 -7.7613629400730133e-03</internalNodes>
      <leafValues>
        9.7334837913513184e-01 -1.6385306875416408e-14</leafValues></_>
    <_>
      <internalNodes>
        0 -1 69804 -7.7633317559957504e-03</internalNodes>
      <leafValues>
        -9.7344607114791870e-01 -9.9224192298447318e-15</leafValues></_>
    <_>
      <internalNodes>
        0 -1 69804 -7.7613629400730133e-03</internalNodes>
      <leafValues>
        9.7335350513458252e-01 1.7624577063621652e-14</leafValues></_>
    <_>
      <internalNodes>
        0 -1 69804 -7.7633317559957504e-03</internalNodes>
      <leafValues>
        -9.7344124317169189e-01 -8.6121761509890503e-15</leafValues></_>
    <_>
      <internalNodes>
        0 -1 69804 -7.7613629400730133e-03</internalNodes>
      <leafValues>
        9.7335815429687500e-01 2.4065010712794564e-14</leafValues></_>
    <_>
      <internalNodes>
        0 -1 69804 -7.7633317559957504e-03</internalNodes>
      <leafValues>
        -9.7343689203262329e-01 -3.1714075674404638e-14</leafValues></_>
    <_>
      <internalNodes>
        0 -1 69804 -7.7613629400730133e-03</internalNodes>
      <leafValues>
        9.7336226701736450e-01 1.9727529478692427e-14</leafValues></_>
    <_>
      <internalNodes>
        0 -1 69804 -7.7633317559957504e-03</internalNodes>
      <leafValues>
        -9.7343295812606812e-01 -5.2013362556889084e-15</leafValues></_>
    <_>
      <internalNodes>
        0 -1 69804 -7.7613629400730133e-03</internalNodes>
      <leafValues>
        9.7336602210998535e-01 1.5499732234996143e-14</leafValues></_>
    <_>
      <internalNodes>
        0 -1 69804 -7.7633317559957504e-03</internalNodes>
      <leafValues>
        -9.7342944145202637e-01 -2.6000941783193947e-14</leafValues></_>
    <_>
      <internalNodes>
        0 -1 69804 -7.7613629400730133e-03</internalNodes>
      <leafValues>
        9.7336930036544800e-01 1.8410728670759102e-14</leafValues></_>
    <_>
      <internalNodes>
        0 -1 69804 -7.7633317559957504e-03</internalNodes>
      <leafValues>
        -9.7342628240585327e-01 -4.8980425563973501e-15</leafValues></_>
    <_>
      <internalNodes>
        0 -1 69804 -7.7613629400730133e-03</internalNodes>
      <leafValues>
        9.7337234020233154e-01 2.4113650732757695e-14</leafValues></_>
    <_>
      <internalNodes>
        0 -1 69804 -7.7633317559957504e-03</internalNodes>
      <leafValues>
        -9.7342348098754883e-01 -3.3116782563848493e-14</leafValues></_>
    <_>
      <internalNodes>
        0 -1 69804 -7.7613629400730133e-03</internalNodes>
      <leafValues>
        9.7337502241134644e-01 1.3765782100100179e-14</leafValues></_>
    <_>
      <internalNodes>
        0 -1 69804 -7.7633317559957504e-03</internalNodes>
      <leafValues>
        -9.7342091798782349e-01 -3.3677067753402901e-14</leafValues></_>
    <_>
      <internalNodes>
        0 -1 69804 -7.7613629400730133e-03</internalNodes>
      <leafValues>
        9.7337740659713745e-01 5.4507408718432009e-15</leafValues></_></weakClassifiers></stage29>
</opencv_storage>
