<?xml version="1.0"?>
<opencv_storage>
<stage27>
  <maxWeakCount>100</maxWeakCount>
  <stageThreshold>-9.2286717891693115e-01</stageThreshold>
  <weakClassifiers>
    <_>
      <internalNodes>
        0 -1 38068 1.6225588321685791e-01</internalNodes>
      <leafValues>
        9.3277581036090851e-03 5.8762884140014648e-01</leafValues></_>
    <_>
      <internalNodes>
        0 -1 38068 1.5956005454063416e-01</internalNodes>
      <leafValues>
        2.2856632713228464e-03 -9.8307174444198608e-01</leafValues></_>
    <_>
      <internalNodes>
        0 -1 38068 1.5640616416931152e-01</internalNodes>
      <leafValues>
        -3.1989724375307560e-03 1.</leafValues></_>
    <_>
      <internalNodes>
        0 -1 38068 1.5552097558975220e-01</internalNodes>
      <leafValues>
        6.5315695246681571e-04 -1.</leafValues></_>
    <_>
      <internalNodes>
        0 -1 38068 1.5541356801986694e-01</internalNodes>
      <leafValues>
        -3.2102718250826001e-04 1.</leafValues></_>
    <_>
      <internalNodes>
        0 -1 38068 1.5514606237411499e-01</internalNodes>
      <leafValues>
        6.5402220934629440e-04 -1.</leafValues></_>
    <_>
      <internalNodes>
        0 -1 38068 1.5463119745254517e-01</internalNodes>
      <leafValues>
        -6.4267340349033475e-04 1.</leafValues></_>
    <_>
      <internalNodes>
        0 -1 38068 1.5366214513778687e-01</internalNodes>
      <leafValues>
        6.5487873507663608e-04 -1.</leafValues></_>
    <_>
      <internalNodes>
        0 -1 38068 1.5341335535049438e-01</internalNodes>
      <leafValues>
        -3.2164674485102296e-04 1.</leafValues></_>
    <_>
      <internalNodes>
        0 -1 38068 1.5175175666809082e-01</internalNodes>
      <leafValues>
        9.9048251286149025e-04 -9.8465055227279663e-01</leafValues></_>
    <_>
      <internalNodes>
        0 -1 38068 1.5024328231811523e-01</internalNodes>
      <leafValues>
        -1.6123828245326877e-03 1.</leafValues></_>
    <_>
      <internalNodes>
        0 -1 38068 1.4971786737442017e-01</internalNodes>
      <leafValues>
        9.8651624284684658e-04 -1.</leafValues></_>
    <_>
      <internalNodes>
        0 -1 38068 1.4778363704681396e-01</internalNodes>
      <leafValues>
        -1.2883275048807263e-03 9.9421560764312744e-01</leafValues></_>
    <_>
      <internalNodes>
        0 -1 38068 1.4727997779846191e-01</internalNodes>
      <leafValues>
        9.8911894019693136e-04 -1.</leafValues></_>
    <_>
      <internalNodes>
        0 -1 38068 1.4589679241180420e-01</internalNodes>
      <leafValues>
        -2.2734650410711765e-03 9.9446964263916016e-01</leafValues></_>
    <_>
      <internalNodes>
        0 -1 38068 1.4500844478607178e-01</internalNodes>
      <leafValues>
        3.3013804932124913e-04 -1.</leafValues></_>
    <_>
      <internalNodes>
        0 -1 38068 1.4441871643066406e-01</internalNodes>
      <leafValues>
        -3.2562681008130312e-04 9.9454516172409058e-01</leafValues></_>
    <_>
      <internalNodes>
        0 -1 38068 1.4420193433761597e-01</internalNodes>
      <leafValues>
        3.3036008244380355e-04 -1.</leafValues></_>
    <_>
      <internalNodes>
        0 -1 38068 1.4355579018592834e-01</internalNodes>
      <leafValues>
        -6.5189047018066049e-04 1.</leafValues></_>
    <_>
      <internalNodes>
        0 -1 38068 1.4319577813148499e-01</internalNodes>
      <leafValues>
        3.3057841937988997e-04 -1.</leafValues></_>
    <_>
      <internalNodes>
        0 -1 38068 1.4258363842964172e-01</internalNodes>
      <leafValues>
        -6.5274152439087629e-04 1.</leafValues></_>
    <_>
      <internalNodes>
        0 -1 38068 1.4192877709865570e-01</internalNodes>
      <leafValues>
        3.3079713466577232e-04 -1.</leafValues></_>
    <_>
      <internalNodes>
        0 -1 38068 1.4171105623245239e-01</internalNodes>
      <leafValues>
        -3.2669061329215765e-04 1.</leafValues></_>
    <_>
      <internalNodes>
        0 -1 38068 1.4047545194625854e-01</internalNodes>
      <leafValues>
        6.6225166665390134e-04 -1.</leafValues></_>
    <_>
      <internalNodes>
        0 -1 38068 1.3890138268470764e-01</internalNodes>
      <leafValues>
        -1.6366611234843731e-03 1.</leafValues></_>
    <_>
      <internalNodes>
        0 -1 38068 1.3851685822010040e-01</internalNodes>
      <leafValues>
        9.9502340890467167e-04 -1.</leafValues></_>
    <_>
      <internalNodes>
        0 -1 38068 1.3727782666683197e-01</internalNodes>
      <leafValues>
        -1.6389758093282580e-03 9.9461781978607178e-01</leafValues></_>
    <_>
      <internalNodes>
        0 -1 38068 1.3712716102600098e-01</internalNodes>
      <leafValues>
        3.3233486465178430e-04 -9.8611074686050415e-01</leafValues></_>
    <_>
      <internalNodes>
        0 -1 38068 1.4310705661773682e-01</internalNodes>
      <leafValues>
        -3.3561271266080439e-04 9.9438971281051636e-01</leafValues></_>
    <_>
      <internalNodes>
        0 -1 38068 1.3767886161804199e-01</internalNodes>
      <leafValues>
        3.3561271266080439e-04 -1.</leafValues></_>
    <_>
      <internalNodes>
        0 -1 38068 1.3663205504417419e-01</internalNodes>
      <leafValues>
        -6.5876153530552983e-04 9.9503481388092041e-01</leafValues></_>
    <_>
      <internalNodes>
        0 -1 38068 1.3461673259735107e-01</internalNodes>
      <leafValues>
        1.6729276394471526e-03 -9.7242349386215210e-01</leafValues></_>
    <_>
      <internalNodes>
        0 -1 38068 1.3323974609375000e-01</internalNodes>
      <leafValues>
        -1.9841254688799381e-03 9.9469280242919922e-01</leafValues></_>
    <_>
      <internalNodes>
        0 -1 38068 1.3267558813095093e-01</internalNodes>
      <leafValues>
        1.0030064731836319e-03 -1.</leafValues></_>
    <_>
      <internalNodes>
        0 -1 38068 1.3220563530921936e-01</internalNodes>
      <leafValues>
        -3.3145476481877267e-04 9.9476218223571777e-01</leafValues></_>
    <_>
      <internalNodes>
        0 -1 38068 1.3135874271392822e-01</internalNodes>
      <leafValues>
        6.6979235270991921e-04 -1.</leafValues></_>
    <_>
      <internalNodes>
        0 -1 38068 1.3029810786247253e-01</internalNodes>
      <leafValues>
        -1.6581234522163868e-03 9.8982769250869751e-01</leafValues></_>
    <_>
      <internalNodes>
        0 -1 38068 1.3008412718772888e-01</internalNodes>
      <leafValues>
        3.3545636688359082e-04 -1.</leafValues></_>
    <_>
      <internalNodes>
        0 -1 38068 1.2826660275459290e-01</internalNodes>
      <leafValues>
        -1.6640799585729837e-03 9.8584896326065063e-01</leafValues></_>
    <_>
      <internalNodes>
        0 -1 38068 1.4317452907562256e-01</internalNodes>
      <leafValues>
        -1.0155126219615340e-03 -9.8487144708633423e-01</leafValues></_>
    <_>
      <internalNodes>
        0 -1 38068 1.3747772574424744e-01</internalNodes>
      <leafValues>
        -1.3388791121542454e-03 9.9448215961456299e-01</leafValues></_>
    <_>
      <internalNodes>
        0 -1 38068 1.2768012285232544e-01</internalNodes>
      <leafValues>
        3.7002691533416510e-03 -9.7553664445877075e-01</leafValues></_>
    <_>
      <internalNodes>
        0 -1 38068 1.3012304902076721e-01</internalNodes>
      <leafValues>
        -6.7897629924118519e-04 9.8318797349929810e-01</leafValues></_>
    <_>
      <internalNodes>
        0 -1 38068 1.2874674797058105e-01</internalNodes>
      <leafValues>
        6.7899306304752827e-04 -9.7569638490676880e-01</leafValues></_>
    <_>
      <internalNodes>
        0 -1 38068 1.2596011161804199e-01</internalNodes>
      <leafValues>
        -2.3439081851392984e-03 9.6788012981414795e-01</leafValues></_>
    <_>
      <internalNodes>
        0 -1 38068 1.2567330896854401e-01</internalNodes>
      <leafValues>
        1.0138517245650291e-03 -9.2223376035690308e-01</leafValues></_>
    <_>
      <internalNodes>
        0 -1 32259 1.3079866766929626e-01</internalNodes>
      <leafValues>
        -5.4473294876515865e-03 9.5493054389953613e-01</leafValues></_>
    <_>
      <internalNodes>
        0 -1 38058 1.1228914558887482e-01</internalNodes>
      <leafValues>
        1.8980919849127531e-03 -9.2283982038497925e-01</leafValues></_>
    <_>
      <internalNodes>
        0 -1 43451 1.0737412422895432e-01</internalNodes>
      <leafValues>
        -1.5832029748708010e-03 9.6456134319305420e-01</leafValues></_>
    <_>
      <internalNodes>
        0 -1 43451 1.0631988942623138e-01</internalNodes>
      <leafValues>
        6.5572136081755161e-03 -9.6125346422195435e-01</leafValues></_>
    <_>
      <internalNodes>
        0 -1 38058 1.2052366137504578e-01</internalNodes>
      <leafValues>
        -3.6103262100368738e-03 9.8709332942962646e-01</leafValues></_>
    <_>
      <internalNodes>
        0 -1 38058 1.2086993455886841e-01</internalNodes>
      <leafValues>
        3.5949018783867359e-03 -1.</leafValues></_>
    <_>
      <internalNodes>
        0 -1 38068 1.2759524583816528e-01</internalNodes>
      <leafValues>
        -4.8576490953564644e-03 9.8127770423889160e-01</leafValues></_>
    <_>
      <internalNodes>
        0 -1 38068 1.2716582417488098e-01</internalNodes>
      <leafValues>
        5.6625460274517536e-03 -1.</leafValues></_>
    <_>
      <internalNodes>
        0 -1 38068 1.2222603708505630e-01</internalNodes>
      <leafValues>
        -5.6149135343730450e-03 9.7649484872817993e-01</leafValues></_>
    <_>
      <internalNodes>
        0 -1 38068 1.2211479991674423e-01</internalNodes>
      <leafValues>
        3.6644318606704473e-03 -9.6904963254928589e-01</leafValues></_>
    <_>
      <internalNodes>
        0 -1 38058 1.1208450794219971e-01</internalNodes>
      <leafValues>
        -3.9915097877383232e-03 9.8185563087463379e-01</leafValues></_>
    <_>
      <internalNodes>
        0 -1 38058 1.1158317327499390e-01</internalNodes>
      <leafValues>
        2.6940486859530210e-03 -9.8089593648910522e-01</leafValues></_>
    <_>
      <internalNodes>
        0 -1 38058 1.1123989522457123e-01</internalNodes>
      <leafValues>
        -2.8815953992307186e-03 9.8190134763717651e-01</leafValues></_>
    <_>
      <internalNodes>
        0 -1 38058 1.1062002182006836e-01</internalNodes>
      <leafValues>
        2.7043009176850319e-03 -9.8112404346466064e-01</leafValues></_>
    <_>
      <internalNodes>
        0 -1 38058 1.1048427224159241e-01</internalNodes>
      <leafValues>
        -2.3576016537845135e-03 9.8197782039642334e-01</leafValues></_>
    <_>
      <internalNodes>
        0 -1 38058 1.1035378277301788e-01</internalNodes>
      <leafValues>
        2.7002485003322363e-03 -9.8134016990661621e-01</leafValues></_>
    <_>
      <internalNodes>
        0 -1 38058 1.1033993959426880e-01</internalNodes>
      <leafValues>
        -2.3592158686369658e-03 9.8195505142211914e-01</leafValues></_>
    <_>
      <internalNodes>
        0 -1 38058 1.1028686165809631e-01</internalNodes>
      <leafValues>
        2.3602410219609737e-03 -9.8145359754562378e-01</leafValues></_>
    <_>
      <internalNodes>
        0 -1 38058 1.0796718299388885e-01</internalNodes>
      <leafValues>
        -2.7048985939472914e-03 9.8198848962783813e-01</leafValues></_>
    <_>
      <internalNodes>
        0 -1 38058 1.0759462416172028e-01</internalNodes>
      <leafValues>
        2.3708632215857506e-03 -9.7275847196578979e-01</leafValues></_>
    <_>
      <internalNodes>
        0 -1 38058 1.0751302540302277e-01</internalNodes>
      <leafValues>
        -2.0285637583583593e-03 9.8160415887832642e-01</leafValues></_>
    <_>
      <internalNodes>
        0 -1 38058 1.0659430921077728e-01</internalNodes>
      <leafValues>
        3.0203557107597589e-03 -1.</leafValues></_>
    <_>
      <internalNodes>
        0 -1 38058 1.0563930869102478e-01</internalNodes>
      <leafValues>
        -2.6773428544402122e-03 9.8256015777587891e-01</leafValues></_>
    <_>
      <internalNodes>
        0 -1 38058 1.0450860857963562e-01</internalNodes>
      <leafValues>
        2.6917133945971727e-03 -9.6400415897369385e-01</leafValues></_>
    <_>
      <internalNodes>
        0 -1 38058 1.0389057546854019e-01</internalNodes>
      <leafValues>
        -3.5690367221832275e-03 9.8183530569076538e-01</leafValues></_>
    <_>
      <internalNodes>
        0 -1 38058 1.0446234047412872e-01</internalNodes>
      <leafValues>
        2.3361509665846825e-03 -9.8241001367568970e-01</leafValues></_>
    <_>
      <internalNodes>
        0 -1 38058 1.0567860305309296e-01</internalNodes>
      <leafValues>
        -2.3361619096249342e-03 9.8161929845809937e-01</leafValues></_>
    <_>
      <internalNodes>
        0 -1 38058 1.0562883317470551e-01</internalNodes>
      <leafValues>
        2.3361619096249342e-03 -9.8221355676651001e-01</leafValues></_>
    <_>
      <internalNodes>
        0 -1 38058 1.0567860305309296e-01</internalNodes>
      <leafValues>
        -2.3361619096249342e-03 9.8164093494415283e-01</leafValues></_>
    <_>
      <internalNodes>
        0 -1 38058 1.0562883317470551e-01</internalNodes>
      <leafValues>
        2.3361619096249342e-03 -9.8219335079193115e-01</leafValues></_>
    <_>
      <internalNodes>
        0 -1 38058 1.0567860305309296e-01</internalNodes>
      <leafValues>
        -2.3361619096249342e-03 9.8166102170944214e-01</leafValues></_>
    <_>
      <internalNodes>
        0 -1 38058 1.0562883317470551e-01</internalNodes>
      <leafValues>
        2.3361619096249342e-03 -9.8217451572418213e-01</leafValues></_>
    <_>
      <internalNodes>
        0 -1 38058 1.0567860305309296e-01</internalNodes>
      <leafValues>
        -2.3361619096249342e-03 9.8167967796325684e-01</leafValues></_>
    <_>
      <internalNodes>
        0 -1 38058 1.0562883317470551e-01</internalNodes>
      <leafValues>
        2.3361619096249342e-03 -9.8215705156326294e-01</leafValues></_>
    <_>
      <internalNodes>
        0 -1 38058 1.0567860305309296e-01</internalNodes>
      <leafValues>
        -2.3361619096249342e-03 9.8169696331024170e-01</leafValues></_>
    <_>
      <internalNodes>
        0 -1 38058 1.0562883317470551e-01</internalNodes>
      <leafValues>
        2.3361619096249342e-03 -9.8214077949523926e-01</leafValues></_>
    <_>
      <internalNodes>
        0 -1 38058 1.0567860305309296e-01</internalNodes>
      <leafValues>
        -2.3361619096249342e-03 9.8171305656433105e-01</leafValues></_>
    <_>
      <internalNodes>
        0 -1 38058 1.0562883317470551e-01</internalNodes>
      <leafValues>
        2.3361619096249342e-03 -9.8212563991546631e-01</leafValues></_>
    <_>
      <internalNodes>
        0 -1 38058 1.0567860305309296e-01</internalNodes>
      <leafValues>
        -2.3361619096249342e-03 9.8172801733016968e-01</leafValues></_>
    <_>
      <internalNodes>
        0 -1 38058 1.0562883317470551e-01</internalNodes>
      <leafValues>
        2.3361619096249342e-03 -9.8211151361465454e-01</leafValues></_>
    <_>
      <internalNodes>
        0 -1 38058 1.0567860305309296e-01</internalNodes>
      <leafValues>
        -2.3361619096249342e-03 9.8174190521240234e-01</leafValues></_>
    <_>
      <internalNodes>
        0 -1 38058 1.0562883317470551e-01</internalNodes>
      <leafValues>
        2.3361619096249342e-03 -9.7328877449035645e-01</leafValues></_>
    <_>
      <internalNodes>
        0 -1 38058 1.0738165676593781e-01</internalNodes>
      <leafValues>
        -2.3361619096249342e-03 9.8137998580932617e-01</leafValues></_>
    <_>
      <internalNodes>
        0 -1 38058 1.0678958892822266e-01</internalNodes>
      <leafValues>
        2.9951885808259249e-03 -9.8229992389678955e-01</leafValues></_>
    <_>
      <internalNodes>
        0 -1 38058 1.0738165676593781e-01</internalNodes>
      <leafValues>
        -2.9951839242130518e-03 9.8141390085220337e-01</leafValues></_>
    <_>
      <internalNodes>
        0 -1 38058 1.0678958892822266e-01</internalNodes>
      <leafValues>
        2.9951839242130518e-03 -9.8226881027221680e-01</leafValues></_>
    <_>
      <internalNodes>
        0 -1 38058 1.0738165676593781e-01</internalNodes>
      <leafValues>
        -2.9951839242130518e-03 9.8144537210464478e-01</leafValues></_>
    <_>
      <internalNodes>
        0 -1 38058 1.0678958892822266e-01</internalNodes>
      <leafValues>
        2.9951839242130518e-03 -9.8223984241485596e-01</leafValues></_>
    <_>
      <internalNodes>
        0 -1 38058 1.0738165676593781e-01</internalNodes>
      <leafValues>
        -2.9951839242130518e-03 9.8147451877593994e-01</leafValues></_>
    <_>
      <internalNodes>
        0 -1 38058 1.0678958892822266e-01</internalNodes>
      <leafValues>
        2.9951839242130518e-03 -9.8221290111541748e-01</leafValues></_>
    <_>
      <internalNodes>
        0 -1 38058 1.0738165676593781e-01</internalNodes>
      <leafValues>
        -2.9951839242130518e-03 9.8150163888931274e-01</leafValues></_>
    <_>
      <internalNodes>
        0 -1 38058 1.0678958892822266e-01</internalNodes>
      <leafValues>
        2.9951839242130518e-03 -9.8218774795532227e-01</leafValues></_>
    <_>
      <internalNodes>
        0 -1 38058 1.0738165676593781e-01</internalNodes>
      <leafValues>
        -2.9951839242130518e-03 9.8152673244476318e-01</leafValues></_>
    <_>
      <internalNodes>
        0 -1 38058 1.0678958892822266e-01</internalNodes>
      <leafValues>
        2.9951839242130518e-03 -9.8216444253921509e-01</leafValues></_></weakClassifiers></stage27>
</opencv_storage>
