<?xml version="1.0"?>
<opencv_storage>
<stage20>
  <maxWeakCount>85</maxWeakCount>
  <stageThreshold>-1.1025006771087646e+00</stageThreshold>
  <weakClassifiers>
    <_>
      <internalNodes>
        0 -1 38634 2.5685481727123260e-02</internalNodes>
      <leafValues>
        -5.3654745221138000e-02 4.0821257233619690e-01</leafValues></_>
    <_>
      <internalNodes>
        0 -1 57986 1.9961479119956493e-03</internalNodes>
      <leafValues>
        -1.1483691632747650e-01 2.6067554950714111e-01</leafValues></_>
    <_>
      <internalNodes>
        0 -1 48981 -2.8511713026091456e-04</internalNodes>
      <leafValues>
        2.0376762747764587e-01 -1.9592432677745819e-01</leafValues></_>
    <_>
      <internalNodes>
        0 -1 73199 1.8084145849570632e-03</internalNodes>
      <leafValues>
        -1.6198047995567322e-01 1.9810079038143158e-01</leafValues></_>
    <_>
      <internalNodes>
        0 -1 72856 -2.9331143014132977e-04</internalNodes>
      <leafValues>
        2.1949525177478790e-01 -1.7756544053554535e-01</leafValues></_>
    <_>
      <internalNodes>
        0 -1 23193 5.2406139671802521e-02</internalNodes>
      <leafValues>
        9.1280408203601837e-02 -4.5443695783615112e-01</leafValues></_>
    <_>
      <internalNodes>
        0 -1 72396 3.9601949974894524e-03</internalNodes>
      <leafValues>
        -7.4220374226570129e-02 3.2124224305152893e-01</leafValues></_>
    <_>
      <internalNodes>
        0 -1 62744 -1.0321571025997400e-03</internalNodes>
      <leafValues>
        -2.0775777101516724e-01 1.1017104238271713e-01</leafValues></_>
    <_>
      <internalNodes>
        0 -1 58603 1.2493971735239029e-03</internalNodes>
      <leafValues>
        -1.3546487689018250e-01 1.7206017673015594e-01</leafValues></_>
    <_>
      <internalNodes>
        0 -1 72824 -1.7915506614372134e-03</internalNodes>
      <leafValues>
        2.3070625960826874e-01 -1.0428248345851898e-01</leafValues></_>
    <_>
      <internalNodes>
        0 -1 13615 2.9894206672906876e-03</internalNodes>
      <leafValues>
        -4.8182360827922821e-02 3.5301554203033447e-01</leafValues></_>
    <_>
      <internalNodes>
        0 -1 65265 9.3067940324544907e-03</internalNodes>
      <leafValues>
        -1.0953996330499649e-01 2.2785435616970062e-01</leafValues></_>
    <_>
      <internalNodes>
        0 -1 75812 1.2504583597183228e-01</internalNodes>
      <leafValues>
        5.7464119046926498e-02 -6.4244103431701660e-01</leafValues></_>
    <_>
      <internalNodes>
        0 -1 77536 3.9887141610961407e-05</internalNodes>
      <leafValues>
        -1.9447158277034760e-01 1.1189264059066772e-01</leafValues></_>
    <_>
      <internalNodes>
        0 -1 47813 1.1919120326638222e-02</internalNodes>
      <leafValues>
        -5.7626292109489441e-02 3.3935689926147461e-01</leafValues></_>
    <_>
      <internalNodes>
        0 -1 47304 -2.5721242651343346e-02</internalNodes>
      <leafValues>
        5.3206813335418701e-01 -4.4802743941545486e-02</leafValues></_>
    <_>
      <internalNodes>
        0 -1 3081 -1.0648369789123535e-03</internalNodes>
      <leafValues>
        1.6532851755619049e-01 -1.1264380067586899e-01</leafValues></_>
    <_>
      <internalNodes>
        0 -1 47418 -3.7067413330078125e-02</internalNodes>
      <leafValues>
        -3.1187862157821655e-01 6.5510481595993042e-02</leafValues></_>
    <_>
      <internalNodes>
        0 -1 46625 2.7072861790657043e-02</internalNodes>
      <leafValues>
        6.6018000245094299e-02 -2.7604055404663086e-01</leafValues></_>
    <_>
      <internalNodes>
        0 -1 7991 -2.6951193809509277e-01</internalNodes>
      <leafValues>
        -5.7393372058868408e-01 3.7611704319715500e-02</leafValues></_>
    <_>
      <internalNodes>
        0 -1 21683 -4.1012139263330027e-05</internalNodes>
      <leafValues>
        1.1634605377912521e-01 -1.4960873126983643e-01</leafValues></_>
    <_>
      <internalNodes>
        0 -1 27271 4.3262629333185032e-05</internalNodes>
      <leafValues>
        -1.2432197481393814e-01 1.5813083946704865e-01</leafValues></_>
    <_>
      <internalNodes>
        0 -1 71591 7.1109896525740623e-03</internalNodes>
      <leafValues>
        -3.0815444886684418e-02 4.1685551404953003e-01</leafValues></_>
    <_>
      <internalNodes>
        0 -1 61598 -9.9759086966514587e-02</internalNodes>
      <leafValues>
        3.9495354890823364e-01 -4.4778019189834595e-02</leafValues></_>
    <_>
      <internalNodes>
        0 -1 52978 -2.6401983574032784e-02</internalNodes>
      <leafValues>
        5.1882773637771606e-01 -3.5263195633888245e-02</leafValues></_>
    <_>
      <internalNodes>
        0 -1 33437 6.5053103026002645e-04</internalNodes>
      <leafValues>
        -1.5030102431774139e-01 1.2124355882406235e-01</leafValues></_>
    <_>
      <internalNodes>
        0 -1 39994 -2.1190964616835117e-03</internalNodes>
      <leafValues>
        -2.1002343297004700e-01 9.1709539294242859e-02</leafValues></_>
    <_>
      <internalNodes>
        0 -1 20332 2.5722524151206017e-03</internalNodes>
      <leafValues>
        -7.3843255639076233e-02 2.3664818704128265e-01</leafValues></_>
    <_>
      <internalNodes>
        0 -1 20382 7.9396646469831467e-05</internalNodes>
      <leafValues>
        -1.0898266732692719e-01 1.4132794737815857e-01</leafValues></_>
    <_>
      <internalNodes>
        0 -1 76298 8.2364422269165516e-04</internalNodes>
      <leafValues>
        -9.3768388032913208e-02 1.7573256790637970e-01</leafValues></_>
    <_>
      <internalNodes>
        0 -1 73986 -4.1550461901351810e-05</internalNodes>
      <leafValues>
        1.4045459032058716e-01 -1.1667760461568832e-01</leafValues></_>
    <_>
      <internalNodes>
        0 -1 76532 -9.2296265065670013e-03</internalNodes>
      <leafValues>
        3.6661893129348755e-01 -4.5106478035449982e-02</leafValues></_>
    <_>
      <internalNodes>
        0 -1 77141 -1.5986686048563570e-04</internalNodes>
      <leafValues>
        1.3119144737720490e-01 -1.1891797930002213e-01</leafValues></_>
    <_>
      <internalNodes>
        0 -1 78345 -3.4535452723503113e-03</internalNodes>
      <leafValues>
        -2.9900386929512024e-01 5.0850294530391693e-02</leafValues></_>
    <_>
      <internalNodes>
        0 -1 76367 5.5185174569487572e-03</internalNodes>
      <leafValues>
        -5.7720962911844254e-02 2.7268967032432556e-01</leafValues></_>
    <_>
      <internalNodes>
        0 -1 78104 5.6126326322555542e-02</internalNodes>
      <leafValues>
        3.5845201462507248e-02 -4.7798499464988708e-01</leafValues></_>
    <_>
      <internalNodes>
        0 -1 68718 -1.0255214292556047e-03</internalNodes>
      <leafValues>
        -2.0054811239242554e-01 7.6276428997516632e-02</leafValues></_>
    <_>
      <internalNodes>
        0 -1 73591 -9.0091954916715622e-04</internalNodes>
      <leafValues>
        -1.7668710649013519e-01 8.8630139827728271e-02</leafValues></_>
    <_>
      <internalNodes>
        0 -1 34735 5.7115399837493896e-01</internalNodes>
      <leafValues>
        1.4826947823166847e-02 -9.6027708053588867e-01</leafValues></_>
    <_>
      <internalNodes>
        0 -1 10452 -1.1766589432954788e-01</internalNodes>
      <leafValues>
        -7.1401137113571167e-01 1.7686428502202034e-02</leafValues></_>
    <_>
      <internalNodes>
        0 -1 56170 -6.3018031418323517e-02</internalNodes>
      <leafValues>
        -2.9173102974891663e-01 5.3701575845479965e-02</leafValues></_>
    <_>
      <internalNodes>
        0 -1 43865 1.2987763620913029e-02</internalNodes>
      <leafValues>
        6.0486920177936554e-02 -2.8228026628494263e-01</leafValues></_>
    <_>
      <internalNodes>
        0 -1 29210 -5.7493755593895912e-04</internalNodes>
      <leafValues>
        1.7148913443088531e-01 -9.6421390771865845e-02</leafValues></_>
    <_>
      <internalNodes>
        0 -1 27671 -3.0787877039983869e-04</internalNodes>
      <leafValues>
        1.2230431288480759e-01 -1.4106780290603638e-01</leafValues></_>
    <_>
      <internalNodes>
        0 -1 3714 3.5303789377212524e-01</internalNodes>
      <leafValues>
        -2.3046592250466347e-02 7.6472747325897217e-01</leafValues></_>
    <_>
      <internalNodes>
        0 -1 53516 -3.1093329191207886e-02</internalNodes>
      <leafValues>
        4.8350822925567627e-01 -2.5926358997821808e-02</leafValues></_>
    <_>
      <internalNodes>
        0 -1 63871 -1.3240984641015530e-02</internalNodes>
      <leafValues>
        6.9045740365982056e-01 -2.0937537774443626e-02</leafValues></_>
    <_>
      <internalNodes>
        0 -1 65134 7.2819620370864868e-02</internalNodes>
      <leafValues>
        3.0061176046729088e-02 -5.9775227308273315e-01</leafValues></_>
    <_>
      <internalNodes>
        0 -1 77457 -2.0068990997970104e-03</internalNodes>
      <leafValues>
        2.9473879933357239e-01 -5.5998425930738449e-02</leafValues></_>
    <_>
      <internalNodes>
        0 -1 46908 -7.7506955713033676e-03</internalNodes>
      <leafValues>
        -3.6210745573043823e-01 4.8448327928781509e-02</leafValues></_>
    <_>
      <internalNodes>
        0 -1 10835 1.8498470308259130e-04</internalNodes>
      <leafValues>
        -1.2772344052791595e-01 1.3024827837944031e-01</leafValues></_>
    <_>
      <internalNodes>
        0 -1 4388 4.0686973079573363e-05</internalNodes>
      <leafValues>
        -1.1309333145618439e-01 1.6497272253036499e-01</leafValues></_>
    <_>
      <internalNodes>
        0 -1 61228 -9.8640918731689453e-03</internalNodes>
      <leafValues>
        3.0934843420982361e-01 -5.3306974470615387e-02</leafValues></_>
    <_>
      <internalNodes>
        0 -1 9601 -7.2948809247463942e-04</internalNodes>
      <leafValues>
        -2.3074147105216980e-01 6.7064456641674042e-02</leafValues></_>
    <_>
      <internalNodes>
        0 -1 5304 -3.3491809153929353e-04</internalNodes>
      <leafValues>
        1.5176783502101898e-01 -1.1412063241004944e-01</leafValues></_>
    <_>
      <internalNodes>
        0 -1 76015 -1.4624232426285744e-02</internalNodes>
      <leafValues>
        -2.7799561619758606e-01 5.8945976197719574e-02</leafValues></_>
    <_>
      <internalNodes>
        0 -1 57820 7.5081782415509224e-04</internalNodes>
      <leafValues>
        -1.1277692764997482e-01 1.5917548537254333e-01</leafValues></_>
    <_>
      <internalNodes>
        0 -1 73336 2.5036870501935482e-03</internalNodes>
      <leafValues>
        -8.6013801395893097e-02 1.8437798321247101e-01</leafValues></_>
    <_>
      <internalNodes>
        0 -1 77586 8.9979748008772731e-04</internalNodes>
      <leafValues>
        -1.3390643894672394e-01 1.2993806600570679e-01</leafValues></_>
    <_>
      <internalNodes>
        0 -1 43539 4.5522800646722317e-03</internalNodes>
      <leafValues>
        -1.8898179754614830e-02 7.5976878404617310e-01</leafValues></_>
    <_>
      <internalNodes>
        0 -1 67373 8.9830402284860611e-03</internalNodes>
      <leafValues>
        3.0651403591036797e-02 -6.3716495037078857e-01</leafValues></_>
    <_>
      <internalNodes>
        0 -1 17320 9.1090623755007982e-04</internalNodes>
      <leafValues>
        -9.4554513692855835e-02 1.6497170925140381e-01</leafValues></_>
    <_>
      <internalNodes>
        0 -1 70443 3.7771576899103820e-05</internalNodes>
      <leafValues>
        -1.0742136090993881e-01 1.3899931311607361e-01</leafValues></_>
    <_>
      <internalNodes>
        0 -1 30033 -4.3038539588451385e-03</internalNodes>
      <leafValues>
        1.2341987341642380e-01 -1.2025485932826996e-01</leafValues></_>
    <_>
      <internalNodes>
        0 -1 45551 4.0294714272022247e-03</internalNodes>
      <leafValues>
        9.7352869808673859e-02 -1.7905931174755096e-01</leafValues></_>
    <_>
      <internalNodes>
        0 -1 50323 2.6592567563056946e-02</internalNodes>
      <leafValues>
        -2.7027148753404617e-02 6.3076823949813843e-01</leafValues></_>
    <_>
      <internalNodes>
        0 -1 57520 -1.6384936869144440e-02</internalNodes>
      <leafValues>
        4.8385313153266907e-01 -3.0323665589094162e-02</leafValues></_>
    <_>
      <internalNodes>
        0 -1 51709 2.1547075361013412e-02</internalNodes>
      <leafValues>
        4.0612027049064636e-02 -4.0443176031112671e-01</leafValues></_>
    <_>
      <internalNodes>
        0 -1 33821 -5.4109971970319748e-03</internalNodes>
      <leafValues>
        3.8459774851799011e-01 -4.4874452054500580e-02</leafValues></_>
    <_>
      <internalNodes>
        0 -1 74485 5.6595890782773495e-04</internalNodes>
      <leafValues>
        -8.6542770266532898e-02 1.7602050304412842e-01</leafValues></_>
    <_>
      <internalNodes>
        0 -1 77391 1.0910920100286603e-03</internalNodes>
      <leafValues>
        7.3005191981792450e-02 -2.0958107709884644e-01</leafValues></_>
    <_>
      <internalNodes>
        0 -1 78108 -4.0526574593968689e-05</internalNodes>
      <leafValues>
        1.4402061700820923e-01 -1.1830876022577286e-01</leafValues></_>
    <_>
      <internalNodes>
        0 -1 50545 5.3683156147599220e-03</internalNodes>
      <leafValues>
        -5.6569281965494156e-02 2.6073399186134338e-01</leafValues></_>
    <_>
      <internalNodes>
        0 -1 27230 -8.1883892416954041e-02</internalNodes>
      <leafValues>
        4.5129412412643433e-01 -3.2783776521682739e-02</leafValues></_>
    <_>
      <internalNodes>
        0 -1 38134 -3.9728634874336421e-05</internalNodes>
      <leafValues>
        1.1576182395219803e-01 -1.4197991788387299e-01</leafValues></_>
    <_>
      <internalNodes>
        0 -1 58132 5.3002359345555305e-03</internalNodes>
      <leafValues>
        -6.9611601531505585e-02 2.2501859068870544e-01</leafValues></_>
    <_>
      <internalNodes>
        0 -1 53866 -6.4191909041255713e-04</internalNodes>
      <leafValues>
        -2.8508076071739197e-01 5.6029200553894043e-02</leafValues></_>
    <_>
      <internalNodes>
        0 -1 49025 -2.4915635585784912e-03</internalNodes>
      <leafValues>
        1.6088610887527466e-01 -1.2253481894731522e-01</leafValues></_>
    <_>
      <internalNodes>
        0 -1 53866 2.3952801711857319e-04</internalNodes>
      <leafValues>
        8.4988586604595184e-02 -2.0966365933418274e-01</leafValues></_>
    <_>
      <internalNodes>
        0 -1 77657 3.8166639569681138e-05</internalNodes>
      <leafValues>
        -1.3412627577781677e-01 1.2561586499214172e-01</leafValues></_>
    <_>
      <internalNodes>
        0 -1 20597 -1.9648605957627296e-02</internalNodes>
      <leafValues>
        3.3382394909858704e-01 -4.6759139746427536e-02</leafValues></_>
    <_>
      <internalNodes>
        0 -1 76594 -2.1857902174815536e-04</internalNodes>
      <leafValues>
        1.6340117156505585e-01 -9.2640347778797150e-02</leafValues></_>
    <_>
      <internalNodes>
        0 -1 78413 -1.7118502873927355e-03</internalNodes>
      <leafValues>
        -3.7598165869712830e-01 4.2604979127645493e-02</leafValues></_>
    <_>
      <internalNodes>
        0 -1 36972 1.8479816615581512e-02</internalNodes>
      <leafValues>
        -5.4297901690006256e-02 3.1852594017982483e-01</leafValues></_>
    <_>
      <internalNodes>
        0 -1 76700 1.5193631406873465e-03</internalNodes>
      <leafValues>
        -1.2335264682769775e-01 1.3827335834503174e-01</leafValues></_></weakClassifiers></stage20>
</opencv_storage>
